Loading plugins phase: Elapsed time ==> 0s.352ms
<CYPRESSTAG name="CyDsfit arguments...">
cydsfit arguments: -.fdsnotice -.fdswarpdepfile=warp_dependencies.txt -.fdselabdepfile=elab_dependencies.txt -.fdsbldfile=generated_files.txt -.fdsreffile=referenced_files.txt -p C:\Users\UCA-Master\Documents\PSoC Creator\ADC_SensordeAgua\Agua.cydsn\Agua.cyprj -d CY8C5888LTI-LP097 -s C:\Users\UCA-Master\Documents\PSoC Creator\ADC_SensordeAgua\Agua.cydsn\Generated_Source\PSoC5 -- -yv2 -q10 -ygs -o2 -v3 -.fftcfgtype=LE
</CYPRESSTAG>
<CYPRESSTAG name="Design elaboration results...">
ADD: sdb.M0065: information: Analog terminal "vdac_ref" on ADC_SAR_SEQ_v2_10 is unconnected.
 * C:\Program Files (x86)\Cypress\PSoC Creator\4.4\PSoC Creator\psoc\content\CyComponentLibrary\CyComponentLibrary.cylib\ADC_SAR_SEQ_v2_10\PSoC5\ADC_SAR_SEQ_v2_10.cysch (Signal: vdac_ref)
 * C:\Program Files (x86)\Cypress\PSoC Creator\4.4\PSoC Creator\psoc\content\CyComponentLibrary\CyComponentLibrary.cylib\ADC_SAR_SEQ_v2_10\PSoC5\ADC_SAR_SEQ_v2_10.cysch (Shape_798)
 * C:\Program Files (x86)\Cypress\PSoC Creator\4.4\PSoC Creator\psoc\content\CyComponentLibrary\CyComponentLibrary.cylib\ADC_SAR_SEQ_v2_10\PSoC5\ADC_SAR_SEQ_v2_10.cysch (Shape_885)

</CYPRESSTAG>
Elaboration phase: Elapsed time ==> 2s.714ms
<CYPRESSTAG name="HDL generation results...">
</CYPRESSTAG>
HDL generation phase: Elapsed time ==> 0s.076ms
<CYPRESSTAG name="Synthesis results...">

     | | | | | | |
   _________________
  -|               |-
  -|               |-
  -|               |-
  -|    CYPRESS    |-
  -|               |-
  -|               |-   Warp Verilog Synthesis Compiler: Version 6.3 IR 41
  -|               |-   Copyright (C) 1991-2001 Cypress Semiconductor
   |_______________|
     | | | | | | |

======================================================================
Compiling:  Agua.v
Program  :   C:\Program Files (x86)\Cypress\PSoC Creator\4.4\PSoC Creator\warp\bin\warp.exe
Options  :    -yv2 -q10 -ygs -o2 -v3 -.fftcfgtype=LE -ya -.fftprj=C:\Users\UCA-Master\Documents\PSoC Creator\ADC_SensordeAgua\Agua.cydsn\Agua.cyprj -dcpsoc3 Agua.v -verilog
======================================================================

======================================================================
Compiling:  Agua.v
Program  :   C:\Program Files (x86)\Cypress\PSoC Creator\4.4\PSoC Creator\warp\bin\warp.exe
Options  :    -yv2 -q10 -ygs -o2 -v3 -.fftcfgtype=LE -ya -.fftprj=C:\Users\UCA-Master\Documents\PSoC Creator\ADC_SensordeAgua\Agua.cydsn\Agua.cyprj -dcpsoc3 Agua.v -verilog
======================================================================

======================================================================
Compiling:  Agua.v
Program  :   vlogfe
Options  :    -yv2 -q10 -ygs -o2 -v3 -.fftcfgtype=LE -ya -.fftprj=C:\Users\UCA-Master\Documents\PSoC Creator\ADC_SensordeAgua\Agua.cydsn\Agua.cyprj -dcpsoc3 -verilog Agua.v
======================================================================

vlogfe V6.3 IR 41:  Verilog parser
Sun Nov 24 15:24:42 2024


======================================================================
Compiling:  Agua.v
Program  :   vpp
Options  :    -yv2 -q10 Agua.v
======================================================================

vpp V6.3 IR 41:  Verilog Pre-Processor
Sun Nov 24 15:24:42 2024

Flattening file 'C:\Program Files (x86)\Cypress\PSoC Creator\4.4\PSoC Creator\psoc\content\CyPrimitives\cyprimitives.cylib\cy_virtualmux_v1_0\cy_virtualmux_v1_0.v'
Flattening file 'C:\Program Files (x86)\Cypress\PSoC Creator\4.4\PSoC Creator\psoc\content\CyComponentLibrary\CyComponentLibrary.cylib\B_UART_v2_50\B_UART_v2_50.v'
Flattening file 'C:\Program Files (x86)\Cypress\PSoC Creator\4.4\PSoC Creator\warp\lib\common\cypress.v'
Flattening file 'C:\Program Files (x86)\Cypress\PSoC Creator\4.4\PSoC Creator\warp\lib\common\cy_psoc3_inc.v'
Flattening file 'C:\Program Files (x86)\Cypress\PSoC Creator\4.4\PSoC Creator\psoc\content\CyComponentLibrary\CyComponentLibrary.cylib\ADC_AMUX_v2_0\ADC_AMUX_v2_0.v'
Flattening file 'C:\Program Files (x86)\Cypress\PSoC Creator\4.4\PSoC Creator\warp\lib\common\cypress.v'
Flattening file 'C:\Program Files (x86)\Cypress\PSoC Creator\4.4\PSoC Creator\psoc\content\CyPrimitives\cyprimitives.cylib\cy_analog_virtualmux_v1_0\cy_analog_virtualmux_v1_0.v'
Flattening file 'C:\Program Files (x86)\Cypress\PSoC Creator\4.4\PSoC Creator\psoc\content\CyPrimitives\cyprimitives.cylib\ZeroTerminal\ZeroTerminal.v'
Flattening file 'C:\Program Files (x86)\Cypress\PSoC Creator\4.4\PSoC Creator\psoc\content\CyPrimitives\cyprimitives.cylib\cy_vref_v1_70\cy_vref_v1_70.v'
Flattening file 'C:\Program Files (x86)\Cypress\PSoC Creator\4.4\PSoC Creator\psoc\content\CyPrimitives\cyprimitives.cylib\or_v1_0\or_v1_0.v'
Flattening file 'C:\Program Files (x86)\Cypress\PSoC Creator\4.4\PSoC Creator\psoc\content\CyPrimitives\cyprimitives.cylib\cy_constant_v1_0\cy_constant_v1_0.v'
Flattening file 'C:\Program Files (x86)\Cypress\PSoC Creator\4.4\PSoC Creator\psoc\content\CyComponentLibrary\CyComponentLibrary.cylib\bADC_SAR_SEQ_v2_0\bADC_SAR_SEQ_v2_0.v'
Flattening file 'C:\Program Files (x86)\Cypress\PSoC Creator\4.4\PSoC Creator\warp\lib\common\cypress.v'
Flattening file 'C:\Program Files (x86)\Cypress\PSoC Creator\4.4\PSoC Creator\psoc\content\CyPrimitives\cyprimitives.cylib\cy_sync_v1_0\cy_sync_v1_0.v'
Flattening file 'C:\Program Files (x86)\Cypress\PSoC Creator\4.4\PSoC Creator\warp\lib\common\cypress.v'
Flattening file 'C:\Program Files (x86)\Cypress\PSoC Creator\4.4\PSoC Creator\psoc\content\CyComponentLibrary\CyComponentLibrary.cylib\B_PWM_v3_30\B_PWM_v3_30.v'
Flattening file 'C:\Program Files (x86)\Cypress\PSoC Creator\4.4\PSoC Creator\warp\lib\common\cypress.v'
Flattening file 'C:\Program Files (x86)\Cypress\PSoC Creator\4.4\PSoC Creator\psoc\content\CyPrimitives\cyprimitives.cylib\OneTerminal\OneTerminal.v'
Flattening file 'C:\Program Files (x86)\Cypress\PSoC Creator\4.4\PSoC Creator\psoc\content\CyPrimitives\cyprimitives.cylib\CyControlReg_v1_80\CyControlReg_v1_80.v'
Flattening file 'C:\Program Files (x86)\Cypress\PSoC Creator\4.4\PSoC Creator\warp\lib\common\cypress.v'

vpp:  No errors.

Library 'work' => directory 'lcpsoc3'
General_symbol_table
General_symbol_table
Linking 'C:\Program Files (x86)\Cypress\PSoC Creator\4.4\PSoC Creator\warp\lib\common\std.vhd'.
Linking 'C:\Program Files (x86)\Cypress\PSoC Creator\4.4\PSoC Creator\warp\lib\common\cypress.vhd'.
Linking 'C:\Program Files (x86)\Cypress\PSoC Creator\4.4\PSoC Creator\warp\lib\common\work\cypress.vif'.
Linking 'C:\Program Files (x86)\Cypress\PSoC Creator\4.4\PSoC Creator\warp\lib\ieee\work\stdlogic.vif'.
Linking 'C:\Program Files (x86)\Cypress\PSoC Creator\4.4\PSoC Creator\warp\lib\common\stdlogic\lpmpkg.vif'.
Linking 'C:\Program Files (x86)\Cypress\PSoC Creator\4.4\PSoC Creator\warp\lib\common\stdlogic\rtlpkg.vif'.
Linking 'C:\Program Files (x86)\Cypress\PSoC Creator\4.4\PSoC Creator\warp\lib\common\stdlogic\mod_cnst.vif'.
Linking 'C:\Program Files (x86)\Cypress\PSoC Creator\4.4\PSoC Creator\warp\lib\common\stdlogic\mod_mthv.vif'.
Linking 'C:\Program Files (x86)\Cypress\PSoC Creator\4.4\PSoC Creator\warp\lib\common\stdlogic\mod_genv.vif'.
Using control file 'Agua.ctl'.
C:\Program Files (x86)\Cypress\PSoC Creator\4.4\PSoC Creator\psoc\content\CyComponentLibrary\CyComponentLibrary.cylib\B_UART_v2_50\B_UART_v2_50.v (line 1113, col 55):  Note: Substituting module 'add_vv_vv' for '+'.
C:\Program Files (x86)\Cypress\PSoC Creator\4.4\PSoC Creator\psoc\content\CyComponentLibrary\CyComponentLibrary.cylib\B_UART_v2_50\B_UART_v2_50.v (line 1122, col 48):  Note: Substituting module 'cmp_vv_vv' for '<'.
C:\Program Files (x86)\Cypress\PSoC Creator\4.4\PSoC Creator\psoc\content\CyComponentLibrary\CyComponentLibrary.cylib\B_UART_v2_50\B_UART_v2_50.v (line 1122, col 77):  Note: Substituting module 'cmp_vv_vv' for '<'.
C:\Program Files (x86)\Cypress\PSoC Creator\4.4\PSoC Creator\psoc\content\CyComponentLibrary\CyComponentLibrary.cylib\B_UART_v2_50\B_UART_v2_50.v (line 1389, col 59):  Note: Substituting module 'cmp_vv_vv' for '<'.
C:\Program Files (x86)\Cypress\PSoC Creator\4.4\PSoC Creator\psoc\content\CyComponentLibrary\CyComponentLibrary.cylib\B_UART_v2_50\B_UART_v2_50.v (line 1424, col 61):  Note: Substituting module 'cmp_vv_vv' for '/='.
C:\Program Files (x86)\Cypress\PSoC Creator\4.4\PSoC Creator\psoc\content\CyComponentLibrary\CyComponentLibrary.cylib\B_UART_v2_50\B_UART_v2_50.v (line 1547, col 106):  Note: Substituting module 'cmp_vv_vv' for '<'.
C:\Program Files (x86)\Cypress\PSoC Creator\4.4\PSoC Creator\psoc\content\CyComponentLibrary\CyComponentLibrary.cylib\B_UART_v2_50\B_UART_v2_50.v (line 1603, col 68):  Note: Substituting module 'cmp_vv_vv' for '<'.
C:\Program Files (x86)\Cypress\PSoC Creator\4.4\PSoC Creator\psoc\content\CyComponentLibrary\CyComponentLibrary.cylib\B_UART_v2_50\B_UART_v2_50.v (line 1604, col 68):  Note: Substituting module 'cmp_vv_vv' for '<'.
Agua.v (line 845, col 82):  Note: Substituting module 'cmp_vv_vv' for '='.
C:\Program Files (x86)\Cypress\PSoC Creator\4.4\PSoC Creator\psoc\content\CyComponentLibrary\CyComponentLibrary.cylib\B_PWM_v3_30\B_PWM_v3_30.v (line 947, col 46):  Note: Substituting module 'sub_vi_vv' for '-'.
C:\Program Files (x86)\Cypress\PSoC Creator\4.4\PSoC Creator\psoc\content\CyComponentLibrary\CyComponentLibrary.cylib\B_PWM_v3_30\B_PWM_v3_30.v (line 977, col 46):  Note: Substituting module 'add_vi_vv' for '+'.
Linking 'C:\Program Files (x86)\Cypress\PSoC Creator\4.4\PSoC Creator\warp\lib\common\stdlogic\cy_psoc3pkg.vif'.
Linking 'C:\Program Files (x86)\Cypress\PSoC Creator\4.4\PSoC Creator\warp\lib\common\stdlogic\cy_psoc3.vif'.

vlogfe:  No errors.


======================================================================
Compiling:  Agua.v
Program  :   tovif
Options  :    -yv2 -q10 -ygs -o2 -v3 -.fftcfgtype=LE -ya -.fftprj=C:\Users\UCA-Master\Documents\PSoC Creator\ADC_SensordeAgua\Agua.cydsn\Agua.cyprj -dcpsoc3 -verilog Agua.v
======================================================================

tovif V6.3 IR 41:  High-level synthesis
Sun Nov 24 15:24:43 2024

Linking 'C:\Program Files (x86)\Cypress\PSoC Creator\4.4\PSoC Creator\warp\lib\common\std.vhd'.
Linking 'C:\Program Files (x86)\Cypress\PSoC Creator\4.4\PSoC Creator\warp\lib\common\cypress.vhd'.
Linking 'C:\Program Files (x86)\Cypress\PSoC Creator\4.4\PSoC Creator\warp\lib\common\work\cypress.vif'.
Linking 'C:\Program Files (x86)\Cypress\PSoC Creator\4.4\PSoC Creator\warp\lib\ieee\work\stdlogic.vif'.
Linking 'C:\Program Files (x86)\Cypress\PSoC Creator\4.4\PSoC Creator\warp\lib\common\stdlogic\lpmpkg.vif'.
Linking 'C:\Program Files (x86)\Cypress\PSoC Creator\4.4\PSoC Creator\warp\lib\common\stdlogic\rtlpkg.vif'.
Linking 'C:\Program Files (x86)\Cypress\PSoC Creator\4.4\PSoC Creator\warp\lib\common\stdlogic\mod_cnst.vif'.
Linking 'C:\Program Files (x86)\Cypress\PSoC Creator\4.4\PSoC Creator\warp\lib\common\stdlogic\mod_mthv.vif'.
Linking 'C:\Program Files (x86)\Cypress\PSoC Creator\4.4\PSoC Creator\warp\lib\common\stdlogic\mod_genv.vif'.
Linking 'C:\Users\UCA-Master\Documents\PSoC Creator\ADC_SensordeAgua\Agua.cydsn\codegentemp\Agua.ctl'.
Linking 'C:\Program Files (x86)\Cypress\PSoC Creator\4.4\PSoC Creator\psoc\content\CyPrimitives\cyprimitives.cylib\cy_virtualmux_v1_0\cy_virtualmux_v1_0.v'.
Linking 'C:\Users\UCA-Master\Documents\PSoC Creator\ADC_SensordeAgua\Agua.cydsn\codegentemp\Agua.v'.
Linking 'C:\Program Files (x86)\Cypress\PSoC Creator\4.4\PSoC Creator\psoc\content\CyComponentLibrary\CyComponentLibrary.cylib\B_UART_v2_50\B_UART_v2_50.v'.
Linking 'C:\Program Files (x86)\Cypress\PSoC Creator\4.4\PSoC Creator\warp\lib\common\cypress.v'.
Linking 'C:\Program Files (x86)\Cypress\PSoC Creator\4.4\PSoC Creator\warp\lib\common\cy_psoc3_inc.v'.
Linking 'C:\Program Files (x86)\Cypress\PSoC Creator\4.4\PSoC Creator\psoc\content\CyComponentLibrary\CyComponentLibrary.cylib\ADC_AMUX_v2_0\ADC_AMUX_v2_0.v'.
Linking 'C:\Program Files (x86)\Cypress\PSoC Creator\4.4\PSoC Creator\psoc\content\CyPrimitives\cyprimitives.cylib\cy_analog_virtualmux_v1_0\cy_analog_virtualmux_v1_0.v'.
Linking 'C:\Program Files (x86)\Cypress\PSoC Creator\4.4\PSoC Creator\psoc\content\CyPrimitives\cyprimitives.cylib\ZeroTerminal\ZeroTerminal.v'.
Linking 'C:\Program Files (x86)\Cypress\PSoC Creator\4.4\PSoC Creator\psoc\content\CyPrimitives\cyprimitives.cylib\cy_vref_v1_70\cy_vref_v1_70.v'.
Linking 'C:\Program Files (x86)\Cypress\PSoC Creator\4.4\PSoC Creator\psoc\content\CyPrimitives\cyprimitives.cylib\or_v1_0\or_v1_0.v'.
Linking 'C:\Program Files (x86)\Cypress\PSoC Creator\4.4\PSoC Creator\psoc\content\CyPrimitives\cyprimitives.cylib\cy_constant_v1_0\cy_constant_v1_0.v'.
Linking 'C:\Program Files (x86)\Cypress\PSoC Creator\4.4\PSoC Creator\psoc\content\CyComponentLibrary\CyComponentLibrary.cylib\bADC_SAR_SEQ_v2_0\bADC_SAR_SEQ_v2_0.v'.
Linking 'C:\Program Files (x86)\Cypress\PSoC Creator\4.4\PSoC Creator\psoc\content\CyPrimitives\cyprimitives.cylib\cy_sync_v1_0\cy_sync_v1_0.v'.
Linking 'C:\Program Files (x86)\Cypress\PSoC Creator\4.4\PSoC Creator\psoc\content\CyComponentLibrary\CyComponentLibrary.cylib\B_PWM_v3_30\B_PWM_v3_30.v'.
Linking 'C:\Program Files (x86)\Cypress\PSoC Creator\4.4\PSoC Creator\psoc\content\CyPrimitives\cyprimitives.cylib\OneTerminal\OneTerminal.v'.
Linking 'C:\Program Files (x86)\Cypress\PSoC Creator\4.4\PSoC Creator\psoc\content\CyPrimitives\cyprimitives.cylib\CyControlReg_v1_80\CyControlReg_v1_80.v'.
Linking 'C:\Program Files (x86)\Cypress\PSoC Creator\4.4\PSoC Creator\warp\lib\common\stdlogic\cy_psoc3pkg.vif'.
Linking 'C:\Program Files (x86)\Cypress\PSoC Creator\4.4\PSoC Creator\warp\lib\common\stdlogic\cy_psoc3.vif'.
Linking 'C:\Program Files (x86)\Cypress\PSoC Creator\4.4\PSoC Creator\warp\lib\common\stdlogic\mcompare.vif'.
Linking 'C:\Program Files (x86)\Cypress\PSoC Creator\4.4\PSoC Creator\warp\lib\lcpsoc3\stdlogic\mod_cnst.vif'.

tovif:  No errors.


======================================================================
Compiling:  Agua.v
Program  :   topld
Options  :    -yv2 -q10 -ygs -o2 -v3 -.fftcfgtype=LE -ya -.fftprj=C:\Users\UCA-Master\Documents\PSoC Creator\ADC_SensordeAgua\Agua.cydsn\Agua.cyprj -dcpsoc3 -verilog Agua.v
======================================================================

topld V6.3 IR 41:  Synthesis and optimization
Sun Nov 24 15:24:44 2024

Linking 'C:\Program Files (x86)\Cypress\PSoC Creator\4.4\PSoC Creator\warp\lib\common\std.vhd'.
Linking 'C:\Program Files (x86)\Cypress\PSoC Creator\4.4\PSoC Creator\warp\lib\common\cypress.vhd'.
Linking 'C:\Program Files (x86)\Cypress\PSoC Creator\4.4\PSoC Creator\warp\lib\common\work\cypress.vif'.
Linking 'C:\Program Files (x86)\Cypress\PSoC Creator\4.4\PSoC Creator\warp\lib\ieee\work\stdlogic.vif'.
Linking 'C:\Program Files (x86)\Cypress\PSoC Creator\4.4\PSoC Creator\warp\lib\common\stdlogic\lpmpkg.vif'.
Linking 'C:\Program Files (x86)\Cypress\PSoC Creator\4.4\PSoC Creator\warp\lib\common\stdlogic\rtlpkg.vif'.
Linking 'C:\Program Files (x86)\Cypress\PSoC Creator\4.4\PSoC Creator\warp\lib\common\stdlogic\mod_cnst.vif'.
Linking 'C:\Program Files (x86)\Cypress\PSoC Creator\4.4\PSoC Creator\warp\lib\common\stdlogic\mod_mthv.vif'.
Linking 'C:\Program Files (x86)\Cypress\PSoC Creator\4.4\PSoC Creator\warp\lib\common\stdlogic\mod_genv.vif'.
Linking 'C:\Users\UCA-Master\Documents\PSoC Creator\ADC_SensordeAgua\Agua.cydsn\codegentemp\Agua.ctl'.
Linking 'C:\Program Files (x86)\Cypress\PSoC Creator\4.4\PSoC Creator\psoc\content\CyPrimitives\cyprimitives.cylib\cy_virtualmux_v1_0\cy_virtualmux_v1_0.v'.
Linking 'C:\Users\UCA-Master\Documents\PSoC Creator\ADC_SensordeAgua\Agua.cydsn\codegentemp\Agua.v'.
Linking 'C:\Program Files (x86)\Cypress\PSoC Creator\4.4\PSoC Creator\psoc\content\CyComponentLibrary\CyComponentLibrary.cylib\B_UART_v2_50\B_UART_v2_50.v'.
Linking 'C:\Program Files (x86)\Cypress\PSoC Creator\4.4\PSoC Creator\warp\lib\common\cypress.v'.
Linking 'C:\Program Files (x86)\Cypress\PSoC Creator\4.4\PSoC Creator\warp\lib\common\cy_psoc3_inc.v'.
Linking 'C:\Program Files (x86)\Cypress\PSoC Creator\4.4\PSoC Creator\psoc\content\CyComponentLibrary\CyComponentLibrary.cylib\ADC_AMUX_v2_0\ADC_AMUX_v2_0.v'.
Linking 'C:\Program Files (x86)\Cypress\PSoC Creator\4.4\PSoC Creator\psoc\content\CyPrimitives\cyprimitives.cylib\cy_analog_virtualmux_v1_0\cy_analog_virtualmux_v1_0.v'.
Linking 'C:\Program Files (x86)\Cypress\PSoC Creator\4.4\PSoC Creator\psoc\content\CyPrimitives\cyprimitives.cylib\ZeroTerminal\ZeroTerminal.v'.
Linking 'C:\Program Files (x86)\Cypress\PSoC Creator\4.4\PSoC Creator\psoc\content\CyPrimitives\cyprimitives.cylib\cy_vref_v1_70\cy_vref_v1_70.v'.
Linking 'C:\Program Files (x86)\Cypress\PSoC Creator\4.4\PSoC Creator\psoc\content\CyPrimitives\cyprimitives.cylib\or_v1_0\or_v1_0.v'.
Linking 'C:\Program Files (x86)\Cypress\PSoC Creator\4.4\PSoC Creator\psoc\content\CyPrimitives\cyprimitives.cylib\cy_constant_v1_0\cy_constant_v1_0.v'.
Linking 'C:\Program Files (x86)\Cypress\PSoC Creator\4.4\PSoC Creator\psoc\content\CyComponentLibrary\CyComponentLibrary.cylib\bADC_SAR_SEQ_v2_0\bADC_SAR_SEQ_v2_0.v'.
Linking 'C:\Program Files (x86)\Cypress\PSoC Creator\4.4\PSoC Creator\psoc\content\CyPrimitives\cyprimitives.cylib\cy_sync_v1_0\cy_sync_v1_0.v'.
Linking 'C:\Program Files (x86)\Cypress\PSoC Creator\4.4\PSoC Creator\psoc\content\CyComponentLibrary\CyComponentLibrary.cylib\B_PWM_v3_30\B_PWM_v3_30.v'.
Linking 'C:\Program Files (x86)\Cypress\PSoC Creator\4.4\PSoC Creator\psoc\content\CyPrimitives\cyprimitives.cylib\OneTerminal\OneTerminal.v'.
Linking 'C:\Program Files (x86)\Cypress\PSoC Creator\4.4\PSoC Creator\psoc\content\CyPrimitives\cyprimitives.cylib\CyControlReg_v1_80\CyControlReg_v1_80.v'.
Linking 'C:\Program Files (x86)\Cypress\PSoC Creator\4.4\PSoC Creator\warp\lib\common\stdlogic\cy_psoc3pkg.vif'.
Linking 'C:\Program Files (x86)\Cypress\PSoC Creator\4.4\PSoC Creator\warp\lib\common\stdlogic\cy_psoc3.vif'.
Linking 'C:\Program Files (x86)\Cypress\PSoC Creator\4.4\PSoC Creator\warp\lib\common\stdlogic\mcompare.vif'.
Linking 'C:\Program Files (x86)\Cypress\PSoC Creator\4.4\PSoC Creator\warp\lib\lcpsoc3\stdlogic\mod_cnst.vif'.
Linking 'C:\Program Files (x86)\Cypress\PSoC Creator\4.4\PSoC Creator\warp\lib\lcpsoc3\stdlogic\cpsoc3.vif'.

----------------------------------------------------------
Detecting unused logic.
----------------------------------------------------------
    User names
	\UART_PSOC:BUART:reset_sr\
	Net_13
	Net_8
	\UART_PSOC:BUART:sRX:s23Poll:MODULE_2:g2:a0:b_1\
	\UART_PSOC:BUART:sRX:s23Poll:MODULE_2:g2:a0:b_0\
	\UART_PSOC:BUART:sRX:s23Poll:MODULE_3:g2:a0:gta_0\
	\UART_PSOC:BUART:sRX:s23Poll:MODULE_4:g2:a0:gta_0\
	Net_4
	\UART_PSOC:BUART:sRX:MODULE_5:g2:a0:gta_0\
	\UART_PSOC:BUART:sRX:MODULE_6:g1:a0:gx:u0:albi_1\
	\UART_PSOC:BUART:sRX:MODULE_6:g1:a0:gx:u0:agbi_1\
	\UART_PSOC:BUART:sRX:MODULE_6:g1:a0:gx:u0:lt_0\
	\UART_PSOC:BUART:sRX:MODULE_6:g1:a0:gx:u0:gt_0\
	\UART_PSOC:BUART:sRX:MODULE_6:g1:a0:gx:u0:lti_0\
	\UART_PSOC:BUART:sRX:MODULE_6:g1:a0:gx:u0:gti_0\
	\UART_PSOC:BUART:sRX:MODULE_6:g1:a0:gx:u0:albi_0\
	\UART_PSOC:BUART:sRX:MODULE_6:g1:a0:gx:u0:agbi_0\
	\UART_PSOC:BUART:sRX:MODULE_6:g1:a0:xeq\
	\UART_PSOC:BUART:sRX:MODULE_6:g1:a0:xlt\
	\UART_PSOC:BUART:sRX:MODULE_6:g1:a0:xlte\
	\UART_PSOC:BUART:sRX:MODULE_6:g1:a0:xgt\
	\UART_PSOC:BUART:sRX:MODULE_6:g1:a0:xgte\
	\UART_PSOC:BUART:sRX:MODULE_6:lt\
	\UART_PSOC:BUART:sRX:MODULE_6:eq\
	\UART_PSOC:BUART:sRX:MODULE_6:gt\
	\UART_PSOC:BUART:sRX:MODULE_6:gte\
	\UART_PSOC:BUART:sRX:MODULE_6:lte\
	\ADC_SA1:SAR:Net_221\
	\ADC_SA1:SAR:Net_383\
	\ADC_SA1:bSAR_SEQ:sw_soc\
	\ADC_SA1:soc_out\
	\ADC_SA1:Net_3905\
	\ADC_SA1:Net_3867\
	\ADC_SA1:MODULE_1:g1:a0:gx:u0:albi_2\
	\ADC_SA1:MODULE_1:g1:a0:gx:u0:agbi_2\
	\ADC_SA1:MODULE_1:g1:a0:gx:u0:albi_1\
	\ADC_SA1:MODULE_1:g1:a0:gx:u0:agbi_1\
	\ADC_SA1:MODULE_1:g1:a0:gx:u0:albi_0\
	\ADC_SA1:MODULE_1:g1:a0:gx:u0:agbi_0\
	\ADC_SA1:MODULE_1:g1:a0:xneq\
	\ADC_SA1:MODULE_1:g1:a0:xlt\
	\ADC_SA1:MODULE_1:g1:a0:xlte\
	\ADC_SA1:MODULE_1:g1:a0:xgt\
	\ADC_SA1:MODULE_1:g1:a0:xgte\
	\ADC_SA1:MODULE_1:lt\
	\ADC_SA1:MODULE_1:gt\
	\ADC_SA1:MODULE_1:gte\
	\ADC_SA1:MODULE_1:lte\
	\ADC_SA1:MODULE_1:neq\
	\UART_ESP:BUART:reset_sr\
	Net_138
	\UART_ESP:BUART:sRX:s23Poll:MODULE_7:g2:a0:b_1\
	\UART_ESP:BUART:sRX:s23Poll:MODULE_7:g2:a0:b_0\
	\UART_ESP:BUART:sRX:s23Poll:MODULE_8:g2:a0:gta_0\
	\UART_ESP:BUART:sRX:s23Poll:MODULE_9:g2:a0:gta_0\
	Net_129
	\UART_ESP:BUART:sRX:MODULE_10:g2:a0:gta_0\
	\UART_ESP:BUART:sRX:MODULE_11:g1:a0:gx:u0:albi_1\
	\UART_ESP:BUART:sRX:MODULE_11:g1:a0:gx:u0:agbi_1\
	\UART_ESP:BUART:sRX:MODULE_11:g1:a0:gx:u0:lt_0\
	\UART_ESP:BUART:sRX:MODULE_11:g1:a0:gx:u0:gt_0\
	\UART_ESP:BUART:sRX:MODULE_11:g1:a0:gx:u0:lti_0\
	\UART_ESP:BUART:sRX:MODULE_11:g1:a0:gx:u0:gti_0\
	\UART_ESP:BUART:sRX:MODULE_11:g1:a0:gx:u0:albi_0\
	\UART_ESP:BUART:sRX:MODULE_11:g1:a0:gx:u0:agbi_0\
	\UART_ESP:BUART:sRX:MODULE_11:g1:a0:xeq\
	\UART_ESP:BUART:sRX:MODULE_11:g1:a0:xlt\
	\UART_ESP:BUART:sRX:MODULE_11:g1:a0:xlte\
	\UART_ESP:BUART:sRX:MODULE_11:g1:a0:xgt\
	\UART_ESP:BUART:sRX:MODULE_11:g1:a0:xgte\
	\UART_ESP:BUART:sRX:MODULE_11:lt\
	\UART_ESP:BUART:sRX:MODULE_11:eq\
	\UART_ESP:BUART:sRX:MODULE_11:gt\
	\UART_ESP:BUART:sRX:MODULE_11:gte\
	\UART_ESP:BUART:sRX:MODULE_11:lte\
	\PWM:PWMUDB:km_run\
	\PWM:PWMUDB:ctrl_cmpmode2_2\
	\PWM:PWMUDB:ctrl_cmpmode2_1\
	\PWM:PWMUDB:ctrl_cmpmode2_0\
	\PWM:PWMUDB:ctrl_cmpmode1_2\
	\PWM:PWMUDB:ctrl_cmpmode1_1\
	\PWM:PWMUDB:ctrl_cmpmode1_0\
	\PWM:PWMUDB:capt_rising\
	\PWM:PWMUDB:capt_falling\
	\PWM:PWMUDB:trig_rise\
	\PWM:PWMUDB:trig_fall\
	\PWM:PWMUDB:sc_kill\
	\PWM:PWMUDB:min_kill\
	\PWM:PWMUDB:km_tc\
	\PWM:PWMUDB:db_tc\
	\PWM:PWMUDB:dith_sel\
	\PWM:Net_101\
	\PWM:Net_96\
	\PWM:PWMUDB:MODULE_12:b_31\
	\PWM:PWMUDB:MODULE_12:b_30\
	\PWM:PWMUDB:MODULE_12:b_29\
	\PWM:PWMUDB:MODULE_12:b_28\
	\PWM:PWMUDB:MODULE_12:b_27\
	\PWM:PWMUDB:MODULE_12:b_26\
	\PWM:PWMUDB:MODULE_12:b_25\
	\PWM:PWMUDB:MODULE_12:b_24\
	\PWM:PWMUDB:MODULE_12:b_23\
	\PWM:PWMUDB:MODULE_12:b_22\
	\PWM:PWMUDB:MODULE_12:b_21\
	\PWM:PWMUDB:MODULE_12:b_20\
	\PWM:PWMUDB:MODULE_12:b_19\
	\PWM:PWMUDB:MODULE_12:b_18\
	\PWM:PWMUDB:MODULE_12:b_17\
	\PWM:PWMUDB:MODULE_12:b_16\
	\PWM:PWMUDB:MODULE_12:b_15\
	\PWM:PWMUDB:MODULE_12:b_14\
	\PWM:PWMUDB:MODULE_12:b_13\
	\PWM:PWMUDB:MODULE_12:b_12\
	\PWM:PWMUDB:MODULE_12:b_11\
	\PWM:PWMUDB:MODULE_12:b_10\
	\PWM:PWMUDB:MODULE_12:b_9\
	\PWM:PWMUDB:MODULE_12:b_8\
	\PWM:PWMUDB:MODULE_12:b_7\
	\PWM:PWMUDB:MODULE_12:b_6\
	\PWM:PWMUDB:MODULE_12:b_5\
	\PWM:PWMUDB:MODULE_12:b_4\
	\PWM:PWMUDB:MODULE_12:b_3\
	\PWM:PWMUDB:MODULE_12:b_2\
	\PWM:PWMUDB:MODULE_12:b_1\
	\PWM:PWMUDB:MODULE_12:b_0\
	\PWM:PWMUDB:MODULE_12:g2:a0:a_31\
	\PWM:PWMUDB:MODULE_12:g2:a0:a_30\
	\PWM:PWMUDB:MODULE_12:g2:a0:a_29\
	\PWM:PWMUDB:MODULE_12:g2:a0:a_28\
	\PWM:PWMUDB:MODULE_12:g2:a0:a_27\
	\PWM:PWMUDB:MODULE_12:g2:a0:a_26\
	\PWM:PWMUDB:MODULE_12:g2:a0:a_25\
	\PWM:PWMUDB:MODULE_12:g2:a0:a_24\
	\PWM:PWMUDB:MODULE_12:g2:a0:b_31\
	\PWM:PWMUDB:MODULE_12:g2:a0:b_30\
	\PWM:PWMUDB:MODULE_12:g2:a0:b_29\
	\PWM:PWMUDB:MODULE_12:g2:a0:b_28\
	\PWM:PWMUDB:MODULE_12:g2:a0:b_27\
	\PWM:PWMUDB:MODULE_12:g2:a0:b_26\
	\PWM:PWMUDB:MODULE_12:g2:a0:b_25\
	\PWM:PWMUDB:MODULE_12:g2:a0:b_24\
	\PWM:PWMUDB:MODULE_12:g2:a0:b_23\
	\PWM:PWMUDB:MODULE_12:g2:a0:b_22\
	\PWM:PWMUDB:MODULE_12:g2:a0:b_21\
	\PWM:PWMUDB:MODULE_12:g2:a0:b_20\
	\PWM:PWMUDB:MODULE_12:g2:a0:b_19\
	\PWM:PWMUDB:MODULE_12:g2:a0:b_18\
	\PWM:PWMUDB:MODULE_12:g2:a0:b_17\
	\PWM:PWMUDB:MODULE_12:g2:a0:b_16\
	\PWM:PWMUDB:MODULE_12:g2:a0:b_15\
	\PWM:PWMUDB:MODULE_12:g2:a0:b_14\
	\PWM:PWMUDB:MODULE_12:g2:a0:b_13\
	\PWM:PWMUDB:MODULE_12:g2:a0:b_12\
	\PWM:PWMUDB:MODULE_12:g2:a0:b_11\
	\PWM:PWMUDB:MODULE_12:g2:a0:b_10\
	\PWM:PWMUDB:MODULE_12:g2:a0:b_9\
	\PWM:PWMUDB:MODULE_12:g2:a0:b_8\
	\PWM:PWMUDB:MODULE_12:g2:a0:b_7\
	\PWM:PWMUDB:MODULE_12:g2:a0:b_6\
	\PWM:PWMUDB:MODULE_12:g2:a0:b_5\
	\PWM:PWMUDB:MODULE_12:g2:a0:b_4\
	\PWM:PWMUDB:MODULE_12:g2:a0:b_3\
	\PWM:PWMUDB:MODULE_12:g2:a0:b_2\
	\PWM:PWMUDB:MODULE_12:g2:a0:b_1\
	\PWM:PWMUDB:MODULE_12:g2:a0:b_0\
	\PWM:PWMUDB:MODULE_12:g2:a0:s_31\
	\PWM:PWMUDB:MODULE_12:g2:a0:s_30\
	\PWM:PWMUDB:MODULE_12:g2:a0:s_29\
	\PWM:PWMUDB:MODULE_12:g2:a0:s_28\
	\PWM:PWMUDB:MODULE_12:g2:a0:s_27\
	\PWM:PWMUDB:MODULE_12:g2:a0:s_26\
	\PWM:PWMUDB:MODULE_12:g2:a0:s_25\
	\PWM:PWMUDB:MODULE_12:g2:a0:s_24\
	\PWM:PWMUDB:MODULE_12:g2:a0:s_23\
	\PWM:PWMUDB:MODULE_12:g2:a0:s_22\
	\PWM:PWMUDB:MODULE_12:g2:a0:s_21\
	\PWM:PWMUDB:MODULE_12:g2:a0:s_20\
	\PWM:PWMUDB:MODULE_12:g2:a0:s_19\
	\PWM:PWMUDB:MODULE_12:g2:a0:s_18\
	\PWM:PWMUDB:MODULE_12:g2:a0:s_17\
	\PWM:PWMUDB:MODULE_12:g2:a0:s_16\
	\PWM:PWMUDB:MODULE_12:g2:a0:s_15\
	\PWM:PWMUDB:MODULE_12:g2:a0:s_14\
	\PWM:PWMUDB:MODULE_12:g2:a0:s_13\
	\PWM:PWMUDB:MODULE_12:g2:a0:s_12\
	\PWM:PWMUDB:MODULE_12:g2:a0:s_11\
	\PWM:PWMUDB:MODULE_12:g2:a0:s_10\
	\PWM:PWMUDB:MODULE_12:g2:a0:s_9\
	\PWM:PWMUDB:MODULE_12:g2:a0:s_8\
	\PWM:PWMUDB:MODULE_12:g2:a0:s_7\
	\PWM:PWMUDB:MODULE_12:g2:a0:s_6\
	\PWM:PWMUDB:MODULE_12:g2:a0:s_5\
	\PWM:PWMUDB:MODULE_12:g2:a0:s_4\
	\PWM:PWMUDB:MODULE_12:g2:a0:s_3\
	\PWM:PWMUDB:MODULE_12:g2:a0:s_2\
	\PWM:PWMUDB:MODULE_12:g2:a0:g1:z1:s0:g1:u0:c_31\
	\PWM:PWMUDB:MODULE_12:g2:a0:g1:z1:s0:g1:u0:c_30\
	\PWM:PWMUDB:MODULE_12:g2:a0:g1:z1:s0:g1:u0:c_29\
	\PWM:PWMUDB:MODULE_12:g2:a0:g1:z1:s0:g1:u0:c_28\
	\PWM:PWMUDB:MODULE_12:g2:a0:g1:z1:s0:g1:u0:c_27\
	\PWM:PWMUDB:MODULE_12:g2:a0:g1:z1:s0:g1:u0:c_26\
	\PWM:PWMUDB:MODULE_12:g2:a0:g1:z1:s0:g1:u0:c_25\
	Net_192
	Net_188
	Net_194
	\PWM:Net_113\
	\PWM:Net_107\
	\PWM:Net_114\
	Net_172
	Net_176
	Net_177
	Net_178
	Net_179
	Net_180
	Net_181
	Net_182

    Synthesized names
	\PWM:PWMUDB:add_vi_vv_MODGEN_12_31\
	\PWM:PWMUDB:add_vi_vv_MODGEN_12_30\
	\PWM:PWMUDB:add_vi_vv_MODGEN_12_29\
	\PWM:PWMUDB:add_vi_vv_MODGEN_12_28\
	\PWM:PWMUDB:add_vi_vv_MODGEN_12_27\
	\PWM:PWMUDB:add_vi_vv_MODGEN_12_26\
	\PWM:PWMUDB:add_vi_vv_MODGEN_12_25\
	\PWM:PWMUDB:add_vi_vv_MODGEN_12_24\
	\PWM:PWMUDB:add_vi_vv_MODGEN_12_23\
	\PWM:PWMUDB:add_vi_vv_MODGEN_12_22\
	\PWM:PWMUDB:add_vi_vv_MODGEN_12_21\
	\PWM:PWMUDB:add_vi_vv_MODGEN_12_20\
	\PWM:PWMUDB:add_vi_vv_MODGEN_12_19\
	\PWM:PWMUDB:add_vi_vv_MODGEN_12_18\
	\PWM:PWMUDB:add_vi_vv_MODGEN_12_17\
	\PWM:PWMUDB:add_vi_vv_MODGEN_12_16\
	\PWM:PWMUDB:add_vi_vv_MODGEN_12_15\
	\PWM:PWMUDB:add_vi_vv_MODGEN_12_14\
	\PWM:PWMUDB:add_vi_vv_MODGEN_12_13\
	\PWM:PWMUDB:add_vi_vv_MODGEN_12_12\
	\PWM:PWMUDB:add_vi_vv_MODGEN_12_11\
	\PWM:PWMUDB:add_vi_vv_MODGEN_12_10\
	\PWM:PWMUDB:add_vi_vv_MODGEN_12_9\
	\PWM:PWMUDB:add_vi_vv_MODGEN_12_8\
	\PWM:PWMUDB:add_vi_vv_MODGEN_12_7\
	\PWM:PWMUDB:add_vi_vv_MODGEN_12_6\
	\PWM:PWMUDB:add_vi_vv_MODGEN_12_5\
	\PWM:PWMUDB:add_vi_vv_MODGEN_12_4\
	\PWM:PWMUDB:add_vi_vv_MODGEN_12_3\
	\PWM:PWMUDB:add_vi_vv_MODGEN_12_2\

Deleted 216 User equations/components.
Deleted 30 Synthesized equations/components.

------------------------------------------------------
Alias Detection
------------------------------------------------------
Aliasing \UART_PSOC:BUART:HalfDuplexSend\ to \UART_PSOC:BUART:tx_hd_send_break\
Aliasing \UART_PSOC:BUART:FinalParityType_1\ to \UART_PSOC:BUART:tx_hd_send_break\
Aliasing \UART_PSOC:BUART:FinalParityType_0\ to \UART_PSOC:BUART:tx_hd_send_break\
Aliasing \UART_PSOC:BUART:FinalAddrMode_2\ to \UART_PSOC:BUART:tx_hd_send_break\
Aliasing \UART_PSOC:BUART:FinalAddrMode_1\ to \UART_PSOC:BUART:tx_hd_send_break\
Aliasing \UART_PSOC:BUART:FinalAddrMode_0\ to \UART_PSOC:BUART:tx_hd_send_break\
Aliasing \UART_PSOC:BUART:tx_ctrl_mark\ to \UART_PSOC:BUART:tx_hd_send_break\
Aliasing zero to \UART_PSOC:BUART:tx_hd_send_break\
Aliasing \UART_PSOC:BUART:tx_status_6\ to \UART_PSOC:BUART:tx_hd_send_break\
Aliasing \UART_PSOC:BUART:tx_status_5\ to \UART_PSOC:BUART:tx_hd_send_break\
Aliasing \UART_PSOC:BUART:tx_status_4\ to \UART_PSOC:BUART:tx_hd_send_break\
Aliasing \UART_PSOC:BUART:rx_count7_bit8_wire\ to \UART_PSOC:BUART:tx_hd_send_break\
Aliasing \UART_PSOC:BUART:sRX:s23Poll:MODULE_2:g2:a0:g1:z1:s0:g1:u0:b_0\ to one
Aliasing MODIN4_1 to MODIN3_1
Aliasing MODIN4_0 to MODIN3_0
Aliasing \UART_PSOC:BUART:sRX:s23Poll:MODULE_3:g2:a0:newb_1\ to \UART_PSOC:BUART:tx_hd_send_break\
Aliasing \UART_PSOC:BUART:sRX:s23Poll:MODULE_3:g2:a0:newb_0\ to one
Aliasing MODIN5_1 to MODIN3_1
Aliasing MODIN5_0 to MODIN3_0
Aliasing \UART_PSOC:BUART:sRX:s23Poll:MODULE_4:g2:a0:newb_1\ to one
Aliasing \UART_PSOC:BUART:sRX:s23Poll:MODULE_4:g2:a0:newb_0\ to \UART_PSOC:BUART:tx_hd_send_break\
Aliasing \UART_PSOC:BUART:rx_status_1\ to \UART_PSOC:BUART:tx_hd_send_break\
Aliasing \UART_PSOC:BUART:sRX:MODULE_5:g2:a0:newa_6\ to \UART_PSOC:BUART:tx_hd_send_break\
Aliasing \UART_PSOC:BUART:sRX:MODULE_5:g2:a0:newa_5\ to \UART_PSOC:BUART:tx_hd_send_break\
Aliasing \UART_PSOC:BUART:sRX:MODULE_5:g2:a0:newa_4\ to \UART_PSOC:BUART:tx_hd_send_break\
Aliasing \UART_PSOC:BUART:sRX:MODULE_5:g2:a0:newb_6\ to \UART_PSOC:BUART:tx_hd_send_break\
Aliasing \UART_PSOC:BUART:sRX:MODULE_5:g2:a0:newb_5\ to \UART_PSOC:BUART:tx_hd_send_break\
Aliasing \UART_PSOC:BUART:sRX:MODULE_5:g2:a0:newb_4\ to \UART_PSOC:BUART:tx_hd_send_break\
Aliasing \UART_PSOC:BUART:sRX:MODULE_5:g2:a0:newb_3\ to \UART_PSOC:BUART:tx_hd_send_break\
Aliasing \UART_PSOC:BUART:sRX:MODULE_5:g2:a0:newb_2\ to one
Aliasing \UART_PSOC:BUART:sRX:MODULE_5:g2:a0:newb_1\ to one
Aliasing \UART_PSOC:BUART:sRX:MODULE_5:g2:a0:newb_0\ to \UART_PSOC:BUART:tx_hd_send_break\
Aliasing \UART_PSOC:BUART:sRX:MODULE_6:g1:a0:gx:u0:aeqb_0\ to one
Aliasing tmpOE__Rx_1_net_0 to one
Aliasing tmpOE__Tx_1_net_0 to one
Aliasing tmpOE__Pin_S_A_1_net_0 to one
Aliasing tmpOE__Pin_S_A_net_0 to one
Aliasing tmpOE__Pin_LED_net_0 to one
Aliasing \ADC_SA1:AMuxHw_2_Decoder_enable\ to one
Aliasing \ADC_SA1:SAR:vp_ctl_0\ to \UART_PSOC:BUART:tx_hd_send_break\
Aliasing \ADC_SA1:SAR:vp_ctl_2\ to \UART_PSOC:BUART:tx_hd_send_break\
Aliasing \ADC_SA1:SAR:vn_ctl_1\ to \UART_PSOC:BUART:tx_hd_send_break\
Aliasing \ADC_SA1:SAR:vn_ctl_3\ to \UART_PSOC:BUART:tx_hd_send_break\
Aliasing \ADC_SA1:SAR:vp_ctl_1\ to \UART_PSOC:BUART:tx_hd_send_break\
Aliasing \ADC_SA1:SAR:vp_ctl_3\ to \UART_PSOC:BUART:tx_hd_send_break\
Aliasing \ADC_SA1:SAR:vn_ctl_0\ to \UART_PSOC:BUART:tx_hd_send_break\
Aliasing \ADC_SA1:SAR:vn_ctl_2\ to \UART_PSOC:BUART:tx_hd_send_break\
Aliasing \ADC_SA1:SAR:soc\ to \UART_PSOC:BUART:tx_hd_send_break\
Aliasing \ADC_SA1:bSAR_SEQ:status_7\ to \UART_PSOC:BUART:tx_hd_send_break\
Aliasing \ADC_SA1:bSAR_SEQ:status_6\ to \UART_PSOC:BUART:tx_hd_send_break\
Aliasing \ADC_SA1:bSAR_SEQ:status_5\ to \UART_PSOC:BUART:tx_hd_send_break\
Aliasing \ADC_SA1:bSAR_SEQ:status_4\ to \UART_PSOC:BUART:tx_hd_send_break\
Aliasing \ADC_SA1:bSAR_SEQ:status_3\ to \UART_PSOC:BUART:tx_hd_send_break\
Aliasing \ADC_SA1:bSAR_SEQ:status_2\ to \UART_PSOC:BUART:tx_hd_send_break\
Aliasing \ADC_SA1:bSAR_SEQ:status_1\ to \UART_PSOC:BUART:tx_hd_send_break\
Aliasing Net_25 to \ADC_SA1:bSAR_SEQ:status_0\
Aliasing \ADC_SA1:MODULE_1:g1:a0:gx:u0:aeqb_0\ to one
Aliasing tmpOE__Pin_PH_net_0 to one
Aliasing tmpOE__Pin_LED_R_net_0 to one
Aliasing tmpOE__Pin_LED_V_net_0 to one
Aliasing \UART_ESP:BUART:tx_hd_send_break\ to \UART_PSOC:BUART:tx_hd_send_break\
Aliasing \UART_ESP:BUART:HalfDuplexSend\ to \UART_PSOC:BUART:tx_hd_send_break\
Aliasing \UART_ESP:BUART:FinalParityType_1\ to \UART_PSOC:BUART:tx_hd_send_break\
Aliasing \UART_ESP:BUART:FinalParityType_0\ to \UART_PSOC:BUART:tx_hd_send_break\
Aliasing \UART_ESP:BUART:FinalAddrMode_2\ to \UART_PSOC:BUART:tx_hd_send_break\
Aliasing \UART_ESP:BUART:FinalAddrMode_1\ to \UART_PSOC:BUART:tx_hd_send_break\
Aliasing \UART_ESP:BUART:FinalAddrMode_0\ to \UART_PSOC:BUART:tx_hd_send_break\
Aliasing \UART_ESP:BUART:tx_ctrl_mark\ to \UART_PSOC:BUART:tx_hd_send_break\
Aliasing \UART_ESP:BUART:tx_status_6\ to \UART_PSOC:BUART:tx_hd_send_break\
Aliasing \UART_ESP:BUART:tx_status_5\ to \UART_PSOC:BUART:tx_hd_send_break\
Aliasing \UART_ESP:BUART:tx_status_4\ to \UART_PSOC:BUART:tx_hd_send_break\
Aliasing \UART_ESP:BUART:rx_count7_bit8_wire\ to \UART_PSOC:BUART:tx_hd_send_break\
Aliasing \UART_ESP:BUART:sRX:s23Poll:MODULE_7:g2:a0:g1:z1:s0:g1:u0:b_0\ to one
Aliasing \UART_ESP:BUART:sRX:s23Poll:MODIN8_1\ to \UART_ESP:BUART:sRX:s23Poll:MODIN7_1\
Aliasing \UART_ESP:BUART:sRX:s23Poll:MODIN8_0\ to \UART_ESP:BUART:sRX:s23Poll:MODIN7_0\
Aliasing \UART_ESP:BUART:sRX:s23Poll:MODULE_8:g2:a0:newb_1\ to \UART_PSOC:BUART:tx_hd_send_break\
Aliasing \UART_ESP:BUART:sRX:s23Poll:MODULE_8:g2:a0:newb_0\ to one
Aliasing \UART_ESP:BUART:sRX:s23Poll:MODIN9_1\ to \UART_ESP:BUART:sRX:s23Poll:MODIN7_1\
Aliasing \UART_ESP:BUART:sRX:s23Poll:MODIN9_0\ to \UART_ESP:BUART:sRX:s23Poll:MODIN7_0\
Aliasing \UART_ESP:BUART:sRX:s23Poll:MODULE_9:g2:a0:newb_1\ to one
Aliasing \UART_ESP:BUART:sRX:s23Poll:MODULE_9:g2:a0:newb_0\ to \UART_PSOC:BUART:tx_hd_send_break\
Aliasing \UART_ESP:BUART:rx_status_1\ to \UART_PSOC:BUART:tx_hd_send_break\
Aliasing \UART_ESP:BUART:sRX:MODULE_10:g2:a0:newa_6\ to \UART_PSOC:BUART:tx_hd_send_break\
Aliasing \UART_ESP:BUART:sRX:MODULE_10:g2:a0:newa_5\ to \UART_PSOC:BUART:tx_hd_send_break\
Aliasing \UART_ESP:BUART:sRX:MODULE_10:g2:a0:newa_4\ to \UART_PSOC:BUART:tx_hd_send_break\
Aliasing \UART_ESP:BUART:sRX:MODULE_10:g2:a0:newb_6\ to \UART_PSOC:BUART:tx_hd_send_break\
Aliasing \UART_ESP:BUART:sRX:MODULE_10:g2:a0:newb_5\ to \UART_PSOC:BUART:tx_hd_send_break\
Aliasing \UART_ESP:BUART:sRX:MODULE_10:g2:a0:newb_4\ to \UART_PSOC:BUART:tx_hd_send_break\
Aliasing \UART_ESP:BUART:sRX:MODULE_10:g2:a0:newb_3\ to \UART_PSOC:BUART:tx_hd_send_break\
Aliasing \UART_ESP:BUART:sRX:MODULE_10:g2:a0:newb_2\ to one
Aliasing \UART_ESP:BUART:sRX:MODULE_10:g2:a0:newb_1\ to one
Aliasing \UART_ESP:BUART:sRX:MODULE_10:g2:a0:newb_0\ to \UART_PSOC:BUART:tx_hd_send_break\
Aliasing \UART_ESP:BUART:sRX:MODULE_11:g1:a0:gx:u0:aeqb_0\ to one
Aliasing tmpOE__Rx_2_net_0 to one
Aliasing tmpOE__Tx_2_net_0 to one
Aliasing tmpOE__Pin_Bomba_net_0 to one
Aliasing \PWM:PWMUDB:hwCapture\ to \UART_PSOC:BUART:tx_hd_send_break\
Aliasing \PWM:PWMUDB:trig_out\ to one
Aliasing \PWM:PWMUDB:runmode_enable\\R\ to \UART_PSOC:BUART:tx_hd_send_break\
Aliasing \PWM:PWMUDB:runmode_enable\\S\ to \UART_PSOC:BUART:tx_hd_send_break\
Aliasing \PWM:PWMUDB:ltch_kill_reg\\R\ to \UART_PSOC:BUART:tx_hd_send_break\
Aliasing \PWM:PWMUDB:ltch_kill_reg\\S\ to \UART_PSOC:BUART:tx_hd_send_break\
Aliasing \PWM:PWMUDB:min_kill_reg\\R\ to \UART_PSOC:BUART:tx_hd_send_break\
Aliasing \PWM:PWMUDB:min_kill_reg\\S\ to \UART_PSOC:BUART:tx_hd_send_break\
Aliasing \PWM:PWMUDB:final_kill\ to one
Aliasing \PWM:PWMUDB:dith_count_1\\R\ to \UART_PSOC:BUART:tx_hd_send_break\
Aliasing \PWM:PWMUDB:dith_count_1\\S\ to \UART_PSOC:BUART:tx_hd_send_break\
Aliasing \PWM:PWMUDB:dith_count_0\\R\ to \UART_PSOC:BUART:tx_hd_send_break\
Aliasing \PWM:PWMUDB:dith_count_0\\S\ to \UART_PSOC:BUART:tx_hd_send_break\
Aliasing \PWM:PWMUDB:reset\ to \UART_PSOC:BUART:tx_hd_send_break\
Aliasing \PWM:PWMUDB:status_6\ to \UART_PSOC:BUART:tx_hd_send_break\
Aliasing \PWM:PWMUDB:status_4\ to \UART_PSOC:BUART:tx_hd_send_break\
Aliasing \PWM:PWMUDB:cmp1_status_reg\\R\ to \UART_PSOC:BUART:tx_hd_send_break\
Aliasing \PWM:PWMUDB:cmp1_status_reg\\S\ to \UART_PSOC:BUART:tx_hd_send_break\
Aliasing \PWM:PWMUDB:cmp2_status_reg\\R\ to \UART_PSOC:BUART:tx_hd_send_break\
Aliasing \PWM:PWMUDB:cmp2_status_reg\\S\ to \UART_PSOC:BUART:tx_hd_send_break\
Aliasing \PWM:PWMUDB:final_kill_reg\\R\ to \UART_PSOC:BUART:tx_hd_send_break\
Aliasing \PWM:PWMUDB:final_kill_reg\\S\ to \UART_PSOC:BUART:tx_hd_send_break\
Aliasing \PWM:PWMUDB:cs_addr_0\ to \UART_PSOC:BUART:tx_hd_send_break\
Aliasing \PWM:PWMUDB:pwm_temp\ to \UART_PSOC:BUART:tx_hd_send_break\
Aliasing \PWM:PWMUDB:MODULE_12:g2:a0:a_23\ to \UART_PSOC:BUART:tx_hd_send_break\
Aliasing \PWM:PWMUDB:MODULE_12:g2:a0:a_22\ to \UART_PSOC:BUART:tx_hd_send_break\
Aliasing \PWM:PWMUDB:MODULE_12:g2:a0:a_21\ to \UART_PSOC:BUART:tx_hd_send_break\
Aliasing \PWM:PWMUDB:MODULE_12:g2:a0:a_20\ to \UART_PSOC:BUART:tx_hd_send_break\
Aliasing \PWM:PWMUDB:MODULE_12:g2:a0:a_19\ to \UART_PSOC:BUART:tx_hd_send_break\
Aliasing \PWM:PWMUDB:MODULE_12:g2:a0:a_18\ to \UART_PSOC:BUART:tx_hd_send_break\
Aliasing \PWM:PWMUDB:MODULE_12:g2:a0:a_17\ to \UART_PSOC:BUART:tx_hd_send_break\
Aliasing \PWM:PWMUDB:MODULE_12:g2:a0:a_16\ to \UART_PSOC:BUART:tx_hd_send_break\
Aliasing \PWM:PWMUDB:MODULE_12:g2:a0:a_15\ to \UART_PSOC:BUART:tx_hd_send_break\
Aliasing \PWM:PWMUDB:MODULE_12:g2:a0:a_14\ to \UART_PSOC:BUART:tx_hd_send_break\
Aliasing \PWM:PWMUDB:MODULE_12:g2:a0:a_13\ to \UART_PSOC:BUART:tx_hd_send_break\
Aliasing \PWM:PWMUDB:MODULE_12:g2:a0:a_12\ to \UART_PSOC:BUART:tx_hd_send_break\
Aliasing \PWM:PWMUDB:MODULE_12:g2:a0:a_11\ to \UART_PSOC:BUART:tx_hd_send_break\
Aliasing \PWM:PWMUDB:MODULE_12:g2:a0:a_10\ to \UART_PSOC:BUART:tx_hd_send_break\
Aliasing \PWM:PWMUDB:MODULE_12:g2:a0:a_9\ to \UART_PSOC:BUART:tx_hd_send_break\
Aliasing \PWM:PWMUDB:MODULE_12:g2:a0:a_8\ to \UART_PSOC:BUART:tx_hd_send_break\
Aliasing \PWM:PWMUDB:MODULE_12:g2:a0:a_7\ to \UART_PSOC:BUART:tx_hd_send_break\
Aliasing \PWM:PWMUDB:MODULE_12:g2:a0:a_6\ to \UART_PSOC:BUART:tx_hd_send_break\
Aliasing \PWM:PWMUDB:MODULE_12:g2:a0:a_5\ to \UART_PSOC:BUART:tx_hd_send_break\
Aliasing \PWM:PWMUDB:MODULE_12:g2:a0:a_4\ to \UART_PSOC:BUART:tx_hd_send_break\
Aliasing \PWM:PWMUDB:MODULE_12:g2:a0:a_3\ to \UART_PSOC:BUART:tx_hd_send_break\
Aliasing \PWM:PWMUDB:MODULE_12:g2:a0:a_2\ to \UART_PSOC:BUART:tx_hd_send_break\
Aliasing \PWM:PWMUDB:MODULE_12:g2:a0:g1:z1:s0:g1:u0:b_0\ to one
Aliasing tmpOE__pHe_net_0 to one
Aliasing tmpOE__pHr_net_0 to one
Aliasing \timerpH:Net_260\ to \UART_PSOC:BUART:tx_hd_send_break\
Aliasing \timerpH:Net_102\ to one
Aliasing \resetTimerpH:clk\ to \UART_PSOC:BUART:tx_hd_send_break\
Aliasing \resetTimerpH:rst\ to \UART_PSOC:BUART:tx_hd_send_break\
Aliasing \UART_PSOC:BUART:reset_reg\\D\ to \UART_PSOC:BUART:tx_hd_send_break\
Aliasing \UART_PSOC:BUART:rx_break_status\\D\ to \UART_PSOC:BUART:tx_hd_send_break\
Aliasing \ADC_SA1:AMuxHw_2_Decoder_old_id_5\\D\ to \ADC_SA1:MODIN1_5\
Aliasing \ADC_SA1:AMuxHw_2_Decoder_old_id_4\\D\ to \ADC_SA1:MODIN1_4\
Aliasing \ADC_SA1:AMuxHw_2_Decoder_old_id_3\\D\ to \ADC_SA1:MODIN1_3\
Aliasing \ADC_SA1:AMuxHw_2_Decoder_old_id_2\\D\ to \ADC_SA1:MODIN1_2\
Aliasing \ADC_SA1:AMuxHw_2_Decoder_old_id_1\\D\ to \ADC_SA1:MODIN1_1\
Aliasing \ADC_SA1:AMuxHw_2_Decoder_old_id_0\\D\ to \ADC_SA1:MODIN1_0\
Aliasing \UART_ESP:BUART:reset_reg\\D\ to \UART_PSOC:BUART:tx_hd_send_break\
Aliasing \UART_ESP:BUART:rx_break_status\\D\ to \UART_PSOC:BUART:tx_hd_send_break\
Aliasing \PWM:PWMUDB:min_kill_reg\\D\ to one
Aliasing \PWM:PWMUDB:prevCapture\\D\ to \UART_PSOC:BUART:tx_hd_send_break\
Aliasing \PWM:PWMUDB:trig_last\\D\ to \UART_PSOC:BUART:tx_hd_send_break\
Aliasing \PWM:PWMUDB:ltch_kill_reg\\D\ to one
Aliasing \PWM:PWMUDB:tc_i_reg\\D\ to \PWM:PWMUDB:status_2\
Removing Lhs of wire \UART_PSOC:Net_61\[2] = \UART_PSOC:Net_9\[1]
Removing Lhs of wire \UART_PSOC:BUART:HalfDuplexSend\[8] = \UART_PSOC:BUART:tx_hd_send_break\[7]
Removing Lhs of wire \UART_PSOC:BUART:FinalParityType_1\[9] = \UART_PSOC:BUART:tx_hd_send_break\[7]
Removing Lhs of wire \UART_PSOC:BUART:FinalParityType_0\[10] = \UART_PSOC:BUART:tx_hd_send_break\[7]
Removing Lhs of wire \UART_PSOC:BUART:FinalAddrMode_2\[11] = \UART_PSOC:BUART:tx_hd_send_break\[7]
Removing Lhs of wire \UART_PSOC:BUART:FinalAddrMode_1\[12] = \UART_PSOC:BUART:tx_hd_send_break\[7]
Removing Lhs of wire \UART_PSOC:BUART:FinalAddrMode_0\[13] = \UART_PSOC:BUART:tx_hd_send_break\[7]
Removing Lhs of wire \UART_PSOC:BUART:tx_ctrl_mark\[14] = \UART_PSOC:BUART:tx_hd_send_break\[7]
Removing Rhs of wire \UART_PSOC:BUART:tx_bitclk_enable_pre\[26] = \UART_PSOC:BUART:tx_bitclk_dp\[63]
Removing Rhs of wire zero[27] = \UART_PSOC:BUART:tx_hd_send_break\[7]
Removing Lhs of wire \UART_PSOC:BUART:tx_counter_tc\[73] = \UART_PSOC:BUART:tx_counter_dp\[64]
Removing Lhs of wire \UART_PSOC:BUART:tx_status_6\[74] = zero[27]
Removing Lhs of wire \UART_PSOC:BUART:tx_status_5\[75] = zero[27]
Removing Lhs of wire \UART_PSOC:BUART:tx_status_4\[76] = zero[27]
Removing Lhs of wire \UART_PSOC:BUART:tx_status_1\[78] = \UART_PSOC:BUART:tx_fifo_empty\[41]
Removing Lhs of wire \UART_PSOC:BUART:tx_status_3\[80] = \UART_PSOC:BUART:tx_fifo_notfull\[40]
Removing Lhs of wire \UART_PSOC:BUART:rx_count7_bit8_wire\[140] = zero[27]
Removing Rhs of wire add_vv_vv_MODGEN_2_1[148] = \UART_PSOC:BUART:sRX:s23Poll:MODULE_2:g2:a0:s_1\[159]
Removing Rhs of wire add_vv_vv_MODGEN_2_0[150] = \UART_PSOC:BUART:sRX:s23Poll:MODULE_2:g2:a0:s_0\[160]
Removing Lhs of wire cmp_vv_vv_MODGEN_3[151] = \UART_PSOC:BUART:sRX:s23Poll:MODULE_3:g2:a0:lta_0\[176]
Removing Lhs of wire cmp_vv_vv_MODGEN_4[152] = \UART_PSOC:BUART:sRX:s23Poll:MODULE_4:g2:a0:lta_0\[190]
Removing Lhs of wire \UART_PSOC:BUART:sRX:s23Poll:MODULE_2:g2:a0:a_1\[153] = MODIN3_1[154]
Removing Rhs of wire MODIN3_1[154] = \UART_PSOC:BUART:pollcount_1\[146]
Removing Lhs of wire \UART_PSOC:BUART:sRX:s23Poll:MODULE_2:g2:a0:a_0\[155] = MODIN3_0[156]
Removing Rhs of wire MODIN3_0[156] = \UART_PSOC:BUART:pollcount_0\[149]
Removing Lhs of wire \UART_PSOC:BUART:sRX:s23Poll:MODULE_2:g2:a0:g1:z1:s0:g1:u0:c_0\[162] = one[4]
Removing Lhs of wire \UART_PSOC:BUART:sRX:s23Poll:MODULE_2:g2:a0:g1:z1:s0:g1:u0:b_0\[163] = one[4]
Removing Lhs of wire \UART_PSOC:BUART:sRX:s23Poll:MODULE_3:g2:a0:newa_1\[164] = MODIN3_1[154]
Removing Lhs of wire MODIN4_1[165] = MODIN3_1[154]
Removing Lhs of wire \UART_PSOC:BUART:sRX:s23Poll:MODULE_3:g2:a0:newa_0\[166] = MODIN3_0[156]
Removing Lhs of wire MODIN4_0[167] = MODIN3_0[156]
Removing Lhs of wire \UART_PSOC:BUART:sRX:s23Poll:MODULE_3:g2:a0:newb_1\[168] = zero[27]
Removing Lhs of wire \UART_PSOC:BUART:sRX:s23Poll:MODULE_3:g2:a0:newb_0\[169] = one[4]
Removing Lhs of wire \UART_PSOC:BUART:sRX:s23Poll:MODULE_3:g2:a0:dataa_1\[170] = MODIN3_1[154]
Removing Lhs of wire \UART_PSOC:BUART:sRX:s23Poll:MODULE_3:g2:a0:dataa_0\[171] = MODIN3_0[156]
Removing Lhs of wire \UART_PSOC:BUART:sRX:s23Poll:MODULE_3:g2:a0:datab_1\[172] = zero[27]
Removing Lhs of wire \UART_PSOC:BUART:sRX:s23Poll:MODULE_3:g2:a0:datab_0\[173] = one[4]
Removing Lhs of wire \UART_PSOC:BUART:sRX:s23Poll:MODULE_4:g2:a0:newa_1\[178] = MODIN3_1[154]
Removing Lhs of wire MODIN5_1[179] = MODIN3_1[154]
Removing Lhs of wire \UART_PSOC:BUART:sRX:s23Poll:MODULE_4:g2:a0:newa_0\[180] = MODIN3_0[156]
Removing Lhs of wire MODIN5_0[181] = MODIN3_0[156]
Removing Lhs of wire \UART_PSOC:BUART:sRX:s23Poll:MODULE_4:g2:a0:newb_1\[182] = one[4]
Removing Lhs of wire \UART_PSOC:BUART:sRX:s23Poll:MODULE_4:g2:a0:newb_0\[183] = zero[27]
Removing Lhs of wire \UART_PSOC:BUART:sRX:s23Poll:MODULE_4:g2:a0:dataa_1\[184] = MODIN3_1[154]
Removing Lhs of wire \UART_PSOC:BUART:sRX:s23Poll:MODULE_4:g2:a0:dataa_0\[185] = MODIN3_0[156]
Removing Lhs of wire \UART_PSOC:BUART:sRX:s23Poll:MODULE_4:g2:a0:datab_1\[186] = one[4]
Removing Lhs of wire \UART_PSOC:BUART:sRX:s23Poll:MODULE_4:g2:a0:datab_0\[187] = zero[27]
Removing Lhs of wire \UART_PSOC:BUART:rx_status_1\[194] = zero[27]
Removing Rhs of wire \UART_PSOC:BUART:rx_status_2\[195] = \UART_PSOC:BUART:rx_parity_error_status\[196]
Removing Rhs of wire \UART_PSOC:BUART:rx_status_3\[197] = \UART_PSOC:BUART:rx_stop_bit_error\[198]
Removing Lhs of wire cmp_vv_vv_MODGEN_5[208] = \UART_PSOC:BUART:sRX:MODULE_5:g2:a0:lta_0\[257]
Removing Lhs of wire cmp_vv_vv_MODGEN_6[212] = \UART_PSOC:BUART:sRX:MODULE_6:g1:a0:xneq\[279]
Removing Lhs of wire \UART_PSOC:BUART:sRX:MODULE_5:g2:a0:newa_6\[213] = zero[27]
Removing Lhs of wire \UART_PSOC:BUART:sRX:MODULE_5:g2:a0:newa_5\[214] = zero[27]
Removing Lhs of wire \UART_PSOC:BUART:sRX:MODULE_5:g2:a0:newa_4\[215] = zero[27]
Removing Lhs of wire \UART_PSOC:BUART:sRX:MODULE_5:g2:a0:newa_3\[216] = MODIN6_6[217]
Removing Rhs of wire MODIN6_6[217] = \UART_PSOC:BUART:rx_count_6\[135]
Removing Lhs of wire \UART_PSOC:BUART:sRX:MODULE_5:g2:a0:newa_2\[218] = MODIN6_5[219]
Removing Rhs of wire MODIN6_5[219] = \UART_PSOC:BUART:rx_count_5\[136]
Removing Lhs of wire \UART_PSOC:BUART:sRX:MODULE_5:g2:a0:newa_1\[220] = MODIN6_4[221]
Removing Rhs of wire MODIN6_4[221] = \UART_PSOC:BUART:rx_count_4\[137]
Removing Lhs of wire \UART_PSOC:BUART:sRX:MODULE_5:g2:a0:newa_0\[222] = MODIN6_3[223]
Removing Rhs of wire MODIN6_3[223] = \UART_PSOC:BUART:rx_count_3\[138]
Removing Lhs of wire \UART_PSOC:BUART:sRX:MODULE_5:g2:a0:newb_6\[224] = zero[27]
Removing Lhs of wire \UART_PSOC:BUART:sRX:MODULE_5:g2:a0:newb_5\[225] = zero[27]
Removing Lhs of wire \UART_PSOC:BUART:sRX:MODULE_5:g2:a0:newb_4\[226] = zero[27]
Removing Lhs of wire \UART_PSOC:BUART:sRX:MODULE_5:g2:a0:newb_3\[227] = zero[27]
Removing Lhs of wire \UART_PSOC:BUART:sRX:MODULE_5:g2:a0:newb_2\[228] = one[4]
Removing Lhs of wire \UART_PSOC:BUART:sRX:MODULE_5:g2:a0:newb_1\[229] = one[4]
Removing Lhs of wire \UART_PSOC:BUART:sRX:MODULE_5:g2:a0:newb_0\[230] = zero[27]
Removing Lhs of wire \UART_PSOC:BUART:sRX:MODULE_5:g2:a0:dataa_6\[231] = zero[27]
Removing Lhs of wire \UART_PSOC:BUART:sRX:MODULE_5:g2:a0:dataa_5\[232] = zero[27]
Removing Lhs of wire \UART_PSOC:BUART:sRX:MODULE_5:g2:a0:dataa_4\[233] = zero[27]
Removing Lhs of wire \UART_PSOC:BUART:sRX:MODULE_5:g2:a0:dataa_3\[234] = MODIN6_6[217]
Removing Lhs of wire \UART_PSOC:BUART:sRX:MODULE_5:g2:a0:dataa_2\[235] = MODIN6_5[219]
Removing Lhs of wire \UART_PSOC:BUART:sRX:MODULE_5:g2:a0:dataa_1\[236] = MODIN6_4[221]
Removing Lhs of wire \UART_PSOC:BUART:sRX:MODULE_5:g2:a0:dataa_0\[237] = MODIN6_3[223]
Removing Lhs of wire \UART_PSOC:BUART:sRX:MODULE_5:g2:a0:datab_6\[238] = zero[27]
Removing Lhs of wire \UART_PSOC:BUART:sRX:MODULE_5:g2:a0:datab_5\[239] = zero[27]
Removing Lhs of wire \UART_PSOC:BUART:sRX:MODULE_5:g2:a0:datab_4\[240] = zero[27]
Removing Lhs of wire \UART_PSOC:BUART:sRX:MODULE_5:g2:a0:datab_3\[241] = zero[27]
Removing Lhs of wire \UART_PSOC:BUART:sRX:MODULE_5:g2:a0:datab_2\[242] = one[4]
Removing Lhs of wire \UART_PSOC:BUART:sRX:MODULE_5:g2:a0:datab_1\[243] = one[4]
Removing Lhs of wire \UART_PSOC:BUART:sRX:MODULE_5:g2:a0:datab_0\[244] = zero[27]
Removing Lhs of wire \UART_PSOC:BUART:sRX:MODULE_6:g1:a0:newa_0\[259] = \UART_PSOC:BUART:rx_postpoll\[94]
Removing Lhs of wire \UART_PSOC:BUART:sRX:MODULE_6:g1:a0:newb_0\[260] = \UART_PSOC:BUART:rx_parity_bit\[211]
Removing Lhs of wire \UART_PSOC:BUART:sRX:MODULE_6:g1:a0:dataa_0\[261] = \UART_PSOC:BUART:rx_postpoll\[94]
Removing Lhs of wire \UART_PSOC:BUART:sRX:MODULE_6:g1:a0:datab_0\[262] = \UART_PSOC:BUART:rx_parity_bit\[211]
Removing Lhs of wire \UART_PSOC:BUART:sRX:MODULE_6:g1:a0:gx:u0:a_0\[263] = \UART_PSOC:BUART:rx_postpoll\[94]
Removing Lhs of wire \UART_PSOC:BUART:sRX:MODULE_6:g1:a0:gx:u0:b_0\[264] = \UART_PSOC:BUART:rx_parity_bit\[211]
Removing Lhs of wire \UART_PSOC:BUART:sRX:MODULE_6:g1:a0:gx:u0:aeqb_0\[266] = one[4]
Removing Lhs of wire \UART_PSOC:BUART:sRX:MODULE_6:g1:a0:gx:u0:eq_0\[267] = \UART_PSOC:BUART:sRX:MODULE_6:g1:a0:gx:u0:xnor_array_0\[265]
Removing Lhs of wire \UART_PSOC:BUART:sRX:MODULE_6:g1:a0:gx:u0:eqi_0\[268] = \UART_PSOC:BUART:sRX:MODULE_6:g1:a0:gx:u0:xnor_array_0\[265]
Removing Lhs of wire tmpOE__Rx_1_net_0[290] = one[4]
Removing Lhs of wire tmpOE__Tx_1_net_0[295] = one[4]
Removing Lhs of wire tmpOE__Pin_S_A_1_net_0[301] = one[4]
Removing Lhs of wire tmpOE__Pin_S_A_net_0[308] = one[4]
Removing Lhs of wire tmpOE__Pin_LED_net_0[315] = one[4]
Removing Lhs of wire \ADC_SA1:AMuxHw_2_Decoder_enable\[320] = one[4]
Removing Lhs of wire \ADC_SA1:cmp_vv_vv_MODGEN_1\[322] = \ADC_SA1:MODULE_1:g1:a0:xeq\[655]
Removing Rhs of wire \ADC_SA1:clock\[323] = \ADC_SA1:Net_3874\[555]
Removing Rhs of wire \ADC_SA1:ch_addr_5\[325] = \ADC_SA1:bSAR_SEQ:count_5\[522]
Removing Rhs of wire \ADC_SA1:ch_addr_4\[327] = \ADC_SA1:bSAR_SEQ:count_4\[523]
Removing Rhs of wire \ADC_SA1:ch_addr_3\[329] = \ADC_SA1:bSAR_SEQ:count_3\[524]
Removing Rhs of wire \ADC_SA1:ch_addr_2\[331] = \ADC_SA1:bSAR_SEQ:count_2\[525]
Removing Rhs of wire \ADC_SA1:ch_addr_1\[333] = \ADC_SA1:bSAR_SEQ:count_1\[526]
Removing Rhs of wire \ADC_SA1:ch_addr_0\[335] = \ADC_SA1:bSAR_SEQ:count_0\[527]
Removing Lhs of wire \ADC_SA1:SAR:vp_ctl_0\[467] = zero[27]
Removing Lhs of wire \ADC_SA1:SAR:vp_ctl_2\[468] = zero[27]
Removing Lhs of wire \ADC_SA1:SAR:vn_ctl_1\[469] = zero[27]
Removing Lhs of wire \ADC_SA1:SAR:vn_ctl_3\[470] = zero[27]
Removing Lhs of wire \ADC_SA1:SAR:vp_ctl_1\[471] = zero[27]
Removing Lhs of wire \ADC_SA1:SAR:vp_ctl_3\[472] = zero[27]
Removing Lhs of wire \ADC_SA1:SAR:vn_ctl_0\[473] = zero[27]
Removing Lhs of wire \ADC_SA1:SAR:vn_ctl_2\[474] = zero[27]
Removing Lhs of wire \ADC_SA1:SAR:Net_188\[475] = \ADC_SA1:clock\[323]
Removing Lhs of wire \ADC_SA1:SAR:soc\[481] = zero[27]
Removing Rhs of wire \ADC_SA1:bSAR_SEQ:enable\[512] = \ADC_SA1:bSAR_SEQ:control_0\[513]
Removing Rhs of wire \ADC_SA1:bSAR_SEQ:load_period\[514] = \ADC_SA1:bSAR_SEQ:control_1\[515]
Removing Lhs of wire \ADC_SA1:bSAR_SEQ:status_7\[528] = zero[27]
Removing Lhs of wire \ADC_SA1:bSAR_SEQ:status_6\[529] = zero[27]
Removing Lhs of wire \ADC_SA1:bSAR_SEQ:status_5\[530] = zero[27]
Removing Lhs of wire \ADC_SA1:bSAR_SEQ:status_4\[531] = zero[27]
Removing Lhs of wire \ADC_SA1:bSAR_SEQ:status_3\[532] = zero[27]
Removing Lhs of wire \ADC_SA1:bSAR_SEQ:status_2\[533] = zero[27]
Removing Lhs of wire \ADC_SA1:bSAR_SEQ:status_1\[534] = zero[27]
Removing Rhs of wire \ADC_SA1:bSAR_SEQ:status_0\[535] = \ADC_SA1:bSAR_SEQ:nrq_edge_detect_reg\[536]
Removing Rhs of wire Net_25[543] = \ADC_SA1:bSAR_SEQ:status_0\[535]
Removing Lhs of wire \ADC_SA1:MODULE_1:g1:a0:newa_5\[566] = \ADC_SA1:MODIN1_5\[567]
Removing Lhs of wire \ADC_SA1:MODIN1_5\[567] = \ADC_SA1:ch_addr_5\[325]
Removing Lhs of wire \ADC_SA1:MODULE_1:g1:a0:newa_4\[568] = \ADC_SA1:MODIN1_4\[569]
Removing Lhs of wire \ADC_SA1:MODIN1_4\[569] = \ADC_SA1:ch_addr_4\[327]
Removing Lhs of wire \ADC_SA1:MODULE_1:g1:a0:newa_3\[570] = \ADC_SA1:MODIN1_3\[571]
Removing Lhs of wire \ADC_SA1:MODIN1_3\[571] = \ADC_SA1:ch_addr_3\[329]
Removing Lhs of wire \ADC_SA1:MODULE_1:g1:a0:newa_2\[572] = \ADC_SA1:MODIN1_2\[573]
Removing Lhs of wire \ADC_SA1:MODIN1_2\[573] = \ADC_SA1:ch_addr_2\[331]
Removing Lhs of wire \ADC_SA1:MODULE_1:g1:a0:newa_1\[574] = \ADC_SA1:MODIN1_1\[575]
Removing Lhs of wire \ADC_SA1:MODIN1_1\[575] = \ADC_SA1:ch_addr_1\[333]
Removing Lhs of wire \ADC_SA1:MODULE_1:g1:a0:newa_0\[576] = \ADC_SA1:MODIN1_0\[577]
Removing Lhs of wire \ADC_SA1:MODIN1_0\[577] = \ADC_SA1:ch_addr_0\[335]
Removing Lhs of wire \ADC_SA1:MODULE_1:g1:a0:newb_5\[578] = \ADC_SA1:MODIN2_5\[579]
Removing Lhs of wire \ADC_SA1:MODIN2_5\[579] = \ADC_SA1:AMuxHw_2_Decoder_old_id_5\[324]
Removing Lhs of wire \ADC_SA1:MODULE_1:g1:a0:newb_4\[580] = \ADC_SA1:MODIN2_4\[581]
Removing Lhs of wire \ADC_SA1:MODIN2_4\[581] = \ADC_SA1:AMuxHw_2_Decoder_old_id_4\[326]
Removing Lhs of wire \ADC_SA1:MODULE_1:g1:a0:newb_3\[582] = \ADC_SA1:MODIN2_3\[583]
Removing Lhs of wire \ADC_SA1:MODIN2_3\[583] = \ADC_SA1:AMuxHw_2_Decoder_old_id_3\[328]
Removing Lhs of wire \ADC_SA1:MODULE_1:g1:a0:newb_2\[584] = \ADC_SA1:MODIN2_2\[585]
Removing Lhs of wire \ADC_SA1:MODIN2_2\[585] = \ADC_SA1:AMuxHw_2_Decoder_old_id_2\[330]
Removing Lhs of wire \ADC_SA1:MODULE_1:g1:a0:newb_1\[586] = \ADC_SA1:MODIN2_1\[587]
Removing Lhs of wire \ADC_SA1:MODIN2_1\[587] = \ADC_SA1:AMuxHw_2_Decoder_old_id_1\[332]
Removing Lhs of wire \ADC_SA1:MODULE_1:g1:a0:newb_0\[588] = \ADC_SA1:MODIN2_0\[589]
Removing Lhs of wire \ADC_SA1:MODIN2_0\[589] = \ADC_SA1:AMuxHw_2_Decoder_old_id_0\[334]
Removing Lhs of wire \ADC_SA1:MODULE_1:g1:a0:dataa_5\[590] = \ADC_SA1:ch_addr_5\[325]
Removing Lhs of wire \ADC_SA1:MODULE_1:g1:a0:dataa_4\[591] = \ADC_SA1:ch_addr_4\[327]
Removing Lhs of wire \ADC_SA1:MODULE_1:g1:a0:dataa_3\[592] = \ADC_SA1:ch_addr_3\[329]
Removing Lhs of wire \ADC_SA1:MODULE_1:g1:a0:dataa_2\[593] = \ADC_SA1:ch_addr_2\[331]
Removing Lhs of wire \ADC_SA1:MODULE_1:g1:a0:dataa_1\[594] = \ADC_SA1:ch_addr_1\[333]
Removing Lhs of wire \ADC_SA1:MODULE_1:g1:a0:dataa_0\[595] = \ADC_SA1:ch_addr_0\[335]
Removing Lhs of wire \ADC_SA1:MODULE_1:g1:a0:datab_5\[596] = \ADC_SA1:AMuxHw_2_Decoder_old_id_5\[324]
Removing Lhs of wire \ADC_SA1:MODULE_1:g1:a0:datab_4\[597] = \ADC_SA1:AMuxHw_2_Decoder_old_id_4\[326]
Removing Lhs of wire \ADC_SA1:MODULE_1:g1:a0:datab_3\[598] = \ADC_SA1:AMuxHw_2_Decoder_old_id_3\[328]
Removing Lhs of wire \ADC_SA1:MODULE_1:g1:a0:datab_2\[599] = \ADC_SA1:AMuxHw_2_Decoder_old_id_2\[330]
Removing Lhs of wire \ADC_SA1:MODULE_1:g1:a0:datab_1\[600] = \ADC_SA1:AMuxHw_2_Decoder_old_id_1\[332]
Removing Lhs of wire \ADC_SA1:MODULE_1:g1:a0:datab_0\[601] = \ADC_SA1:AMuxHw_2_Decoder_old_id_0\[334]
Removing Lhs of wire \ADC_SA1:MODULE_1:g1:a0:gx:u0:a_5\[602] = \ADC_SA1:ch_addr_5\[325]
Removing Lhs of wire \ADC_SA1:MODULE_1:g1:a0:gx:u0:a_4\[603] = \ADC_SA1:ch_addr_4\[327]
Removing Lhs of wire \ADC_SA1:MODULE_1:g1:a0:gx:u0:a_3\[604] = \ADC_SA1:ch_addr_3\[329]
Removing Lhs of wire \ADC_SA1:MODULE_1:g1:a0:gx:u0:a_2\[605] = \ADC_SA1:ch_addr_2\[331]
Removing Lhs of wire \ADC_SA1:MODULE_1:g1:a0:gx:u0:a_1\[606] = \ADC_SA1:ch_addr_1\[333]
Removing Lhs of wire \ADC_SA1:MODULE_1:g1:a0:gx:u0:a_0\[607] = \ADC_SA1:ch_addr_0\[335]
Removing Lhs of wire \ADC_SA1:MODULE_1:g1:a0:gx:u0:b_5\[608] = \ADC_SA1:AMuxHw_2_Decoder_old_id_5\[324]
Removing Lhs of wire \ADC_SA1:MODULE_1:g1:a0:gx:u0:b_4\[609] = \ADC_SA1:AMuxHw_2_Decoder_old_id_4\[326]
Removing Lhs of wire \ADC_SA1:MODULE_1:g1:a0:gx:u0:b_3\[610] = \ADC_SA1:AMuxHw_2_Decoder_old_id_3\[328]
Removing Lhs of wire \ADC_SA1:MODULE_1:g1:a0:gx:u0:b_2\[611] = \ADC_SA1:AMuxHw_2_Decoder_old_id_2\[330]
Removing Lhs of wire \ADC_SA1:MODULE_1:g1:a0:gx:u0:b_1\[612] = \ADC_SA1:AMuxHw_2_Decoder_old_id_1\[332]
Removing Lhs of wire \ADC_SA1:MODULE_1:g1:a0:gx:u0:b_0\[613] = \ADC_SA1:AMuxHw_2_Decoder_old_id_0\[334]
Removing Lhs of wire \ADC_SA1:MODULE_1:g1:a0:gx:u0:aeqb_0\[620] = one[4]
Removing Lhs of wire \ADC_SA1:MODULE_1:g1:a0:gx:u0:eq_0\[621] = \ADC_SA1:MODULE_1:g1:a0:gx:u0:xnor_array_0\[619]
Removing Lhs of wire \ADC_SA1:MODULE_1:g1:a0:gx:u0:eqi_0\[627] = \ADC_SA1:MODULE_1:g1:a0:gx:u0:eq_5\[626]
Removing Rhs of wire \ADC_SA1:MODULE_1:g1:a0:xeq\[655] = \ADC_SA1:MODULE_1:g1:a0:gx:u0:aeqb_1\[628]
Removing Lhs of wire tmpOE__Pin_PH_net_0[667] = one[4]
Removing Lhs of wire tmpOE__Pin_LED_R_net_0[673] = one[4]
Removing Lhs of wire tmpOE__Pin_LED_V_net_0[679] = one[4]
Removing Lhs of wire \UART_ESP:Net_61\[686] = \UART_ESP:Net_9\[685]
Removing Lhs of wire \UART_ESP:BUART:tx_hd_send_break\[690] = zero[27]
Removing Lhs of wire \UART_ESP:BUART:HalfDuplexSend\[691] = zero[27]
Removing Lhs of wire \UART_ESP:BUART:FinalParityType_1\[692] = zero[27]
Removing Lhs of wire \UART_ESP:BUART:FinalParityType_0\[693] = zero[27]
Removing Lhs of wire \UART_ESP:BUART:FinalAddrMode_2\[694] = zero[27]
Removing Lhs of wire \UART_ESP:BUART:FinalAddrMode_1\[695] = zero[27]
Removing Lhs of wire \UART_ESP:BUART:FinalAddrMode_0\[696] = zero[27]
Removing Lhs of wire \UART_ESP:BUART:tx_ctrl_mark\[697] = zero[27]
Removing Rhs of wire Net_133[704] = \UART_ESP:BUART:rx_interrupt_out\[705]
Removing Rhs of wire \UART_ESP:BUART:tx_bitclk_enable_pre\[709] = \UART_ESP:BUART:tx_bitclk_dp\[745]
Removing Lhs of wire \UART_ESP:BUART:tx_counter_tc\[755] = \UART_ESP:BUART:tx_counter_dp\[746]
Removing Lhs of wire \UART_ESP:BUART:tx_status_6\[756] = zero[27]
Removing Lhs of wire \UART_ESP:BUART:tx_status_5\[757] = zero[27]
Removing Lhs of wire \UART_ESP:BUART:tx_status_4\[758] = zero[27]
Removing Lhs of wire \UART_ESP:BUART:tx_status_1\[760] = \UART_ESP:BUART:tx_fifo_empty\[723]
Removing Lhs of wire \UART_ESP:BUART:tx_status_3\[762] = \UART_ESP:BUART:tx_fifo_notfull\[722]
Removing Lhs of wire \UART_ESP:BUART:rx_count7_bit8_wire\[822] = zero[27]
Removing Lhs of wire \UART_ESP:BUART:sRX:s23Poll:add_vv_vv_MODGEN_7_1\[830] = \UART_ESP:BUART:sRX:s23Poll:MODULE_7:g2:a0:s_1\[841]
Removing Lhs of wire \UART_ESP:BUART:sRX:s23Poll:add_vv_vv_MODGEN_7_0\[832] = \UART_ESP:BUART:sRX:s23Poll:MODULE_7:g2:a0:s_0\[842]
Removing Lhs of wire \UART_ESP:BUART:sRX:s23Poll:cmp_vv_vv_MODGEN_8\[833] = \UART_ESP:BUART:sRX:s23Poll:MODULE_8:g2:a0:lta_0\[858]
Removing Lhs of wire \UART_ESP:BUART:sRX:s23Poll:cmp_vv_vv_MODGEN_9\[834] = \UART_ESP:BUART:sRX:s23Poll:MODULE_9:g2:a0:lta_0\[872]
Removing Lhs of wire \UART_ESP:BUART:sRX:s23Poll:MODULE_7:g2:a0:a_1\[835] = \UART_ESP:BUART:sRX:s23Poll:MODIN7_1\[836]
Removing Lhs of wire \UART_ESP:BUART:sRX:s23Poll:MODIN7_1\[836] = \UART_ESP:BUART:pollcount_1\[828]
Removing Lhs of wire \UART_ESP:BUART:sRX:s23Poll:MODULE_7:g2:a0:a_0\[837] = \UART_ESP:BUART:sRX:s23Poll:MODIN7_0\[838]
Removing Lhs of wire \UART_ESP:BUART:sRX:s23Poll:MODIN7_0\[838] = \UART_ESP:BUART:pollcount_0\[831]
Removing Lhs of wire \UART_ESP:BUART:sRX:s23Poll:MODULE_7:g2:a0:g1:z1:s0:g1:u0:c_0\[844] = one[4]
Removing Lhs of wire \UART_ESP:BUART:sRX:s23Poll:MODULE_7:g2:a0:g1:z1:s0:g1:u0:b_0\[845] = one[4]
Removing Lhs of wire \UART_ESP:BUART:sRX:s23Poll:MODULE_8:g2:a0:newa_1\[846] = \UART_ESP:BUART:pollcount_1\[828]
Removing Lhs of wire \UART_ESP:BUART:sRX:s23Poll:MODIN8_1\[847] = \UART_ESP:BUART:pollcount_1\[828]
Removing Lhs of wire \UART_ESP:BUART:sRX:s23Poll:MODULE_8:g2:a0:newa_0\[848] = \UART_ESP:BUART:pollcount_0\[831]
Removing Lhs of wire \UART_ESP:BUART:sRX:s23Poll:MODIN8_0\[849] = \UART_ESP:BUART:pollcount_0\[831]
Removing Lhs of wire \UART_ESP:BUART:sRX:s23Poll:MODULE_8:g2:a0:newb_1\[850] = zero[27]
Removing Lhs of wire \UART_ESP:BUART:sRX:s23Poll:MODULE_8:g2:a0:newb_0\[851] = one[4]
Removing Lhs of wire \UART_ESP:BUART:sRX:s23Poll:MODULE_8:g2:a0:dataa_1\[852] = \UART_ESP:BUART:pollcount_1\[828]
Removing Lhs of wire \UART_ESP:BUART:sRX:s23Poll:MODULE_8:g2:a0:dataa_0\[853] = \UART_ESP:BUART:pollcount_0\[831]
Removing Lhs of wire \UART_ESP:BUART:sRX:s23Poll:MODULE_8:g2:a0:datab_1\[854] = zero[27]
Removing Lhs of wire \UART_ESP:BUART:sRX:s23Poll:MODULE_8:g2:a0:datab_0\[855] = one[4]
Removing Lhs of wire \UART_ESP:BUART:sRX:s23Poll:MODULE_9:g2:a0:newa_1\[860] = \UART_ESP:BUART:pollcount_1\[828]
Removing Lhs of wire \UART_ESP:BUART:sRX:s23Poll:MODIN9_1\[861] = \UART_ESP:BUART:pollcount_1\[828]
Removing Lhs of wire \UART_ESP:BUART:sRX:s23Poll:MODULE_9:g2:a0:newa_0\[862] = \UART_ESP:BUART:pollcount_0\[831]
Removing Lhs of wire \UART_ESP:BUART:sRX:s23Poll:MODIN9_0\[863] = \UART_ESP:BUART:pollcount_0\[831]
Removing Lhs of wire \UART_ESP:BUART:sRX:s23Poll:MODULE_9:g2:a0:newb_1\[864] = one[4]
Removing Lhs of wire \UART_ESP:BUART:sRX:s23Poll:MODULE_9:g2:a0:newb_0\[865] = zero[27]
Removing Lhs of wire \UART_ESP:BUART:sRX:s23Poll:MODULE_9:g2:a0:dataa_1\[866] = \UART_ESP:BUART:pollcount_1\[828]
Removing Lhs of wire \UART_ESP:BUART:sRX:s23Poll:MODULE_9:g2:a0:dataa_0\[867] = \UART_ESP:BUART:pollcount_0\[831]
Removing Lhs of wire \UART_ESP:BUART:sRX:s23Poll:MODULE_9:g2:a0:datab_1\[868] = one[4]
Removing Lhs of wire \UART_ESP:BUART:sRX:s23Poll:MODULE_9:g2:a0:datab_0\[869] = zero[27]
Removing Lhs of wire \UART_ESP:BUART:rx_status_1\[876] = zero[27]
Removing Rhs of wire \UART_ESP:BUART:rx_status_2\[877] = \UART_ESP:BUART:rx_parity_error_status\[878]
Removing Rhs of wire \UART_ESP:BUART:rx_status_3\[879] = \UART_ESP:BUART:rx_stop_bit_error\[880]
Removing Lhs of wire \UART_ESP:BUART:sRX:cmp_vv_vv_MODGEN_10\[890] = \UART_ESP:BUART:sRX:MODULE_10:g2:a0:lta_0\[939]
Removing Lhs of wire \UART_ESP:BUART:sRX:cmp_vv_vv_MODGEN_11\[894] = \UART_ESP:BUART:sRX:MODULE_11:g1:a0:xneq\[961]
Removing Lhs of wire \UART_ESP:BUART:sRX:MODULE_10:g2:a0:newa_6\[895] = zero[27]
Removing Lhs of wire \UART_ESP:BUART:sRX:MODULE_10:g2:a0:newa_5\[896] = zero[27]
Removing Lhs of wire \UART_ESP:BUART:sRX:MODULE_10:g2:a0:newa_4\[897] = zero[27]
Removing Lhs of wire \UART_ESP:BUART:sRX:MODULE_10:g2:a0:newa_3\[898] = \UART_ESP:BUART:sRX:MODIN10_6\[899]
Removing Lhs of wire \UART_ESP:BUART:sRX:MODIN10_6\[899] = \UART_ESP:BUART:rx_count_6\[817]
Removing Lhs of wire \UART_ESP:BUART:sRX:MODULE_10:g2:a0:newa_2\[900] = \UART_ESP:BUART:sRX:MODIN10_5\[901]
Removing Lhs of wire \UART_ESP:BUART:sRX:MODIN10_5\[901] = \UART_ESP:BUART:rx_count_5\[818]
Removing Lhs of wire \UART_ESP:BUART:sRX:MODULE_10:g2:a0:newa_1\[902] = \UART_ESP:BUART:sRX:MODIN10_4\[903]
Removing Lhs of wire \UART_ESP:BUART:sRX:MODIN10_4\[903] = \UART_ESP:BUART:rx_count_4\[819]
Removing Lhs of wire \UART_ESP:BUART:sRX:MODULE_10:g2:a0:newa_0\[904] = \UART_ESP:BUART:sRX:MODIN10_3\[905]
Removing Lhs of wire \UART_ESP:BUART:sRX:MODIN10_3\[905] = \UART_ESP:BUART:rx_count_3\[820]
Removing Lhs of wire \UART_ESP:BUART:sRX:MODULE_10:g2:a0:newb_6\[906] = zero[27]
Removing Lhs of wire \UART_ESP:BUART:sRX:MODULE_10:g2:a0:newb_5\[907] = zero[27]
Removing Lhs of wire \UART_ESP:BUART:sRX:MODULE_10:g2:a0:newb_4\[908] = zero[27]
Removing Lhs of wire \UART_ESP:BUART:sRX:MODULE_10:g2:a0:newb_3\[909] = zero[27]
Removing Lhs of wire \UART_ESP:BUART:sRX:MODULE_10:g2:a0:newb_2\[910] = one[4]
Removing Lhs of wire \UART_ESP:BUART:sRX:MODULE_10:g2:a0:newb_1\[911] = one[4]
Removing Lhs of wire \UART_ESP:BUART:sRX:MODULE_10:g2:a0:newb_0\[912] = zero[27]
Removing Lhs of wire \UART_ESP:BUART:sRX:MODULE_10:g2:a0:dataa_6\[913] = zero[27]
Removing Lhs of wire \UART_ESP:BUART:sRX:MODULE_10:g2:a0:dataa_5\[914] = zero[27]
Removing Lhs of wire \UART_ESP:BUART:sRX:MODULE_10:g2:a0:dataa_4\[915] = zero[27]
Removing Lhs of wire \UART_ESP:BUART:sRX:MODULE_10:g2:a0:dataa_3\[916] = \UART_ESP:BUART:rx_count_6\[817]
Removing Lhs of wire \UART_ESP:BUART:sRX:MODULE_10:g2:a0:dataa_2\[917] = \UART_ESP:BUART:rx_count_5\[818]
Removing Lhs of wire \UART_ESP:BUART:sRX:MODULE_10:g2:a0:dataa_1\[918] = \UART_ESP:BUART:rx_count_4\[819]
Removing Lhs of wire \UART_ESP:BUART:sRX:MODULE_10:g2:a0:dataa_0\[919] = \UART_ESP:BUART:rx_count_3\[820]
Removing Lhs of wire \UART_ESP:BUART:sRX:MODULE_10:g2:a0:datab_6\[920] = zero[27]
Removing Lhs of wire \UART_ESP:BUART:sRX:MODULE_10:g2:a0:datab_5\[921] = zero[27]
Removing Lhs of wire \UART_ESP:BUART:sRX:MODULE_10:g2:a0:datab_4\[922] = zero[27]
Removing Lhs of wire \UART_ESP:BUART:sRX:MODULE_10:g2:a0:datab_3\[923] = zero[27]
Removing Lhs of wire \UART_ESP:BUART:sRX:MODULE_10:g2:a0:datab_2\[924] = one[4]
Removing Lhs of wire \UART_ESP:BUART:sRX:MODULE_10:g2:a0:datab_1\[925] = one[4]
Removing Lhs of wire \UART_ESP:BUART:sRX:MODULE_10:g2:a0:datab_0\[926] = zero[27]
Removing Lhs of wire \UART_ESP:BUART:sRX:MODULE_11:g1:a0:newa_0\[941] = \UART_ESP:BUART:rx_postpoll\[776]
Removing Lhs of wire \UART_ESP:BUART:sRX:MODULE_11:g1:a0:newb_0\[942] = \UART_ESP:BUART:rx_parity_bit\[893]
Removing Lhs of wire \UART_ESP:BUART:sRX:MODULE_11:g1:a0:dataa_0\[943] = \UART_ESP:BUART:rx_postpoll\[776]
Removing Lhs of wire \UART_ESP:BUART:sRX:MODULE_11:g1:a0:datab_0\[944] = \UART_ESP:BUART:rx_parity_bit\[893]
Removing Lhs of wire \UART_ESP:BUART:sRX:MODULE_11:g1:a0:gx:u0:a_0\[945] = \UART_ESP:BUART:rx_postpoll\[776]
Removing Lhs of wire \UART_ESP:BUART:sRX:MODULE_11:g1:a0:gx:u0:b_0\[946] = \UART_ESP:BUART:rx_parity_bit\[893]
Removing Lhs of wire \UART_ESP:BUART:sRX:MODULE_11:g1:a0:gx:u0:aeqb_0\[948] = one[4]
Removing Lhs of wire \UART_ESP:BUART:sRX:MODULE_11:g1:a0:gx:u0:eq_0\[949] = \UART_ESP:BUART:sRX:MODULE_11:g1:a0:gx:u0:xnor_array_0\[947]
Removing Lhs of wire \UART_ESP:BUART:sRX:MODULE_11:g1:a0:gx:u0:eqi_0\[950] = \UART_ESP:BUART:sRX:MODULE_11:g1:a0:gx:u0:xnor_array_0\[947]
Removing Lhs of wire tmpOE__Rx_2_net_0[972] = one[4]
Removing Lhs of wire tmpOE__Tx_2_net_0[977] = one[4]
Removing Lhs of wire tmpOE__Pin_Bomba_net_0[983] = one[4]
Removing Lhs of wire \PWM:PWMUDB:ctrl_enable\[1003] = \PWM:PWMUDB:control_7\[995]
Removing Lhs of wire \PWM:PWMUDB:hwCapture\[1013] = zero[27]
Removing Lhs of wire \PWM:PWMUDB:hwEnable\[1014] = \PWM:PWMUDB:control_7\[995]
Removing Lhs of wire \PWM:PWMUDB:trig_out\[1018] = one[4]
Removing Lhs of wire \PWM:PWMUDB:runmode_enable\\R\[1020] = zero[27]
Removing Lhs of wire \PWM:PWMUDB:runmode_enable\\S\[1021] = zero[27]
Removing Lhs of wire \PWM:PWMUDB:final_enable\[1022] = \PWM:PWMUDB:runmode_enable\[1019]
Removing Lhs of wire \PWM:PWMUDB:ltch_kill_reg\\R\[1026] = zero[27]
Removing Lhs of wire \PWM:PWMUDB:ltch_kill_reg\\S\[1027] = zero[27]
Removing Lhs of wire \PWM:PWMUDB:min_kill_reg\\R\[1028] = zero[27]
Removing Lhs of wire \PWM:PWMUDB:min_kill_reg\\S\[1029] = zero[27]
Removing Lhs of wire \PWM:PWMUDB:final_kill\[1032] = one[4]
Removing Lhs of wire \PWM:PWMUDB:add_vi_vv_MODGEN_12_1\[1036] = \PWM:PWMUDB:MODULE_12:g2:a0:s_1\[1325]
Removing Lhs of wire \PWM:PWMUDB:add_vi_vv_MODGEN_12_0\[1038] = \PWM:PWMUDB:MODULE_12:g2:a0:s_0\[1326]
Removing Lhs of wire \PWM:PWMUDB:dith_count_1\\R\[1039] = zero[27]
Removing Lhs of wire \PWM:PWMUDB:dith_count_1\\S\[1040] = zero[27]
Removing Lhs of wire \PWM:PWMUDB:dith_count_0\\R\[1041] = zero[27]
Removing Lhs of wire \PWM:PWMUDB:dith_count_0\\S\[1042] = zero[27]
Removing Lhs of wire \PWM:PWMUDB:reset\[1045] = zero[27]
Removing Lhs of wire \PWM:PWMUDB:status_6\[1046] = zero[27]
Removing Rhs of wire \PWM:PWMUDB:status_5\[1047] = \PWM:PWMUDB:final_kill_reg\[1062]
Removing Lhs of wire \PWM:PWMUDB:status_4\[1048] = zero[27]
Removing Rhs of wire \PWM:PWMUDB:status_3\[1049] = \PWM:PWMUDB:fifo_full\[1069]
Removing Rhs of wire \PWM:PWMUDB:status_1\[1051] = \PWM:PWMUDB:cmp2_status_reg\[1061]
Removing Rhs of wire \PWM:PWMUDB:status_0\[1052] = \PWM:PWMUDB:cmp1_status_reg\[1060]
Removing Lhs of wire \PWM:PWMUDB:cmp1_status_reg\\R\[1063] = zero[27]
Removing Lhs of wire \PWM:PWMUDB:cmp1_status_reg\\S\[1064] = zero[27]
Removing Lhs of wire \PWM:PWMUDB:cmp2_status_reg\\R\[1065] = zero[27]
Removing Lhs of wire \PWM:PWMUDB:cmp2_status_reg\\S\[1066] = zero[27]
Removing Lhs of wire \PWM:PWMUDB:final_kill_reg\\R\[1067] = zero[27]
Removing Lhs of wire \PWM:PWMUDB:final_kill_reg\\S\[1068] = zero[27]
Removing Lhs of wire \PWM:PWMUDB:cs_addr_2\[1070] = \PWM:PWMUDB:tc_i\[1024]
Removing Lhs of wire \PWM:PWMUDB:cs_addr_1\[1071] = \PWM:PWMUDB:runmode_enable\[1019]
Removing Lhs of wire \PWM:PWMUDB:cs_addr_0\[1072] = zero[27]
Removing Lhs of wire \PWM:PWMUDB:compare1\[1153] = \PWM:PWMUDB:cmp1_less\[1124]
Removing Lhs of wire \PWM:PWMUDB:compare2\[1154] = \PWM:PWMUDB:cmp2_less\[1127]
Removing Rhs of wire Net_160[1164] = \PWM:PWMUDB:pwm1_i_reg\[1157]
Removing Rhs of wire Net_161[1165] = \PWM:PWMUDB:pwm2_i_reg\[1159]
Removing Lhs of wire \PWM:PWMUDB:pwm_temp\[1166] = zero[27]
Removing Lhs of wire \PWM:PWMUDB:MODULE_12:g2:a0:a_23\[1207] = zero[27]
Removing Lhs of wire \PWM:PWMUDB:MODULE_12:g2:a0:a_22\[1208] = zero[27]
Removing Lhs of wire \PWM:PWMUDB:MODULE_12:g2:a0:a_21\[1209] = zero[27]
Removing Lhs of wire \PWM:PWMUDB:MODULE_12:g2:a0:a_20\[1210] = zero[27]
Removing Lhs of wire \PWM:PWMUDB:MODULE_12:g2:a0:a_19\[1211] = zero[27]
Removing Lhs of wire \PWM:PWMUDB:MODULE_12:g2:a0:a_18\[1212] = zero[27]
Removing Lhs of wire \PWM:PWMUDB:MODULE_12:g2:a0:a_17\[1213] = zero[27]
Removing Lhs of wire \PWM:PWMUDB:MODULE_12:g2:a0:a_16\[1214] = zero[27]
Removing Lhs of wire \PWM:PWMUDB:MODULE_12:g2:a0:a_15\[1215] = zero[27]
Removing Lhs of wire \PWM:PWMUDB:MODULE_12:g2:a0:a_14\[1216] = zero[27]
Removing Lhs of wire \PWM:PWMUDB:MODULE_12:g2:a0:a_13\[1217] = zero[27]
Removing Lhs of wire \PWM:PWMUDB:MODULE_12:g2:a0:a_12\[1218] = zero[27]
Removing Lhs of wire \PWM:PWMUDB:MODULE_12:g2:a0:a_11\[1219] = zero[27]
Removing Lhs of wire \PWM:PWMUDB:MODULE_12:g2:a0:a_10\[1220] = zero[27]
Removing Lhs of wire \PWM:PWMUDB:MODULE_12:g2:a0:a_9\[1221] = zero[27]
Removing Lhs of wire \PWM:PWMUDB:MODULE_12:g2:a0:a_8\[1222] = zero[27]
Removing Lhs of wire \PWM:PWMUDB:MODULE_12:g2:a0:a_7\[1223] = zero[27]
Removing Lhs of wire \PWM:PWMUDB:MODULE_12:g2:a0:a_6\[1224] = zero[27]
Removing Lhs of wire \PWM:PWMUDB:MODULE_12:g2:a0:a_5\[1225] = zero[27]
Removing Lhs of wire \PWM:PWMUDB:MODULE_12:g2:a0:a_4\[1226] = zero[27]
Removing Lhs of wire \PWM:PWMUDB:MODULE_12:g2:a0:a_3\[1227] = zero[27]
Removing Lhs of wire \PWM:PWMUDB:MODULE_12:g2:a0:a_2\[1228] = zero[27]
Removing Lhs of wire \PWM:PWMUDB:MODULE_12:g2:a0:a_1\[1229] = \PWM:PWMUDB:MODIN11_1\[1230]
Removing Lhs of wire \PWM:PWMUDB:MODIN11_1\[1230] = \PWM:PWMUDB:dith_count_1\[1035]
Removing Lhs of wire \PWM:PWMUDB:MODULE_12:g2:a0:a_0\[1231] = \PWM:PWMUDB:MODIN11_0\[1232]
Removing Lhs of wire \PWM:PWMUDB:MODIN11_0\[1232] = \PWM:PWMUDB:dith_count_0\[1037]
Removing Lhs of wire \PWM:PWMUDB:MODULE_12:g2:a0:g1:z1:s0:g1:u0:c_0\[1364] = one[4]
Removing Lhs of wire \PWM:PWMUDB:MODULE_12:g2:a0:g1:z1:s0:g1:u0:b_0\[1365] = one[4]
Removing Lhs of wire tmpOE__pHe_net_0[1374] = one[4]
Removing Lhs of wire tmpOE__pHr_net_0[1380] = one[4]
Removing Lhs of wire \timerpH:Net_260\[1388] = zero[27]
Removing Lhs of wire \timerpH:Net_266\[1389] = one[4]
Removing Rhs of wire Net_168[1390] = \resetTimerpH:control_out_0\[1399]
Removing Rhs of wire Net_168[1390] = \resetTimerpH:control_0\[1422]
Removing Rhs of wire Net_173[1395] = \timerpH:Net_51\[1391]
Removing Lhs of wire \timerpH:Net_102\[1396] = one[4]
Removing Lhs of wire \resetTimerpH:clk\[1397] = zero[27]
Removing Lhs of wire \resetTimerpH:rst\[1398] = zero[27]
Removing Lhs of wire \UART_PSOC:BUART:reset_reg\\D\[1424] = zero[27]
Removing Lhs of wire \UART_PSOC:BUART:rx_bitclk\\D\[1439] = \UART_PSOC:BUART:rx_bitclk_pre\[129]
Removing Lhs of wire \UART_PSOC:BUART:rx_parity_error_pre\\D\[1448] = \UART_PSOC:BUART:rx_parity_error_pre\[206]
Removing Lhs of wire \UART_PSOC:BUART:rx_break_status\\D\[1449] = zero[27]
Removing Lhs of wire \ADC_SA1:AMuxHw_2_Decoder_old_id_5\\D\[1453] = \ADC_SA1:ch_addr_5\[325]
Removing Lhs of wire \ADC_SA1:AMuxHw_2_Decoder_old_id_4\\D\[1454] = \ADC_SA1:ch_addr_4\[327]
Removing Lhs of wire \ADC_SA1:AMuxHw_2_Decoder_old_id_3\\D\[1455] = \ADC_SA1:ch_addr_3\[329]
Removing Lhs of wire \ADC_SA1:AMuxHw_2_Decoder_old_id_2\\D\[1456] = \ADC_SA1:ch_addr_2\[331]
Removing Lhs of wire \ADC_SA1:AMuxHw_2_Decoder_old_id_1\\D\[1457] = \ADC_SA1:ch_addr_1\[333]
Removing Lhs of wire \ADC_SA1:AMuxHw_2_Decoder_old_id_0\\D\[1458] = \ADC_SA1:ch_addr_0\[335]
Removing Lhs of wire \ADC_SA1:bSAR_SEQ:nrq_edge_detect_reg\\D\[1523] = \ADC_SA1:bSAR_SEQ:nrq_edge_detect\[542]
Removing Lhs of wire \ADC_SA1:bSAR_SEQ:nrq_reg\\D\[1525] = \ADC_SA1:bSAR_SEQ:bus_clk_nrq_reg\[539]
Removing Lhs of wire \UART_ESP:BUART:reset_reg\\D\[1526] = zero[27]
Removing Lhs of wire \UART_ESP:BUART:rx_bitclk\\D\[1541] = \UART_ESP:BUART:rx_bitclk_pre\[811]
Removing Lhs of wire \UART_ESP:BUART:rx_parity_error_pre\\D\[1550] = \UART_ESP:BUART:rx_parity_error_pre\[888]
Removing Lhs of wire \UART_ESP:BUART:rx_break_status\\D\[1551] = zero[27]
Removing Lhs of wire \PWM:PWMUDB:min_kill_reg\\D\[1555] = one[4]
Removing Lhs of wire \PWM:PWMUDB:prevCapture\\D\[1556] = zero[27]
Removing Lhs of wire \PWM:PWMUDB:trig_last\\D\[1557] = zero[27]
Removing Lhs of wire \PWM:PWMUDB:ltch_kill_reg\\D\[1560] = one[4]
Removing Lhs of wire \PWM:PWMUDB:prevCompare1\\D\[1563] = \PWM:PWMUDB:cmp1\[1055]
Removing Lhs of wire \PWM:PWMUDB:prevCompare2\\D\[1564] = \PWM:PWMUDB:cmp2\[1058]
Removing Lhs of wire \PWM:PWMUDB:cmp1_status_reg\\D\[1565] = \PWM:PWMUDB:cmp1_status\[1056]
Removing Lhs of wire \PWM:PWMUDB:cmp2_status_reg\\D\[1566] = \PWM:PWMUDB:cmp2_status\[1059]
Removing Lhs of wire \PWM:PWMUDB:pwm_i_reg\\D\[1568] = \PWM:PWMUDB:pwm_i\[1156]
Removing Lhs of wire \PWM:PWMUDB:pwm1_i_reg\\D\[1569] = \PWM:PWMUDB:pwm1_i\[1158]
Removing Lhs of wire \PWM:PWMUDB:pwm2_i_reg\\D\[1570] = \PWM:PWMUDB:pwm2_i\[1160]
Removing Lhs of wire \PWM:PWMUDB:tc_i_reg\\D\[1571] = \PWM:PWMUDB:status_2\[1050]

------------------------------------------------------
Aliased 0 equations, 385 wires.
------------------------------------------------------

----------------------------------------------------------
Circuit simplification
----------------------------------------------------------

Substituting virtuals - pass 1:

Note:  Expanding virtual equation for 'one' (cost = 0):
one <=  ('1') ;

Note:  Expanding virtual equation for 'zero' (cost = 0):
zero <=  ('0') ;

Note:  Expanding virtual equation for '\UART_PSOC:BUART:rx_addressmatch\' (cost = 0):
\UART_PSOC:BUART:rx_addressmatch\ <= (\UART_PSOC:BUART:rx_addressmatch2\
	OR \UART_PSOC:BUART:rx_addressmatch1\);

Note:  Expanding virtual equation for '\UART_PSOC:BUART:rx_bitclk_pre\' (cost = 1):
\UART_PSOC:BUART:rx_bitclk_pre\ <= ((not \UART_PSOC:BUART:rx_count_2\ and not \UART_PSOC:BUART:rx_count_1\ and not \UART_PSOC:BUART:rx_count_0\));

Note:  Expanding virtual equation for '\UART_PSOC:BUART:rx_bitclk_pre16x\' (cost = 0):
\UART_PSOC:BUART:rx_bitclk_pre16x\ <= ((not \UART_PSOC:BUART:rx_count_2\ and \UART_PSOC:BUART:rx_count_1\ and \UART_PSOC:BUART:rx_count_0\));

Note:  Expanding virtual equation for '\UART_PSOC:BUART:rx_poll_bit1\' (cost = 1):
\UART_PSOC:BUART:rx_poll_bit1\ <= ((not \UART_PSOC:BUART:rx_count_2\ and not \UART_PSOC:BUART:rx_count_1\ and \UART_PSOC:BUART:rx_count_0\));

Note:  Expanding virtual equation for '\UART_PSOC:BUART:rx_poll_bit2\' (cost = 1):
\UART_PSOC:BUART:rx_poll_bit2\ <= ((not \UART_PSOC:BUART:rx_count_2\ and not \UART_PSOC:BUART:rx_count_1\ and not \UART_PSOC:BUART:rx_count_0\));

Note:  Expanding virtual equation for '\UART_PSOC:BUART:pollingrange\' (cost = 4):
\UART_PSOC:BUART:pollingrange\ <= ((not \UART_PSOC:BUART:rx_count_2\ and not \UART_PSOC:BUART:rx_count_1\));

Note:  Expanding virtual equation for '\UART_PSOC:BUART:sRX:s23Poll:MODULE_2:g2:a0:g1:z1:s0:g1:u0:c_1\' (cost = 0):
\UART_PSOC:BUART:sRX:s23Poll:MODULE_2:g2:a0:g1:z1:s0:g1:u0:c_1\ <= (MODIN3_0);

Note:  Expanding virtual equation for 'add_vv_vv_MODGEN_2_0' (cost = 0):
add_vv_vv_MODGEN_2_0 <= (not MODIN3_0);

Note:  Expanding virtual equation for '\UART_PSOC:BUART:sRX:s23Poll:MODULE_3:g2:a0:lta_1\' (cost = 0):
\UART_PSOC:BUART:sRX:s23Poll:MODULE_3:g2:a0:lta_1\ <=  ('0') ;

Note:  Expanding virtual equation for '\UART_PSOC:BUART:sRX:s23Poll:MODULE_3:g2:a0:gta_1\' (cost = 0):
\UART_PSOC:BUART:sRX:s23Poll:MODULE_3:g2:a0:gta_1\ <= (MODIN3_1);

Note:  Expanding virtual equation for '\UART_PSOC:BUART:sRX:s23Poll:MODULE_4:g2:a0:lta_1\' (cost = 0):
\UART_PSOC:BUART:sRX:s23Poll:MODULE_4:g2:a0:lta_1\ <= (not MODIN3_1);

Note:  Expanding virtual equation for '\UART_PSOC:BUART:sRX:s23Poll:MODULE_4:g2:a0:gta_1\' (cost = 0):
\UART_PSOC:BUART:sRX:s23Poll:MODULE_4:g2:a0:gta_1\ <=  ('0') ;

Note:  Expanding virtual equation for '\UART_PSOC:BUART:sRX:MODULE_5:g2:a0:lta_6\' (cost = 0):
\UART_PSOC:BUART:sRX:MODULE_5:g2:a0:lta_6\ <=  ('0') ;

Note:  Expanding virtual equation for '\UART_PSOC:BUART:sRX:MODULE_5:g2:a0:gta_6\' (cost = 0):
\UART_PSOC:BUART:sRX:MODULE_5:g2:a0:gta_6\ <=  ('0') ;

Note:  Expanding virtual equation for '\UART_PSOC:BUART:sRX:MODULE_5:g2:a0:lta_5\' (cost = 0):
\UART_PSOC:BUART:sRX:MODULE_5:g2:a0:lta_5\ <=  ('0') ;

Note:  Expanding virtual equation for '\UART_PSOC:BUART:sRX:MODULE_5:g2:a0:gta_5\' (cost = 0):
\UART_PSOC:BUART:sRX:MODULE_5:g2:a0:gta_5\ <=  ('0') ;

Note:  Expanding virtual equation for '\UART_PSOC:BUART:sRX:MODULE_5:g2:a0:lta_4\' (cost = 0):
\UART_PSOC:BUART:sRX:MODULE_5:g2:a0:lta_4\ <=  ('0') ;

Note:  Expanding virtual equation for '\UART_PSOC:BUART:sRX:MODULE_5:g2:a0:gta_4\' (cost = 0):
\UART_PSOC:BUART:sRX:MODULE_5:g2:a0:gta_4\ <=  ('0') ;

Note:  Expanding virtual equation for '\UART_PSOC:BUART:sRX:MODULE_5:g2:a0:lta_3\' (cost = 0):
\UART_PSOC:BUART:sRX:MODULE_5:g2:a0:lta_3\ <=  ('0') ;

Note:  Expanding virtual equation for '\UART_PSOC:BUART:sRX:MODULE_5:g2:a0:gta_3\' (cost = 0):
\UART_PSOC:BUART:sRX:MODULE_5:g2:a0:gta_3\ <= (MODIN6_6);

Note:  Expanding virtual equation for '\UART_PSOC:BUART:sRX:MODULE_5:g2:a0:lta_2\' (cost = 1):
\UART_PSOC:BUART:sRX:MODULE_5:g2:a0:lta_2\ <= ((not MODIN6_6 and not MODIN6_5));

Note:  Expanding virtual equation for '\UART_PSOC:BUART:sRX:MODULE_5:g2:a0:gta_2\' (cost = 0):
\UART_PSOC:BUART:sRX:MODULE_5:g2:a0:gta_2\ <= (MODIN6_6);

Note:  Expanding virtual equation for '\UART_PSOC:BUART:sRX:MODULE_5:g2:a0:lta_1\' (cost = 2):
\UART_PSOC:BUART:sRX:MODULE_5:g2:a0:lta_1\ <= ((not MODIN6_6 and not MODIN6_4)
	OR (not MODIN6_6 and not MODIN6_5));

Note:  Expanding virtual equation for '\UART_PSOC:BUART:sRX:MODULE_5:g2:a0:gta_1\' (cost = 0):
\UART_PSOC:BUART:sRX:MODULE_5:g2:a0:gta_1\ <= (MODIN6_6);

Note:  Expanding virtual equation for '\UART_PSOC:BUART:sRX:MODULE_5:g2:a0:lta_0\' (cost = 8):
\UART_PSOC:BUART:sRX:MODULE_5:g2:a0:lta_0\ <= ((not MODIN6_6 and not MODIN6_4)
	OR (not MODIN6_6 and not MODIN6_5));

Note:  Expanding virtual equation for '\ADC_SA1:MODULE_1:g1:a0:gx:u0:xnor_array_5\' (cost = 6):
\ADC_SA1:MODULE_1:g1:a0:gx:u0:xnor_array_5\ <= ((not \ADC_SA1:AMuxHw_2_Decoder_old_id_5\ and not \ADC_SA1:ch_addr_5\)
	OR (\ADC_SA1:AMuxHw_2_Decoder_old_id_5\ and \ADC_SA1:ch_addr_5\));

Note:  Expanding virtual equation for '\ADC_SA1:MODULE_1:g1:a0:gx:u0:xnor_array_4\' (cost = 6):
\ADC_SA1:MODULE_1:g1:a0:gx:u0:xnor_array_4\ <= ((not \ADC_SA1:AMuxHw_2_Decoder_old_id_4\ and not \ADC_SA1:ch_addr_4\)
	OR (\ADC_SA1:AMuxHw_2_Decoder_old_id_4\ and \ADC_SA1:ch_addr_4\));

Note:  Expanding virtual equation for '\ADC_SA1:MODULE_1:g1:a0:gx:u0:xnor_array_3\' (cost = 2):
\ADC_SA1:MODULE_1:g1:a0:gx:u0:xnor_array_3\ <= ((not \ADC_SA1:AMuxHw_2_Decoder_old_id_3\ and not \ADC_SA1:ch_addr_3\)
	OR (\ADC_SA1:AMuxHw_2_Decoder_old_id_3\ and \ADC_SA1:ch_addr_3\));

Note:  Expanding virtual equation for '\ADC_SA1:MODULE_1:g1:a0:gx:u0:xnor_array_2\' (cost = 6):
\ADC_SA1:MODULE_1:g1:a0:gx:u0:xnor_array_2\ <= ((not \ADC_SA1:AMuxHw_2_Decoder_old_id_2\ and not \ADC_SA1:ch_addr_2\)
	OR (\ADC_SA1:AMuxHw_2_Decoder_old_id_2\ and \ADC_SA1:ch_addr_2\));

Note:  Expanding virtual equation for '\ADC_SA1:MODULE_1:g1:a0:gx:u0:xnor_array_1\' (cost = 6):
\ADC_SA1:MODULE_1:g1:a0:gx:u0:xnor_array_1\ <= ((not \ADC_SA1:AMuxHw_2_Decoder_old_id_1\ and not \ADC_SA1:ch_addr_1\)
	OR (\ADC_SA1:AMuxHw_2_Decoder_old_id_1\ and \ADC_SA1:ch_addr_1\));

Note:  Expanding virtual equation for '\ADC_SA1:MODULE_1:g1:a0:gx:u0:xnor_array_0\' (cost = 4):
\ADC_SA1:MODULE_1:g1:a0:gx:u0:xnor_array_0\ <= ((not \ADC_SA1:AMuxHw_2_Decoder_old_id_0\ and not \ADC_SA1:ch_addr_0\)
	OR (\ADC_SA1:AMuxHw_2_Decoder_old_id_0\ and \ADC_SA1:ch_addr_0\));

Note:  Expanding virtual equation for '\ADC_SA1:MODULE_1:g1:a0:gx:u0:eq_1\' (cost = 8):
\ADC_SA1:MODULE_1:g1:a0:gx:u0:eq_1\ <= ((not \ADC_SA1:AMuxHw_2_Decoder_old_id_1\ and not \ADC_SA1:ch_addr_1\ and not \ADC_SA1:AMuxHw_2_Decoder_old_id_0\ and not \ADC_SA1:ch_addr_0\)
	OR (not \ADC_SA1:AMuxHw_2_Decoder_old_id_1\ and not \ADC_SA1:ch_addr_1\ and \ADC_SA1:AMuxHw_2_Decoder_old_id_0\ and \ADC_SA1:ch_addr_0\)
	OR (not \ADC_SA1:AMuxHw_2_Decoder_old_id_0\ and not \ADC_SA1:ch_addr_0\ and \ADC_SA1:AMuxHw_2_Decoder_old_id_1\ and \ADC_SA1:ch_addr_1\)
	OR (\ADC_SA1:AMuxHw_2_Decoder_old_id_1\ and \ADC_SA1:ch_addr_1\ and \ADC_SA1:AMuxHw_2_Decoder_old_id_0\ and \ADC_SA1:ch_addr_0\));

Note:  Expanding virtual equation for '\ADC_SA1:MODULE_1:g1:a0:gx:u0:eq_2\' (cost = 16):
\ADC_SA1:MODULE_1:g1:a0:gx:u0:eq_2\ <= ((not \ADC_SA1:AMuxHw_2_Decoder_old_id_2\ and not \ADC_SA1:ch_addr_2\ and not \ADC_SA1:AMuxHw_2_Decoder_old_id_1\ and not \ADC_SA1:ch_addr_1\ and not \ADC_SA1:AMuxHw_2_Decoder_old_id_0\ and not \ADC_SA1:ch_addr_0\)
	OR (not \ADC_SA1:AMuxHw_2_Decoder_old_id_2\ and not \ADC_SA1:ch_addr_2\ and not \ADC_SA1:AMuxHw_2_Decoder_old_id_1\ and not \ADC_SA1:ch_addr_1\ and \ADC_SA1:AMuxHw_2_Decoder_old_id_0\ and \ADC_SA1:ch_addr_0\)
	OR (not \ADC_SA1:AMuxHw_2_Decoder_old_id_2\ and not \ADC_SA1:ch_addr_2\ and not \ADC_SA1:AMuxHw_2_Decoder_old_id_0\ and not \ADC_SA1:ch_addr_0\ and \ADC_SA1:AMuxHw_2_Decoder_old_id_1\ and \ADC_SA1:ch_addr_1\)
	OR (not \ADC_SA1:AMuxHw_2_Decoder_old_id_2\ and not \ADC_SA1:ch_addr_2\ and \ADC_SA1:AMuxHw_2_Decoder_old_id_1\ and \ADC_SA1:ch_addr_1\ and \ADC_SA1:AMuxHw_2_Decoder_old_id_0\ and \ADC_SA1:ch_addr_0\)
	OR (not \ADC_SA1:AMuxHw_2_Decoder_old_id_1\ and not \ADC_SA1:ch_addr_1\ and not \ADC_SA1:AMuxHw_2_Decoder_old_id_0\ and not \ADC_SA1:ch_addr_0\ and \ADC_SA1:AMuxHw_2_Decoder_old_id_2\ and \ADC_SA1:ch_addr_2\)
	OR (not \ADC_SA1:AMuxHw_2_Decoder_old_id_1\ and not \ADC_SA1:ch_addr_1\ and \ADC_SA1:AMuxHw_2_Decoder_old_id_2\ and \ADC_SA1:ch_addr_2\ and \ADC_SA1:AMuxHw_2_Decoder_old_id_0\ and \ADC_SA1:ch_addr_0\)
	OR (not \ADC_SA1:AMuxHw_2_Decoder_old_id_0\ and not \ADC_SA1:ch_addr_0\ and \ADC_SA1:AMuxHw_2_Decoder_old_id_2\ and \ADC_SA1:ch_addr_2\ and \ADC_SA1:AMuxHw_2_Decoder_old_id_1\ and \ADC_SA1:ch_addr_1\)
	OR (\ADC_SA1:AMuxHw_2_Decoder_old_id_2\ and \ADC_SA1:ch_addr_2\ and \ADC_SA1:AMuxHw_2_Decoder_old_id_1\ and \ADC_SA1:ch_addr_1\ and \ADC_SA1:AMuxHw_2_Decoder_old_id_0\ and \ADC_SA1:ch_addr_0\));

Note:  Expanding virtual equation for '\ADC_SA1:MODULE_1:g1:a0:gx:u0:eq_3\' (cost = 32):
\ADC_SA1:MODULE_1:g1:a0:gx:u0:eq_3\ <= ((not \ADC_SA1:AMuxHw_2_Decoder_old_id_3\ and not \ADC_SA1:ch_addr_3\ and not \ADC_SA1:AMuxHw_2_Decoder_old_id_2\ and not \ADC_SA1:ch_addr_2\ and not \ADC_SA1:AMuxHw_2_Decoder_old_id_1\ and not \ADC_SA1:ch_addr_1\ and not \ADC_SA1:AMuxHw_2_Decoder_old_id_0\ and not \ADC_SA1:ch_addr_0\)
	OR (not \ADC_SA1:AMuxHw_2_Decoder_old_id_3\ and not \ADC_SA1:ch_addr_3\ and not \ADC_SA1:AMuxHw_2_Decoder_old_id_2\ and not \ADC_SA1:ch_addr_2\ and not \ADC_SA1:AMuxHw_2_Decoder_old_id_1\ and not \ADC_SA1:ch_addr_1\ and \ADC_SA1:AMuxHw_2_Decoder_old_id_0\ and \ADC_SA1:ch_addr_0\)
	OR (not \ADC_SA1:AMuxHw_2_Decoder_old_id_3\ and not \ADC_SA1:ch_addr_3\ and not \ADC_SA1:AMuxHw_2_Decoder_old_id_2\ and not \ADC_SA1:ch_addr_2\ and not \ADC_SA1:AMuxHw_2_Decoder_old_id_0\ and not \ADC_SA1:ch_addr_0\ and \ADC_SA1:AMuxHw_2_Decoder_old_id_1\ and \ADC_SA1:ch_addr_1\)
	OR (not \ADC_SA1:AMuxHw_2_Decoder_old_id_3\ and not \ADC_SA1:ch_addr_3\ and not \ADC_SA1:AMuxHw_2_Decoder_old_id_2\ and not \ADC_SA1:ch_addr_2\ and \ADC_SA1:AMuxHw_2_Decoder_old_id_1\ and \ADC_SA1:ch_addr_1\ and \ADC_SA1:AMuxHw_2_Decoder_old_id_0\ and \ADC_SA1:ch_addr_0\)
	OR (not \ADC_SA1:AMuxHw_2_Decoder_old_id_3\ and not \ADC_SA1:ch_addr_3\ and not \ADC_SA1:AMuxHw_2_Decoder_old_id_1\ and not \ADC_SA1:ch_addr_1\ and not \ADC_SA1:AMuxHw_2_Decoder_old_id_0\ and not \ADC_SA1:ch_addr_0\ and \ADC_SA1:AMuxHw_2_Decoder_old_id_2\ and \ADC_SA1:ch_addr_2\)
	OR (not \ADC_SA1:AMuxHw_2_Decoder_old_id_3\ and not \ADC_SA1:ch_addr_3\ and not \ADC_SA1:AMuxHw_2_Decoder_old_id_1\ and not \ADC_SA1:ch_addr_1\ and \ADC_SA1:AMuxHw_2_Decoder_old_id_2\ and \ADC_SA1:ch_addr_2\ and \ADC_SA1:AMuxHw_2_Decoder_old_id_0\ and \ADC_SA1:ch_addr_0\)
	OR (not \ADC_SA1:AMuxHw_2_Decoder_old_id_3\ and not \ADC_SA1:ch_addr_3\ and not \ADC_SA1:AMuxHw_2_Decoder_old_id_0\ and not \ADC_SA1:ch_addr_0\ and \ADC_SA1:AMuxHw_2_Decoder_old_id_2\ and \ADC_SA1:ch_addr_2\ and \ADC_SA1:AMuxHw_2_Decoder_old_id_1\ and \ADC_SA1:ch_addr_1\)
	OR (not \ADC_SA1:AMuxHw_2_Decoder_old_id_3\ and not \ADC_SA1:ch_addr_3\ and \ADC_SA1:AMuxHw_2_Decoder_old_id_2\ and \ADC_SA1:ch_addr_2\ and \ADC_SA1:AMuxHw_2_Decoder_old_id_1\ and \ADC_SA1:ch_addr_1\ and \ADC_SA1:AMuxHw_2_Decoder_old_id_0\ and \ADC_SA1:ch_addr_0\)
	OR (not \ADC_SA1:AMuxHw_2_Decoder_old_id_2\ and not \ADC_SA1:ch_addr_2\ and not \ADC_SA1:AMuxHw_2_Decoder_old_id_1\ and not \ADC_SA1:ch_addr_1\ and not \ADC_SA1:AMuxHw_2_Decoder_old_id_0\ and not \ADC_SA1:ch_addr_0\ and \ADC_SA1:AMuxHw_2_Decoder_old_id_3\ and \ADC_SA1:ch_addr_3\)
	OR (not \ADC_SA1:AMuxHw_2_Decoder_old_id_2\ and not \ADC_SA1:ch_addr_2\ and not \ADC_SA1:AMuxHw_2_Decoder_old_id_1\ and not \ADC_SA1:ch_addr_1\ and \ADC_SA1:AMuxHw_2_Decoder_old_id_3\ and \ADC_SA1:ch_addr_3\ and \ADC_SA1:AMuxHw_2_Decoder_old_id_0\ and \ADC_SA1:ch_addr_0\)
	OR (not \ADC_SA1:AMuxHw_2_Decoder_old_id_2\ and not \ADC_SA1:ch_addr_2\ and not \ADC_SA1:AMuxHw_2_Decoder_old_id_0\ and not \ADC_SA1:ch_addr_0\ and \ADC_SA1:AMuxHw_2_Decoder_old_id_3\ and \ADC_SA1:ch_addr_3\ and \ADC_SA1:AMuxHw_2_Decoder_old_id_1\ and \ADC_SA1:ch_addr_1\)
	OR (not \ADC_SA1:AMuxHw_2_Decoder_old_id_2\ and not \ADC_SA1:ch_addr_2\ and \ADC_SA1:AMuxHw_2_Decoder_old_id_3\ and \ADC_SA1:ch_addr_3\ and \ADC_SA1:AMuxHw_2_Decoder_old_id_1\ and \ADC_SA1:ch_addr_1\ and \ADC_SA1:AMuxHw_2_Decoder_old_id_0\ and \ADC_SA1:ch_addr_0\)
	OR (not \ADC_SA1:AMuxHw_2_Decoder_old_id_1\ and not \ADC_SA1:ch_addr_1\ and not \ADC_SA1:AMuxHw_2_Decoder_old_id_0\ and not \ADC_SA1:ch_addr_0\ and \ADC_SA1:AMuxHw_2_Decoder_old_id_3\ and \ADC_SA1:ch_addr_3\ and \ADC_SA1:AMuxHw_2_Decoder_old_id_2\ and \ADC_SA1:ch_addr_2\)
	OR (not \ADC_SA1:AMuxHw_2_Decoder_old_id_1\ and not \ADC_SA1:ch_addr_1\ and \ADC_SA1:AMuxHw_2_Decoder_old_id_3\ and \ADC_SA1:ch_addr_3\ and \ADC_SA1:AMuxHw_2_Decoder_old_id_2\ and \ADC_SA1:ch_addr_2\ and \ADC_SA1:AMuxHw_2_Decoder_old_id_0\ and \ADC_SA1:ch_addr_0\)
	OR (not \ADC_SA1:AMuxHw_2_Decoder_old_id_0\ and not \ADC_SA1:ch_addr_0\ and \ADC_SA1:AMuxHw_2_Decoder_old_id_3\ and \ADC_SA1:ch_addr_3\ and \ADC_SA1:AMuxHw_2_Decoder_old_id_2\ and \ADC_SA1:ch_addr_2\ and \ADC_SA1:AMuxHw_2_Decoder_old_id_1\ and \ADC_SA1:ch_addr_1\)
	OR (\ADC_SA1:AMuxHw_2_Decoder_old_id_3\ and \ADC_SA1:ch_addr_3\ and \ADC_SA1:AMuxHw_2_Decoder_old_id_2\ and \ADC_SA1:ch_addr_2\ and \ADC_SA1:AMuxHw_2_Decoder_old_id_1\ and \ADC_SA1:ch_addr_1\ and \ADC_SA1:AMuxHw_2_Decoder_old_id_0\ and \ADC_SA1:ch_addr_0\));

Note:  Expanding virtual equation for '\ADC_SA1:MODULE_1:g1:a0:gx:u0:eq_4\' (cost = 64):
\ADC_SA1:MODULE_1:g1:a0:gx:u0:eq_4\ <= ((not \ADC_SA1:AMuxHw_2_Decoder_old_id_4\ and not \ADC_SA1:ch_addr_4\ and not \ADC_SA1:AMuxHw_2_Decoder_old_id_3\ and not \ADC_SA1:ch_addr_3\ and not \ADC_SA1:AMuxHw_2_Decoder_old_id_2\ and not \ADC_SA1:ch_addr_2\ and not \ADC_SA1:AMuxHw_2_Decoder_old_id_1\ and not \ADC_SA1:ch_addr_1\ and not \ADC_SA1:AMuxHw_2_Decoder_old_id_0\ and not \ADC_SA1:ch_addr_0\)
	OR (not \ADC_SA1:AMuxHw_2_Decoder_old_id_4\ and not \ADC_SA1:ch_addr_4\ and not \ADC_SA1:AMuxHw_2_Decoder_old_id_3\ and not \ADC_SA1:ch_addr_3\ and not \ADC_SA1:AMuxHw_2_Decoder_old_id_2\ and not \ADC_SA1:ch_addr_2\ and not \ADC_SA1:AMuxHw_2_Decoder_old_id_1\ and not \ADC_SA1:ch_addr_1\ and \ADC_SA1:AMuxHw_2_Decoder_old_id_0\ and \ADC_SA1:ch_addr_0\)
	OR (not \ADC_SA1:AMuxHw_2_Decoder_old_id_4\ and not \ADC_SA1:ch_addr_4\ and not \ADC_SA1:AMuxHw_2_Decoder_old_id_3\ and not \ADC_SA1:ch_addr_3\ and not \ADC_SA1:AMuxHw_2_Decoder_old_id_2\ and not \ADC_SA1:ch_addr_2\ and not \ADC_SA1:AMuxHw_2_Decoder_old_id_0\ and not \ADC_SA1:ch_addr_0\ and \ADC_SA1:AMuxHw_2_Decoder_old_id_1\ and \ADC_SA1:ch_addr_1\)
	OR (not \ADC_SA1:AMuxHw_2_Decoder_old_id_4\ and not \ADC_SA1:ch_addr_4\ and not \ADC_SA1:AMuxHw_2_Decoder_old_id_3\ and not \ADC_SA1:ch_addr_3\ and not \ADC_SA1:AMuxHw_2_Decoder_old_id_2\ and not \ADC_SA1:ch_addr_2\ and \ADC_SA1:AMuxHw_2_Decoder_old_id_1\ and \ADC_SA1:ch_addr_1\ and \ADC_SA1:AMuxHw_2_Decoder_old_id_0\ and \ADC_SA1:ch_addr_0\)
	OR (not \ADC_SA1:AMuxHw_2_Decoder_old_id_4\ and not \ADC_SA1:ch_addr_4\ and not \ADC_SA1:AMuxHw_2_Decoder_old_id_3\ and not \ADC_SA1:ch_addr_3\ and not \ADC_SA1:AMuxHw_2_Decoder_old_id_1\ and not \ADC_SA1:ch_addr_1\ and not \ADC_SA1:AMuxHw_2_Decoder_old_id_0\ and not \ADC_SA1:ch_addr_0\ and \ADC_SA1:AMuxHw_2_Decoder_old_id_2\ and \ADC_SA1:ch_addr_2\)
	OR (not \ADC_SA1:AMuxHw_2_Decoder_old_id_4\ and not \ADC_SA1:ch_addr_4\ and not \ADC_SA1:AMuxHw_2_Decoder_old_id_3\ and not \ADC_SA1:ch_addr_3\ and not \ADC_SA1:AMuxHw_2_Decoder_old_id_1\ and not \ADC_SA1:ch_addr_1\ and \ADC_SA1:AMuxHw_2_Decoder_old_id_2\ and \ADC_SA1:ch_addr_2\ and \ADC_SA1:AMuxHw_2_Decoder_old_id_0\ and \ADC_SA1:ch_addr_0\)
	OR (not \ADC_SA1:AMuxHw_2_Decoder_old_id_4\ and not \ADC_SA1:ch_addr_4\ and not \ADC_SA1:AMuxHw_2_Decoder_old_id_3\ and not \ADC_SA1:ch_addr_3\ and not \ADC_SA1:AMuxHw_2_Decoder_old_id_0\ and not \ADC_SA1:ch_addr_0\ and \ADC_SA1:AMuxHw_2_Decoder_old_id_2\ and \ADC_SA1:ch_addr_2\ and \ADC_SA1:AMuxHw_2_Decoder_old_id_1\ and \ADC_SA1:ch_addr_1\)
	OR (not \ADC_SA1:AMuxHw_2_Decoder_old_id_4\ and not \ADC_SA1:ch_addr_4\ and not \ADC_SA1:AMuxHw_2_Decoder_old_id_3\ and not \ADC_SA1:ch_addr_3\ and \ADC_SA1:AMuxHw_2_Decoder_old_id_2\ and \ADC_SA1:ch_addr_2\ and \ADC_SA1:AMuxHw_2_Decoder_old_id_1\ and \ADC_SA1:ch_addr_1\ and \ADC_SA1:AMuxHw_2_Decoder_old_id_0\ and \ADC_SA1:ch_addr_0\)
	OR (not \ADC_SA1:AMuxHw_2_Decoder_old_id_4\ and not \ADC_SA1:ch_addr_4\ and not \ADC_SA1:AMuxHw_2_Decoder_old_id_2\ and not \ADC_SA1:ch_addr_2\ and not \ADC_SA1:AMuxHw_2_Decoder_old_id_1\ and not \ADC_SA1:ch_addr_1\ and not \ADC_SA1:AMuxHw_2_Decoder_old_id_0\ and not \ADC_SA1:ch_addr_0\ and \ADC_SA1:AMuxHw_2_Decoder_old_id_3\ and \ADC_SA1:ch_addr_3\)
	OR (not \ADC_SA1:AMuxHw_2_Decoder_old_id_4\ and not \ADC_SA1:ch_addr_4\ and not \ADC_SA1:AMuxHw_2_Decoder_old_id_2\ and not \ADC_SA1:ch_addr_2\ and not \ADC_SA1:AMuxHw_2_Decoder_old_id_1\ and not \ADC_SA1:ch_addr_1\ and \ADC_SA1:AMuxHw_2_Decoder_old_id_3\ and \ADC_SA1:ch_addr_3\ and \ADC_SA1:AMuxHw_2_Decoder_old_id_0\ and \ADC_SA1:ch_addr_0\)
	OR (not \ADC_SA1:AMuxHw_2_Decoder_old_id_4\ and not \ADC_SA1:ch_addr_4\ and not \ADC_SA1:AMuxHw_2_Decoder_old_id_2\ and not \ADC_SA1:ch_addr_2\ and not \ADC_SA1:AMuxHw_2_Decoder_old_id_0\ and not \ADC_SA1:ch_addr_0\ and \ADC_SA1:AMuxHw_2_Decoder_old_id_3\ and \ADC_SA1:ch_addr_3\ and \ADC_SA1:AMuxHw_2_Decoder_old_id_1\ and \ADC_SA1:ch_addr_1\)
	OR (not \ADC_SA1:AMuxHw_2_Decoder_old_id_4\ and not \ADC_SA1:ch_addr_4\ and not \ADC_SA1:AMuxHw_2_Decoder_old_id_2\ and not \ADC_SA1:ch_addr_2\ and \ADC_SA1:AMuxHw_2_Decoder_old_id_3\ and \ADC_SA1:ch_addr_3\ and \ADC_SA1:AMuxHw_2_Decoder_old_id_1\ and \ADC_SA1:ch_addr_1\ and \ADC_SA1:AMuxHw_2_Decoder_old_id_0\ and \ADC_SA1:ch_addr_0\)
	OR (not \ADC_SA1:AMuxHw_2_Decoder_old_id_4\ and not \ADC_SA1:ch_addr_4\ and not \ADC_SA1:AMuxHw_2_Decoder_old_id_1\ and not \ADC_SA1:ch_addr_1\ and not \ADC_SA1:AMuxHw_2_Decoder_old_id_0\ and not \ADC_SA1:ch_addr_0\ and \ADC_SA1:AMuxHw_2_Decoder_old_id_3\ and \ADC_SA1:ch_addr_3\ and \ADC_SA1:AMuxHw_2_Decoder_old_id_2\ and \ADC_SA1:ch_addr_2\)
	OR (not \ADC_SA1:AMuxHw_2_Decoder_old_id_4\ and not \ADC_SA1:ch_addr_4\ and not \ADC_SA1:AMuxHw_2_Decoder_old_id_1\ and not \ADC_SA1:ch_addr_1\ and \ADC_SA1:AMuxHw_2_Decoder_old_id_3\ and \ADC_SA1:ch_addr_3\ and \ADC_SA1:AMuxHw_2_Decoder_old_id_2\ and \ADC_SA1:ch_addr_2\ and \ADC_SA1:AMuxHw_2_Decoder_old_id_0\ and \ADC_SA1:ch_addr_0\)
	OR (not \ADC_SA1:AMuxHw_2_Decoder_old_id_4\ and not \ADC_SA1:ch_addr_4\ and not \ADC_SA1:AMuxHw_2_Decoder_old_id_0\ and not \ADC_SA1:ch_addr_0\ and \ADC_SA1:AMuxHw_2_Decoder_old_id_3\ and \ADC_SA1:ch_addr_3\ and \ADC_SA1:AMuxHw_2_Decoder_old_id_2\ and \ADC_SA1:ch_addr_2\ and \ADC_SA1:AMuxHw_2_Decoder_old_id_1\ and \ADC_SA1:ch_addr_1\)
	OR (not \ADC_SA1:AMuxHw_2_Decoder_old_id_4\ and not \ADC_SA1:ch_addr_4\ and \ADC_SA1:AMuxHw_2_Decoder_old_id_3\ and \ADC_SA1:ch_addr_3\ and \ADC_SA1:AMuxHw_2_Decoder_old_id_2\ and \ADC_SA1:ch_addr_2\ and \ADC_SA1:AMuxHw_2_Decoder_old_id_1\ and \ADC_SA1:ch_addr_1\ and \ADC_SA1:AMuxHw_2_Decoder_old_id_0\ and \ADC_SA1:ch_addr_0\)
	OR (not \ADC_SA1:AMuxHw_2_Decoder_old_id_3\ and not \ADC_SA1:ch_addr_3\ and not \ADC_SA1:AMuxHw_2_Decoder_old_id_2\ and not \ADC_SA1:ch_addr_2\ and not \ADC_SA1:AMuxHw_2_Decoder_old_id_1\ and not \ADC_SA1:ch_addr_1\ and not \ADC_SA1:AMuxHw_2_Decoder_old_id_0\ and not \ADC_SA1:ch_addr_0\ and \ADC_SA1:AMuxHw_2_Decoder_old_id_4\ and \ADC_SA1:ch_addr_4\)
	OR (not \ADC_SA1:AMuxHw_2_Decoder_old_id_3\ and not \ADC_SA1:ch_addr_3\ and not \ADC_SA1:AMuxHw_2_Decoder_old_id_2\ and not \ADC_SA1:ch_addr_2\ and not \ADC_SA1:AMuxHw_2_Decoder_old_id_1\ and not \ADC_SA1:ch_addr_1\ and \ADC_SA1:AMuxHw_2_Decoder_old_id_4\ and \ADC_SA1:ch_addr_4\ and \ADC_SA1:AMuxHw_2_Decoder_old_id_0\ and \ADC_SA1:ch_addr_0\)
	OR (not \ADC_SA1:AMuxHw_2_Decoder_old_id_3\ and not \ADC_SA1:ch_addr_3\ and not \ADC_SA1:AMuxHw_2_Decoder_old_id_2\ and not \ADC_SA1:ch_addr_2\ and not \ADC_SA1:AMuxHw_2_Decoder_old_id_0\ and not \ADC_SA1:ch_addr_0\ and \ADC_SA1:AMuxHw_2_Decoder_old_id_4\ and \ADC_SA1:ch_addr_4\ and \ADC_SA1:AMuxHw_2_Decoder_old_id_1\ and \ADC_SA1:ch_addr_1\)
	OR (not \ADC_SA1:AMuxHw_2_Decoder_old_id_3\ and not \ADC_SA1:ch_addr_3\ and not \ADC_SA1:AMuxHw_2_Decoder_old_id_2\ and not \ADC_SA1:ch_addr_2\ and \ADC_SA1:AMuxHw_2_Decoder_old_id_4\ and \ADC_SA1:ch_addr_4\ and \ADC_SA1:AMuxHw_2_Decoder_old_id_1\ and \ADC_SA1:ch_addr_1\ and \ADC_SA1:AMuxHw_2_Decoder_old_id_0\ and \ADC_SA1:ch_addr_0\)
	OR (not \ADC_SA1:AMuxHw_2_Decoder_old_id_3\ and not \ADC_SA1:ch_addr_3\ and not \ADC_SA1:AMuxHw_2_Decoder_old_id_1\ and not \ADC_SA1:ch_addr_1\ and not \ADC_SA1:AMuxHw_2_Decoder_old_id_0\ and not \ADC_SA1:ch_addr_0\ and \ADC_SA1:AMuxHw_2_Decoder_old_id_4\ and \ADC_SA1:ch_addr_4\ and \ADC_SA1:AMuxHw_2_Decoder_old_id_2\ and \ADC_SA1:ch_addr_2\)
	OR (not \ADC_SA1:AMuxHw_2_Decoder_old_id_3\ and not \ADC_SA1:ch_addr_3\ and not \ADC_SA1:AMuxHw_2_Decoder_old_id_1\ and not \ADC_SA1:ch_addr_1\ and \ADC_SA1:AMuxHw_2_Decoder_old_id_4\ and \ADC_SA1:ch_addr_4\ and \ADC_SA1:AMuxHw_2_Decoder_old_id_2\ and \ADC_SA1:ch_addr_2\ and \ADC_SA1:AMuxHw_2_Decoder_old_id_0\ and \ADC_SA1:ch_addr_0\)
	OR (not \ADC_SA1:AMuxHw_2_Decoder_old_id_3\ and not \ADC_SA1:ch_addr_3\ and not \ADC_SA1:AMuxHw_2_Decoder_old_id_0\ and not \ADC_SA1:ch_addr_0\ and \ADC_SA1:AMuxHw_2_Decoder_old_id_4\ and \ADC_SA1:ch_addr_4\ and \ADC_SA1:AMuxHw_2_Decoder_old_id_2\ and \ADC_SA1:ch_addr_2\ and \ADC_SA1:AMuxHw_2_Decoder_old_id_1\ and \ADC_SA1:ch_addr_1\)
	OR (not \ADC_SA1:AMuxHw_2_Decoder_old_id_3\ and not \ADC_SA1:ch_addr_3\ and \ADC_SA1:AMuxHw_2_Decoder_old_id_4\ and \ADC_SA1:ch_addr_4\ and \ADC_SA1:AMuxHw_2_Decoder_old_id_2\ and \ADC_SA1:ch_addr_2\ and \ADC_SA1:AMuxHw_2_Decoder_old_id_1\ and \ADC_SA1:ch_addr_1\ and \ADC_SA1:AMuxHw_2_Decoder_old_id_0\ and \ADC_SA1:ch_addr_0\)
	OR (not \ADC_SA1:AMuxHw_2_Decoder_old_id_2\ and not \ADC_SA1:ch_addr_2\ and not \ADC_SA1:AMuxHw_2_Decoder_old_id_1\ and not \ADC_SA1:ch_addr_1\ and not \ADC_SA1:AMuxHw_2_Decoder_old_id_0\ and not \ADC_SA1:ch_addr_0\ and \ADC_SA1:AMuxHw_2_Decoder_old_id_4\ and \ADC_SA1:ch_addr_4\ and \ADC_SA1:AMuxHw_2_Decoder_old_id_3\ and \ADC_SA1:ch_addr_3\)
	OR (not \ADC_SA1:AMuxHw_2_Decoder_old_id_2\ and not \ADC_SA1:ch_addr_2\ and not \ADC_SA1:AMuxHw_2_Decoder_old_id_1\ and not \ADC_SA1:ch_addr_1\ and \ADC_SA1:AMuxHw_2_Decoder_old_id_4\ and \ADC_SA1:ch_addr_4\ and \ADC_SA1:AMuxHw_2_Decoder_old_id_3\ and \ADC_SA1:ch_addr_3\ and \ADC_SA1:AMuxHw_2_Decoder_old_id_0\ and \ADC_SA1:ch_addr_0\)
	OR (not \ADC_SA1:AMuxHw_2_Decoder_old_id_2\ and not \ADC_SA1:ch_addr_2\ and not \ADC_SA1:AMuxHw_2_Decoder_old_id_0\ and not \ADC_SA1:ch_addr_0\ and \ADC_SA1:AMuxHw_2_Decoder_old_id_4\ and \ADC_SA1:ch_addr_4\ and \ADC_SA1:AMuxHw_2_Decoder_old_id_3\ and \ADC_SA1:ch_addr_3\ and \ADC_SA1:AMuxHw_2_Decoder_old_id_1\ and \ADC_SA1:ch_addr_1\)
	OR (not \ADC_SA1:AMuxHw_2_Decoder_old_id_2\ and not \ADC_SA1:ch_addr_2\ and \ADC_SA1:AMuxHw_2_Decoder_old_id_4\ and \ADC_SA1:ch_addr_4\ and \ADC_SA1:AMuxHw_2_Decoder_old_id_3\ and \ADC_SA1:ch_addr_3\ and \ADC_SA1:AMuxHw_2_Decoder_old_id_1\ and \ADC_SA1:ch_addr_1\ and \ADC_SA1:AMuxHw_2_Decoder_old_id_0\ and \ADC_SA1:ch_addr_0\)
	OR (not \ADC_SA1:AMuxHw_2_Decoder_old_id_1\ and not \ADC_SA1:ch_addr_1\ and not \ADC_SA1:AMuxHw_2_Decoder_old_id_0\ and not \ADC_SA1:ch_addr_0\ and \ADC_SA1:AMuxHw_2_Decoder_old_id_4\ and \ADC_SA1:ch_addr_4\ and \ADC_SA1:AMuxHw_2_Decoder_old_id_3\ and \ADC_SA1:ch_addr_3\ and \ADC_SA1:AMuxHw_2_Decoder_old_id_2\ and \ADC_SA1:ch_addr_2\)
	OR (not \ADC_SA1:AMuxHw_2_Decoder_old_id_1\ and not \ADC_SA1:ch_addr_1\ and \ADC_SA1:AMuxHw_2_Decoder_old_id_4\ and \ADC_SA1:ch_addr_4\ and \ADC_SA1:AMuxHw_2_Decoder_old_id_3\ and \ADC_SA1:ch_addr_3\ and \ADC_SA1:AMuxHw_2_Decoder_old_id_2\ and \ADC_SA1:ch_addr_2\ and \ADC_SA1:AMuxHw_2_Decoder_old_id_0\ and \ADC_SA1:ch_addr_0\)
	OR (not \ADC_SA1:AMuxHw_2_Decoder_old_id_0\ and not \ADC_SA1:ch_addr_0\ and \ADC_SA1:AMuxHw_2_Decoder_old_id_4\ and \ADC_SA1:ch_addr_4\ and \ADC_SA1:AMuxHw_2_Decoder_old_id_3\ and \ADC_SA1:ch_addr_3\ and \ADC_SA1:AMuxHw_2_Decoder_old_id_2\ and \ADC_SA1:ch_addr_2\ and \ADC_SA1:AMuxHw_2_Decoder_old_id_1\ and \ADC_SA1:ch_addr_1\)
	OR (\ADC_SA1:AMuxHw_2_Decoder_old_id_4\ and \ADC_SA1:ch_addr_4\ and \ADC_SA1:AMuxHw_2_Decoder_old_id_3\ and \ADC_SA1:ch_addr_3\ and \ADC_SA1:AMuxHw_2_Decoder_old_id_2\ and \ADC_SA1:ch_addr_2\ and \ADC_SA1:AMuxHw_2_Decoder_old_id_1\ and \ADC_SA1:ch_addr_1\ and \ADC_SA1:AMuxHw_2_Decoder_old_id_0\ and \ADC_SA1:ch_addr_0\));

Note:  Expanding virtual equation for '\ADC_SA1:MODULE_1:g1:a0:gx:u0:eq_5\' (cost = 64):
\ADC_SA1:MODULE_1:g1:a0:gx:u0:eq_5\ <= ((not \ADC_SA1:AMuxHw_2_Decoder_old_id_5\ and not \ADC_SA1:ch_addr_5\ and not \ADC_SA1:AMuxHw_2_Decoder_old_id_4\ and not \ADC_SA1:ch_addr_4\ and not \ADC_SA1:AMuxHw_2_Decoder_old_id_3\ and not \ADC_SA1:ch_addr_3\ and not \ADC_SA1:AMuxHw_2_Decoder_old_id_2\ and not \ADC_SA1:ch_addr_2\ and not \ADC_SA1:AMuxHw_2_Decoder_old_id_1\ and not \ADC_SA1:ch_addr_1\ and not \ADC_SA1:AMuxHw_2_Decoder_old_id_0\ and not \ADC_SA1:ch_addr_0\)
	OR (not \ADC_SA1:AMuxHw_2_Decoder_old_id_4\ and not \ADC_SA1:ch_addr_4\ and not \ADC_SA1:AMuxHw_2_Decoder_old_id_3\ and not \ADC_SA1:ch_addr_3\ and not \ADC_SA1:AMuxHw_2_Decoder_old_id_2\ and not \ADC_SA1:ch_addr_2\ and not \ADC_SA1:AMuxHw_2_Decoder_old_id_1\ and not \ADC_SA1:ch_addr_1\ and not \ADC_SA1:AMuxHw_2_Decoder_old_id_0\ and not \ADC_SA1:ch_addr_0\ and \ADC_SA1:AMuxHw_2_Decoder_old_id_5\ and \ADC_SA1:ch_addr_5\)
	OR (not \ADC_SA1:AMuxHw_2_Decoder_old_id_5\ and not \ADC_SA1:ch_addr_5\ and not \ADC_SA1:AMuxHw_2_Decoder_old_id_3\ and not \ADC_SA1:ch_addr_3\ and not \ADC_SA1:AMuxHw_2_Decoder_old_id_2\ and not \ADC_SA1:ch_addr_2\ and not \ADC_SA1:AMuxHw_2_Decoder_old_id_1\ and not \ADC_SA1:ch_addr_1\ and not \ADC_SA1:AMuxHw_2_Decoder_old_id_0\ and not \ADC_SA1:ch_addr_0\ and \ADC_SA1:AMuxHw_2_Decoder_old_id_4\ and \ADC_SA1:ch_addr_4\)
	OR (not \ADC_SA1:AMuxHw_2_Decoder_old_id_3\ and not \ADC_SA1:ch_addr_3\ and not \ADC_SA1:AMuxHw_2_Decoder_old_id_2\ and not \ADC_SA1:ch_addr_2\ and not \ADC_SA1:AMuxHw_2_Decoder_old_id_1\ and not \ADC_SA1:ch_addr_1\ and not \ADC_SA1:AMuxHw_2_Decoder_old_id_0\ and not \ADC_SA1:ch_addr_0\ and \ADC_SA1:AMuxHw_2_Decoder_old_id_5\ and \ADC_SA1:ch_addr_5\ and \ADC_SA1:AMuxHw_2_Decoder_old_id_4\ and \ADC_SA1:ch_addr_4\)
	OR (not \ADC_SA1:AMuxHw_2_Decoder_old_id_5\ and not \ADC_SA1:ch_addr_5\ and not \ADC_SA1:AMuxHw_2_Decoder_old_id_4\ and not \ADC_SA1:ch_addr_4\ and not \ADC_SA1:AMuxHw_2_Decoder_old_id_2\ and not \ADC_SA1:ch_addr_2\ and not \ADC_SA1:AMuxHw_2_Decoder_old_id_1\ and not \ADC_SA1:ch_addr_1\ and not \ADC_SA1:AMuxHw_2_Decoder_old_id_0\ and not \ADC_SA1:ch_addr_0\ and \ADC_SA1:AMuxHw_2_Decoder_old_id_3\ and \ADC_SA1:ch_addr_3\)
	OR (not \ADC_SA1:AMuxHw_2_Decoder_old_id_4\ and not \ADC_SA1:ch_addr_4\ and not \ADC_SA1:AMuxHw_2_Decoder_old_id_2\ and not \ADC_SA1:ch_addr_2\ and not \ADC_SA1:AMuxHw_2_Decoder_old_id_1\ and not \ADC_SA1:ch_addr_1\ and not \ADC_SA1:AMuxHw_2_Decoder_old_id_0\ and not \ADC_SA1:ch_addr_0\ and \ADC_SA1:AMuxHw_2_Decoder_old_id_5\ and \ADC_SA1:ch_addr_5\ and \ADC_SA1:AMuxHw_2_Decoder_old_id_3\ and \ADC_SA1:ch_addr_3\)
	OR (not \ADC_SA1:AMuxHw_2_Decoder_old_id_5\ and not \ADC_SA1:ch_addr_5\ and not \ADC_SA1:AMuxHw_2_Decoder_old_id_2\ and not \ADC_SA1:ch_addr_2\ and not \ADC_SA1:AMuxHw_2_Decoder_old_id_1\ and not \ADC_SA1:ch_addr_1\ and not \ADC_SA1:AMuxHw_2_Decoder_old_id_0\ and not \ADC_SA1:ch_addr_0\ and \ADC_SA1:AMuxHw_2_Decoder_old_id_4\ and \ADC_SA1:ch_addr_4\ and \ADC_SA1:AMuxHw_2_Decoder_old_id_3\ and \ADC_SA1:ch_addr_3\)
	OR (not \ADC_SA1:AMuxHw_2_Decoder_old_id_2\ and not \ADC_SA1:ch_addr_2\ and not \ADC_SA1:AMuxHw_2_Decoder_old_id_1\ and not \ADC_SA1:ch_addr_1\ and not \ADC_SA1:AMuxHw_2_Decoder_old_id_0\ and not \ADC_SA1:ch_addr_0\ and \ADC_SA1:AMuxHw_2_Decoder_old_id_5\ and \ADC_SA1:ch_addr_5\ and \ADC_SA1:AMuxHw_2_Decoder_old_id_4\ and \ADC_SA1:ch_addr_4\ and \ADC_SA1:AMuxHw_2_Decoder_old_id_3\ and \ADC_SA1:ch_addr_3\)
	OR (not \ADC_SA1:AMuxHw_2_Decoder_old_id_5\ and not \ADC_SA1:ch_addr_5\ and not \ADC_SA1:AMuxHw_2_Decoder_old_id_4\ and not \ADC_SA1:ch_addr_4\ and not \ADC_SA1:AMuxHw_2_Decoder_old_id_3\ and not \ADC_SA1:ch_addr_3\ and not \ADC_SA1:AMuxHw_2_Decoder_old_id_1\ and not \ADC_SA1:ch_addr_1\ and not \ADC_SA1:AMuxHw_2_Decoder_old_id_0\ and not \ADC_SA1:ch_addr_0\ and \ADC_SA1:AMuxHw_2_Decoder_old_id_2\ and \ADC_SA1:ch_addr_2\)
	OR (not \ADC_SA1:AMuxHw_2_Decoder_old_id_4\ and not \ADC_SA1:ch_addr_4\ and not \ADC_SA1:AMuxHw_2_Decoder_old_id_3\ and not \ADC_SA1:ch_addr_3\ and not \ADC_SA1:AMuxHw_2_Decoder_old_id_1\ and not \ADC_SA1:ch_addr_1\ and not \ADC_SA1:AMuxHw_2_Decoder_old_id_0\ and not \ADC_SA1:ch_addr_0\ and \ADC_SA1:AMuxHw_2_Decoder_old_id_5\ and \ADC_SA1:ch_addr_5\ and \ADC_SA1:AMuxHw_2_Decoder_old_id_2\ and \ADC_SA1:ch_addr_2\)
	OR (not \ADC_SA1:AMuxHw_2_Decoder_old_id_5\ and not \ADC_SA1:ch_addr_5\ and not \ADC_SA1:AMuxHw_2_Decoder_old_id_3\ and not \ADC_SA1:ch_addr_3\ and not \ADC_SA1:AMuxHw_2_Decoder_old_id_1\ and not \ADC_SA1:ch_addr_1\ and not \ADC_SA1:AMuxHw_2_Decoder_old_id_0\ and not \ADC_SA1:ch_addr_0\ and \ADC_SA1:AMuxHw_2_Decoder_old_id_4\ and \ADC_SA1:ch_addr_4\ and \ADC_SA1:AMuxHw_2_Decoder_old_id_2\ and \ADC_SA1:ch_addr_2\)
	OR (not \ADC_SA1:AMuxHw_2_Decoder_old_id_3\ and not \ADC_SA1:ch_addr_3\ and not \ADC_SA1:AMuxHw_2_Decoder_old_id_1\ and not \ADC_SA1:ch_addr_1\ and not \ADC_SA1:AMuxHw_2_Decoder_old_id_0\ and not \ADC_SA1:ch_addr_0\ and \ADC_SA1:AMuxHw_2_Decoder_old_id_5\ and \ADC_SA1:ch_addr_5\ and \ADC_SA1:AMuxHw_2_Decoder_old_id_4\ and \ADC_SA1:ch_addr_4\ and \ADC_SA1:AMuxHw_2_Decoder_old_id_2\ and \ADC_SA1:ch_addr_2\)
	OR (not \ADC_SA1:AMuxHw_2_Decoder_old_id_5\ and not \ADC_SA1:ch_addr_5\ and not \ADC_SA1:AMuxHw_2_Decoder_old_id_4\ and not \ADC_SA1:ch_addr_4\ and not \ADC_SA1:AMuxHw_2_Decoder_old_id_1\ and not \ADC_SA1:ch_addr_1\ and not \ADC_SA1:AMuxHw_2_Decoder_old_id_0\ and not \ADC_SA1:ch_addr_0\ and \ADC_SA1:AMuxHw_2_Decoder_old_id_3\ and \ADC_SA1:ch_addr_3\ and \ADC_SA1:AMuxHw_2_Decoder_old_id_2\ and \ADC_SA1:ch_addr_2\)
	OR (not \ADC_SA1:AMuxHw_2_Decoder_old_id_4\ and not \ADC_SA1:ch_addr_4\ and not \ADC_SA1:AMuxHw_2_Decoder_old_id_1\ and not \ADC_SA1:ch_addr_1\ and not \ADC_SA1:AMuxHw_2_Decoder_old_id_0\ and not \ADC_SA1:ch_addr_0\ and \ADC_SA1:AMuxHw_2_Decoder_old_id_5\ and \ADC_SA1:ch_addr_5\ and \ADC_SA1:AMuxHw_2_Decoder_old_id_3\ and \ADC_SA1:ch_addr_3\ and \ADC_SA1:AMuxHw_2_Decoder_old_id_2\ and \ADC_SA1:ch_addr_2\)
	OR (not \ADC_SA1:AMuxHw_2_Decoder_old_id_5\ and not \ADC_SA1:ch_addr_5\ and not \ADC_SA1:AMuxHw_2_Decoder_old_id_1\ and not \ADC_SA1:ch_addr_1\ and not \ADC_SA1:AMuxHw_2_Decoder_old_id_0\ and not \ADC_SA1:ch_addr_0\ and \ADC_SA1:AMuxHw_2_Decoder_old_id_4\ and \ADC_SA1:ch_addr_4\ and \ADC_SA1:AMuxHw_2_Decoder_old_id_3\ and \ADC_SA1:ch_addr_3\ and \ADC_SA1:AMuxHw_2_Decoder_old_id_2\ and \ADC_SA1:ch_addr_2\)
	OR (not \ADC_SA1:AMuxHw_2_Decoder_old_id_1\ and not \ADC_SA1:ch_addr_1\ and not \ADC_SA1:AMuxHw_2_Decoder_old_id_0\ and not \ADC_SA1:ch_addr_0\ and \ADC_SA1:AMuxHw_2_Decoder_old_id_5\ and \ADC_SA1:ch_addr_5\ and \ADC_SA1:AMuxHw_2_Decoder_old_id_4\ and \ADC_SA1:ch_addr_4\ and \ADC_SA1:AMuxHw_2_Decoder_old_id_3\ and \ADC_SA1:ch_addr_3\ and \ADC_SA1:AMuxHw_2_Decoder_old_id_2\ and \ADC_SA1:ch_addr_2\)
	OR (not \ADC_SA1:AMuxHw_2_Decoder_old_id_5\ and not \ADC_SA1:ch_addr_5\ and not \ADC_SA1:AMuxHw_2_Decoder_old_id_4\ and not \ADC_SA1:ch_addr_4\ and not \ADC_SA1:AMuxHw_2_Decoder_old_id_3\ and not \ADC_SA1:ch_addr_3\ and not \ADC_SA1:AMuxHw_2_Decoder_old_id_2\ and not \ADC_SA1:ch_addr_2\ and not \ADC_SA1:AMuxHw_2_Decoder_old_id_0\ and not \ADC_SA1:ch_addr_0\ and \ADC_SA1:AMuxHw_2_Decoder_old_id_1\ and \ADC_SA1:ch_addr_1\)
	OR (not \ADC_SA1:AMuxHw_2_Decoder_old_id_4\ and not \ADC_SA1:ch_addr_4\ and not \ADC_SA1:AMuxHw_2_Decoder_old_id_3\ and not \ADC_SA1:ch_addr_3\ and not \ADC_SA1:AMuxHw_2_Decoder_old_id_2\ and not \ADC_SA1:ch_addr_2\ and not \ADC_SA1:AMuxHw_2_Decoder_old_id_0\ and not \ADC_SA1:ch_addr_0\ and \ADC_SA1:AMuxHw_2_Decoder_old_id_5\ and \ADC_SA1:ch_addr_5\ and \ADC_SA1:AMuxHw_2_Decoder_old_id_1\ and \ADC_SA1:ch_addr_1\)
	OR (not \ADC_SA1:AMuxHw_2_Decoder_old_id_5\ and not \ADC_SA1:ch_addr_5\ and not \ADC_SA1:AMuxHw_2_Decoder_old_id_3\ and not \ADC_SA1:ch_addr_3\ and not \ADC_SA1:AMuxHw_2_Decoder_old_id_2\ and not \ADC_SA1:ch_addr_2\ and not \ADC_SA1:AMuxHw_2_Decoder_old_id_0\ and not \ADC_SA1:ch_addr_0\ and \ADC_SA1:AMuxHw_2_Decoder_old_id_4\ and \ADC_SA1:ch_addr_4\ and \ADC_SA1:AMuxHw_2_Decoder_old_id_1\ and \ADC_SA1:ch_addr_1\)
	OR (not \ADC_SA1:AMuxHw_2_Decoder_old_id_3\ and not \ADC_SA1:ch_addr_3\ and not \ADC_SA1:AMuxHw_2_Decoder_old_id_2\ and not \ADC_SA1:ch_addr_2\ and not \ADC_SA1:AMuxHw_2_Decoder_old_id_0\ and not \ADC_SA1:ch_addr_0\ and \ADC_SA1:AMuxHw_2_Decoder_old_id_5\ and \ADC_SA1:ch_addr_5\ and \ADC_SA1:AMuxHw_2_Decoder_old_id_4\ and \ADC_SA1:ch_addr_4\ and \ADC_SA1:AMuxHw_2_Decoder_old_id_1\ and \ADC_SA1:ch_addr_1\)
	OR (not \ADC_SA1:AMuxHw_2_Decoder_old_id_5\ and not \ADC_SA1:ch_addr_5\ and not \ADC_SA1:AMuxHw_2_Decoder_old_id_4\ and not \ADC_SA1:ch_addr_4\ and not \ADC_SA1:AMuxHw_2_Decoder_old_id_2\ and not \ADC_SA1:ch_addr_2\ and not \ADC_SA1:AMuxHw_2_Decoder_old_id_0\ and not \ADC_SA1:ch_addr_0\ and \ADC_SA1:AMuxHw_2_Decoder_old_id_3\ and \ADC_SA1:ch_addr_3\ and \ADC_SA1:AMuxHw_2_Decoder_old_id_1\ and \ADC_SA1:ch_addr_1\)
	OR (not \ADC_SA1:AMuxHw_2_Decoder_old_id_4\ and not \ADC_SA1:ch_addr_4\ and not \ADC_SA1:AMuxHw_2_Decoder_old_id_2\ and not \ADC_SA1:ch_addr_2\ and not \ADC_SA1:AMuxHw_2_Decoder_old_id_0\ and not \ADC_SA1:ch_addr_0\ and \ADC_SA1:AMuxHw_2_Decoder_old_id_5\ and \ADC_SA1:ch_addr_5\ and \ADC_SA1:AMuxHw_2_Decoder_old_id_3\ and \ADC_SA1:ch_addr_3\ and \ADC_SA1:AMuxHw_2_Decoder_old_id_1\ and \ADC_SA1:ch_addr_1\)
	OR (not \ADC_SA1:AMuxHw_2_Decoder_old_id_5\ and not \ADC_SA1:ch_addr_5\ and not \ADC_SA1:AMuxHw_2_Decoder_old_id_2\ and not \ADC_SA1:ch_addr_2\ and not \ADC_SA1:AMuxHw_2_Decoder_old_id_0\ and not \ADC_SA1:ch_addr_0\ and \ADC_SA1:AMuxHw_2_Decoder_old_id_4\ and \ADC_SA1:ch_addr_4\ and \ADC_SA1:AMuxHw_2_Decoder_old_id_3\ and \ADC_SA1:ch_addr_3\ and \ADC_SA1:AMuxHw_2_Decoder_old_id_1\ and \ADC_SA1:ch_addr_1\)
	OR (not \ADC_SA1:AMuxHw_2_Decoder_old_id_2\ and not \ADC_SA1:ch_addr_2\ and not \ADC_SA1:AMuxHw_2_Decoder_old_id_0\ and not \ADC_SA1:ch_addr_0\ and \ADC_SA1:AMuxHw_2_Decoder_old_id_5\ and \ADC_SA1:ch_addr_5\ and \ADC_SA1:AMuxHw_2_Decoder_old_id_4\ and \ADC_SA1:ch_addr_4\ and \ADC_SA1:AMuxHw_2_Decoder_old_id_3\ and \ADC_SA1:ch_addr_3\ and \ADC_SA1:AMuxHw_2_Decoder_old_id_1\ and \ADC_SA1:ch_addr_1\)
	OR (not \ADC_SA1:AMuxHw_2_Decoder_old_id_5\ and not \ADC_SA1:ch_addr_5\ and not \ADC_SA1:AMuxHw_2_Decoder_old_id_4\ and not \ADC_SA1:ch_addr_4\ and not \ADC_SA1:AMuxHw_2_Decoder_old_id_3\ and not \ADC_SA1:ch_addr_3\ and not \ADC_SA1:AMuxHw_2_Decoder_old_id_0\ and not \ADC_SA1:ch_addr_0\ and \ADC_SA1:AMuxHw_2_Decoder_old_id_2\ and \ADC_SA1:ch_addr_2\ and \ADC_SA1:AMuxHw_2_Decoder_old_id_1\ and \ADC_SA1:ch_addr_1\)
	OR (not \ADC_SA1:AMuxHw_2_Decoder_old_id_4\ and not \ADC_SA1:ch_addr_4\ and not \ADC_SA1:AMuxHw_2_Decoder_old_id_3\ and not \ADC_SA1:ch_addr_3\ and not \ADC_SA1:AMuxHw_2_Decoder_old_id_0\ and not \ADC_SA1:ch_addr_0\ and \ADC_SA1:AMuxHw_2_Decoder_old_id_5\ and \ADC_SA1:ch_addr_5\ and \ADC_SA1:AMuxHw_2_Decoder_old_id_2\ and \ADC_SA1:ch_addr_2\ and \ADC_SA1:AMuxHw_2_Decoder_old_id_1\ and \ADC_SA1:ch_addr_1\)
	OR (not \ADC_SA1:AMuxHw_2_Decoder_old_id_5\ and not \ADC_SA1:ch_addr_5\ and not \ADC_SA1:AMuxHw_2_Decoder_old_id_3\ and not \ADC_SA1:ch_addr_3\ and not \ADC_SA1:AMuxHw_2_Decoder_old_id_0\ and not \ADC_SA1:ch_addr_0\ and \ADC_SA1:AMuxHw_2_Decoder_old_id_4\ and \ADC_SA1:ch_addr_4\ and \ADC_SA1:AMuxHw_2_Decoder_old_id_2\ and \ADC_SA1:ch_addr_2\ and \ADC_SA1:AMuxHw_2_Decoder_old_id_1\ and \ADC_SA1:ch_addr_1\)
	OR (not \ADC_SA1:AMuxHw_2_Decoder_old_id_3\ and not \ADC_SA1:ch_addr_3\ and not \ADC_SA1:AMuxHw_2_Decoder_old_id_0\ and not \ADC_SA1:ch_addr_0\ and \ADC_SA1:AMuxHw_2_Decoder_old_id_5\ and \ADC_SA1:ch_addr_5\ and \ADC_SA1:AMuxHw_2_Decoder_old_id_4\ and \ADC_SA1:ch_addr_4\ and \ADC_SA1:AMuxHw_2_Decoder_old_id_2\ and \ADC_SA1:ch_addr_2\ and \ADC_SA1:AMuxHw_2_Decoder_old_id_1\ and \ADC_SA1:ch_addr_1\)
	OR (not \ADC_SA1:AMuxHw_2_Decoder_old_id_5\ and not \ADC_SA1:ch_addr_5\ and not \ADC_SA1:AMuxHw_2_Decoder_old_id_4\ and not \ADC_SA1:ch_addr_4\ and not \ADC_SA1:AMuxHw_2_Decoder_old_id_0\ and not \ADC_SA1:ch_addr_0\ and \ADC_SA1:AMuxHw_2_Decoder_old_id_3\ and \ADC_SA1:ch_addr_3\ and \ADC_SA1:AMuxHw_2_Decoder_old_id_2\ and \ADC_SA1:ch_addr_2\ and \ADC_SA1:AMuxHw_2_Decoder_old_id_1\ and \ADC_SA1:ch_addr_1\)
	OR (not \ADC_SA1:AMuxHw_2_Decoder_old_id_4\ and not \ADC_SA1:ch_addr_4\ and not \ADC_SA1:AMuxHw_2_Decoder_old_id_0\ and not \ADC_SA1:ch_addr_0\ and \ADC_SA1:AMuxHw_2_Decoder_old_id_5\ and \ADC_SA1:ch_addr_5\ and \ADC_SA1:AMuxHw_2_Decoder_old_id_3\ and \ADC_SA1:ch_addr_3\ and \ADC_SA1:AMuxHw_2_Decoder_old_id_2\ and \ADC_SA1:ch_addr_2\ and \ADC_SA1:AMuxHw_2_Decoder_old_id_1\ and \ADC_SA1:ch_addr_1\)
	OR (not \ADC_SA1:AMuxHw_2_Decoder_old_id_5\ and not \ADC_SA1:ch_addr_5\ and not \ADC_SA1:AMuxHw_2_Decoder_old_id_0\ and not \ADC_SA1:ch_addr_0\ and \ADC_SA1:AMuxHw_2_Decoder_old_id_4\ and \ADC_SA1:ch_addr_4\ and \ADC_SA1:AMuxHw_2_Decoder_old_id_3\ and \ADC_SA1:ch_addr_3\ and \ADC_SA1:AMuxHw_2_Decoder_old_id_2\ and \ADC_SA1:ch_addr_2\ and \ADC_SA1:AMuxHw_2_Decoder_old_id_1\ and \ADC_SA1:ch_addr_1\)
	OR (not \ADC_SA1:AMuxHw_2_Decoder_old_id_0\ and not \ADC_SA1:ch_addr_0\ and \ADC_SA1:AMuxHw_2_Decoder_old_id_5\ and \ADC_SA1:ch_addr_5\ and \ADC_SA1:AMuxHw_2_Decoder_old_id_4\ and \ADC_SA1:ch_addr_4\ and \ADC_SA1:AMuxHw_2_Decoder_old_id_3\ and \ADC_SA1:ch_addr_3\ and \ADC_SA1:AMuxHw_2_Decoder_old_id_2\ and \ADC_SA1:ch_addr_2\ and \ADC_SA1:AMuxHw_2_Decoder_old_id_1\ and \ADC_SA1:ch_addr_1\)
	OR (not \ADC_SA1:AMuxHw_2_Decoder_old_id_5\ and not \ADC_SA1:ch_addr_5\ and not \ADC_SA1:AMuxHw_2_Decoder_old_id_4\ and not \ADC_SA1:ch_addr_4\ and not \ADC_SA1:AMuxHw_2_Decoder_old_id_3\ and not \ADC_SA1:ch_addr_3\ and not \ADC_SA1:AMuxHw_2_Decoder_old_id_2\ and not \ADC_SA1:ch_addr_2\ and not \ADC_SA1:AMuxHw_2_Decoder_old_id_1\ and not \ADC_SA1:ch_addr_1\ and \ADC_SA1:AMuxHw_2_Decoder_old_id_0\ and \ADC_SA1:ch_addr_0\)
	OR (not \ADC_SA1:AMuxHw_2_Decoder_old_id_4\ and not \ADC_SA1:ch_addr_4\ and not \ADC_SA1:AMuxHw_2_Decoder_old_id_3\ and not \ADC_SA1:ch_addr_3\ and not \ADC_SA1:AMuxHw_2_Decoder_old_id_2\ and not \ADC_SA1:ch_addr_2\ and not \ADC_SA1:AMuxHw_2_Decoder_old_id_1\ and not \ADC_SA1:ch_addr_1\ and \ADC_SA1:AMuxHw_2_Decoder_old_id_5\ and \ADC_SA1:ch_addr_5\ and \ADC_SA1:AMuxHw_2_Decoder_old_id_0\ and \ADC_SA1:ch_addr_0\)
	OR (not \ADC_SA1:AMuxHw_2_Decoder_old_id_5\ and not \ADC_SA1:ch_addr_5\ and not \ADC_SA1:AMuxHw_2_Decoder_old_id_3\ and not \ADC_SA1:ch_addr_3\ and not \ADC_SA1:AMuxHw_2_Decoder_old_id_2\ and not \ADC_SA1:ch_addr_2\ and not \ADC_SA1:AMuxHw_2_Decoder_old_id_1\ and not \ADC_SA1:ch_addr_1\ and \ADC_SA1:AMuxHw_2_Decoder_old_id_4\ and \ADC_SA1:ch_addr_4\ and \ADC_SA1:AMuxHw_2_Decoder_old_id_0\ and \ADC_SA1:ch_addr_0\)
	OR (not \ADC_SA1:AMuxHw_2_Decoder_old_id_3\ and not \ADC_SA1:ch_addr_3\ and not \ADC_SA1:AMuxHw_2_Decoder_old_id_2\ and not \ADC_SA1:ch_addr_2\ and not \ADC_SA1:AMuxHw_2_Decoder_old_id_1\ and not \ADC_SA1:ch_addr_1\ and \ADC_SA1:AMuxHw_2_Decoder_old_id_5\ and \ADC_SA1:ch_addr_5\ and \ADC_SA1:AMuxHw_2_Decoder_old_id_4\ and \ADC_SA1:ch_addr_4\ and \ADC_SA1:AMuxHw_2_Decoder_old_id_0\ and \ADC_SA1:ch_addr_0\)
	OR (not \ADC_SA1:AMuxHw_2_Decoder_old_id_5\ and not \ADC_SA1:ch_addr_5\ and not \ADC_SA1:AMuxHw_2_Decoder_old_id_4\ and not \ADC_SA1:ch_addr_4\ and not \ADC_SA1:AMuxHw_2_Decoder_old_id_2\ and not \ADC_SA1:ch_addr_2\ and not \ADC_SA1:AMuxHw_2_Decoder_old_id_1\ and not \ADC_SA1:ch_addr_1\ and \ADC_SA1:AMuxHw_2_Decoder_old_id_3\ and \ADC_SA1:ch_addr_3\ and \ADC_SA1:AMuxHw_2_Decoder_old_id_0\ and \ADC_SA1:ch_addr_0\)
	OR (not \ADC_SA1:AMuxHw_2_Decoder_old_id_4\ and not \ADC_SA1:ch_addr_4\ and not \ADC_SA1:AMuxHw_2_Decoder_old_id_2\ and not \ADC_SA1:ch_addr_2\ and not \ADC_SA1:AMuxHw_2_Decoder_old_id_1\ and not \ADC_SA1:ch_addr_1\ and \ADC_SA1:AMuxHw_2_Decoder_old_id_5\ and \ADC_SA1:ch_addr_5\ and \ADC_SA1:AMuxHw_2_Decoder_old_id_3\ and \ADC_SA1:ch_addr_3\ and \ADC_SA1:AMuxHw_2_Decoder_old_id_0\ and \ADC_SA1:ch_addr_0\)
	OR (not \ADC_SA1:AMuxHw_2_Decoder_old_id_5\ and not \ADC_SA1:ch_addr_5\ and not \ADC_SA1:AMuxHw_2_Decoder_old_id_2\ and not \ADC_SA1:ch_addr_2\ and not \ADC_SA1:AMuxHw_2_Decoder_old_id_1\ and not \ADC_SA1:ch_addr_1\ and \ADC_SA1:AMuxHw_2_Decoder_old_id_4\ and \ADC_SA1:ch_addr_4\ and \ADC_SA1:AMuxHw_2_Decoder_old_id_3\ and \ADC_SA1:ch_addr_3\ and \ADC_SA1:AMuxHw_2_Decoder_old_id_0\ and \ADC_SA1:ch_addr_0\)
	OR (not \ADC_SA1:AMuxHw_2_Decoder_old_id_2\ and not \ADC_SA1:ch_addr_2\ and not \ADC_SA1:AMuxHw_2_Decoder_old_id_1\ and not \ADC_SA1:ch_addr_1\ and \ADC_SA1:AMuxHw_2_Decoder_old_id_5\ and \ADC_SA1:ch_addr_5\ and \ADC_SA1:AMuxHw_2_Decoder_old_id_4\ and \ADC_SA1:ch_addr_4\ and \ADC_SA1:AMuxHw_2_Decoder_old_id_3\ and \ADC_SA1:ch_addr_3\ and \ADC_SA1:AMuxHw_2_Decoder_old_id_0\ and \ADC_SA1:ch_addr_0\)
	OR (not \ADC_SA1:AMuxHw_2_Decoder_old_id_5\ and not \ADC_SA1:ch_addr_5\ and not \ADC_SA1:AMuxHw_2_Decoder_old_id_4\ and not \ADC_SA1:ch_addr_4\ and not \ADC_SA1:AMuxHw_2_Decoder_old_id_3\ and not \ADC_SA1:ch_addr_3\ and not \ADC_SA1:AMuxHw_2_Decoder_old_id_1\ and not \ADC_SA1:ch_addr_1\ and \ADC_SA1:AMuxHw_2_Decoder_old_id_2\ and \ADC_SA1:ch_addr_2\ and \ADC_SA1:AMuxHw_2_Decoder_old_id_0\ and \ADC_SA1:ch_addr_0\)
	OR (not \ADC_SA1:AMuxHw_2_Decoder_old_id_4\ and not \ADC_SA1:ch_addr_4\ and not \ADC_SA1:AMuxHw_2_Decoder_old_id_3\ and not \ADC_SA1:ch_addr_3\ and not \ADC_SA1:AMuxHw_2_Decoder_old_id_1\ and not \ADC_SA1:ch_addr_1\ and \ADC_SA1:AMuxHw_2_Decoder_old_id_5\ and \ADC_SA1:ch_addr_5\ and \ADC_SA1:AMuxHw_2_Decoder_old_id_2\ and \ADC_SA1:ch_addr_2\ and \ADC_SA1:AMuxHw_2_Decoder_old_id_0\ and \ADC_SA1:ch_addr_0\)
	OR (not \ADC_SA1:AMuxHw_2_Decoder_old_id_5\ and not \ADC_SA1:ch_addr_5\ and not \ADC_SA1:AMuxHw_2_Decoder_old_id_3\ and not \ADC_SA1:ch_addr_3\ and not \ADC_SA1:AMuxHw_2_Decoder_old_id_1\ and not \ADC_SA1:ch_addr_1\ and \ADC_SA1:AMuxHw_2_Decoder_old_id_4\ and \ADC_SA1:ch_addr_4\ and \ADC_SA1:AMuxHw_2_Decoder_old_id_2\ and \ADC_SA1:ch_addr_2\ and \ADC_SA1:AMuxHw_2_Decoder_old_id_0\ and \ADC_SA1:ch_addr_0\)
	OR (not \ADC_SA1:AMuxHw_2_Decoder_old_id_3\ and not \ADC_SA1:ch_addr_3\ and not \ADC_SA1:AMuxHw_2_Decoder_old_id_1\ and not \ADC_SA1:ch_addr_1\ and \ADC_SA1:AMuxHw_2_Decoder_old_id_5\ and \ADC_SA1:ch_addr_5\ and \ADC_SA1:AMuxHw_2_Decoder_old_id_4\ and \ADC_SA1:ch_addr_4\ and \ADC_SA1:AMuxHw_2_Decoder_old_id_2\ and \ADC_SA1:ch_addr_2\ and \ADC_SA1:AMuxHw_2_Decoder_old_id_0\ and \ADC_SA1:ch_addr_0\)
	OR (not \ADC_SA1:AMuxHw_2_Decoder_old_id_5\ and not \ADC_SA1:ch_addr_5\ and not \ADC_SA1:AMuxHw_2_Decoder_old_id_4\ and not \ADC_SA1:ch_addr_4\ and not \ADC_SA1:AMuxHw_2_Decoder_old_id_1\ and not \ADC_SA1:ch_addr_1\ and \ADC_SA1:AMuxHw_2_Decoder_old_id_3\ and \ADC_SA1:ch_addr_3\ and \ADC_SA1:AMuxHw_2_Decoder_old_id_2\ and \ADC_SA1:ch_addr_2\ and \ADC_SA1:AMuxHw_2_Decoder_old_id_0\ and \ADC_SA1:ch_addr_0\)
	OR (not \ADC_SA1:AMuxHw_2_Decoder_old_id_4\ and not \ADC_SA1:ch_addr_4\ and not \ADC_SA1:AMuxHw_2_Decoder_old_id_1\ and not \ADC_SA1:ch_addr_1\ and \ADC_SA1:AMuxHw_2_Decoder_old_id_5\ and \ADC_SA1:ch_addr_5\ and \ADC_SA1:AMuxHw_2_Decoder_old_id_3\ and \ADC_SA1:ch_addr_3\ and \ADC_SA1:AMuxHw_2_Decoder_old_id_2\ and \ADC_SA1:ch_addr_2\ and \ADC_SA1:AMuxHw_2_Decoder_old_id_0\ and \ADC_SA1:ch_addr_0\)
	OR (not \ADC_SA1:AMuxHw_2_Decoder_old_id_5\ and not \ADC_SA1:ch_addr_5\ and not \ADC_SA1:AMuxHw_2_Decoder_old_id_1\ and not \ADC_SA1:ch_addr_1\ and \ADC_SA1:AMuxHw_2_Decoder_old_id_4\ and \ADC_SA1:ch_addr_4\ and \ADC_SA1:AMuxHw_2_Decoder_old_id_3\ and \ADC_SA1:ch_addr_3\ and \ADC_SA1:AMuxHw_2_Decoder_old_id_2\ and \ADC_SA1:ch_addr_2\ and \ADC_SA1:AMuxHw_2_Decoder_old_id_0\ and \ADC_SA1:ch_addr_0\)
	OR (not \ADC_SA1:AMuxHw_2_Decoder_old_id_1\ and not \ADC_SA1:ch_addr_1\ and \ADC_SA1:AMuxHw_2_Decoder_old_id_5\ and \ADC_SA1:ch_addr_5\ and \ADC_SA1:AMuxHw_2_Decoder_old_id_4\ and \ADC_SA1:ch_addr_4\ and \ADC_SA1:AMuxHw_2_Decoder_old_id_3\ and \ADC_SA1:ch_addr_3\ and \ADC_SA1:AMuxHw_2_Decoder_old_id_2\ and \ADC_SA1:ch_addr_2\ and \ADC_SA1:AMuxHw_2_Decoder_old_id_0\ and \ADC_SA1:ch_addr_0\)
	OR (not \ADC_SA1:AMuxHw_2_Decoder_old_id_5\ and not \ADC_SA1:ch_addr_5\ and not \ADC_SA1:AMuxHw_2_Decoder_old_id_4\ and not \ADC_SA1:ch_addr_4\ and not \ADC_SA1:AMuxHw_2_Decoder_old_id_3\ and not \ADC_SA1:ch_addr_3\ and not \ADC_SA1:AMuxHw_2_Decoder_old_id_2\ and not \ADC_SA1:ch_addr_2\ and \ADC_SA1:AMuxHw_2_Decoder_old_id_1\ and \ADC_SA1:ch_addr_1\ and \ADC_SA1:AMuxHw_2_Decoder_old_id_0\ and \ADC_SA1:ch_addr_0\)
	OR (not \ADC_SA1:AMuxHw_2_Decoder_old_id_4\ and not \ADC_SA1:ch_addr_4\ and not \ADC_SA1:AMuxHw_2_Decoder_old_id_3\ and not \ADC_SA1:ch_addr_3\ and not \ADC_SA1:AMuxHw_2_Decoder_old_id_2\ and not \ADC_SA1:ch_addr_2\ and \ADC_SA1:AMuxHw_2_Decoder_old_id_5\ and \ADC_SA1:ch_addr_5\ and \ADC_SA1:AMuxHw_2_Decoder_old_id_1\ and \ADC_SA1:ch_addr_1\ and \ADC_SA1:AMuxHw_2_Decoder_old_id_0\ and \ADC_SA1:ch_addr_0\)
	OR (not \ADC_SA1:AMuxHw_2_Decoder_old_id_5\ and not \ADC_SA1:ch_addr_5\ and not \ADC_SA1:AMuxHw_2_Decoder_old_id_3\ and not \ADC_SA1:ch_addr_3\ and not \ADC_SA1:AMuxHw_2_Decoder_old_id_2\ and not \ADC_SA1:ch_addr_2\ and \ADC_SA1:AMuxHw_2_Decoder_old_id_4\ and \ADC_SA1:ch_addr_4\ and \ADC_SA1:AMuxHw_2_Decoder_old_id_1\ and \ADC_SA1:ch_addr_1\ and \ADC_SA1:AMuxHw_2_Decoder_old_id_0\ and \ADC_SA1:ch_addr_0\)
	OR (not \ADC_SA1:AMuxHw_2_Decoder_old_id_3\ and not \ADC_SA1:ch_addr_3\ and not \ADC_SA1:AMuxHw_2_Decoder_old_id_2\ and not \ADC_SA1:ch_addr_2\ and \ADC_SA1:AMuxHw_2_Decoder_old_id_5\ and \ADC_SA1:ch_addr_5\ and \ADC_SA1:AMuxHw_2_Decoder_old_id_4\ and \ADC_SA1:ch_addr_4\ and \ADC_SA1:AMuxHw_2_Decoder_old_id_1\ and \ADC_SA1:ch_addr_1\ and \ADC_SA1:AMuxHw_2_Decoder_old_id_0\ and \ADC_SA1:ch_addr_0\)
	OR (not \ADC_SA1:AMuxHw_2_Decoder_old_id_5\ and not \ADC_SA1:ch_addr_5\ and not \ADC_SA1:AMuxHw_2_Decoder_old_id_4\ and not \ADC_SA1:ch_addr_4\ and not \ADC_SA1:AMuxHw_2_Decoder_old_id_2\ and not \ADC_SA1:ch_addr_2\ and \ADC_SA1:AMuxHw_2_Decoder_old_id_3\ and \ADC_SA1:ch_addr_3\ and \ADC_SA1:AMuxHw_2_Decoder_old_id_1\ and \ADC_SA1:ch_addr_1\ and \ADC_SA1:AMuxHw_2_Decoder_old_id_0\ and \ADC_SA1:ch_addr_0\)
	OR (not \ADC_SA1:AMuxHw_2_Decoder_old_id_4\ and not \ADC_SA1:ch_addr_4\ and not \ADC_SA1:AMuxHw_2_Decoder_old_id_2\ and not \ADC_SA1:ch_addr_2\ and \ADC_SA1:AMuxHw_2_Decoder_old_id_5\ and \ADC_SA1:ch_addr_5\ and \ADC_SA1:AMuxHw_2_Decoder_old_id_3\ and \ADC_SA1:ch_addr_3\ and \ADC_SA1:AMuxHw_2_Decoder_old_id_1\ and \ADC_SA1:ch_addr_1\ and \ADC_SA1:AMuxHw_2_Decoder_old_id_0\ and \ADC_SA1:ch_addr_0\)
	OR (not \ADC_SA1:AMuxHw_2_Decoder_old_id_5\ and not \ADC_SA1:ch_addr_5\ and not \ADC_SA1:AMuxHw_2_Decoder_old_id_2\ and not \ADC_SA1:ch_addr_2\ and \ADC_SA1:AMuxHw_2_Decoder_old_id_4\ and \ADC_SA1:ch_addr_4\ and \ADC_SA1:AMuxHw_2_Decoder_old_id_3\ and \ADC_SA1:ch_addr_3\ and \ADC_SA1:AMuxHw_2_Decoder_old_id_1\ and \ADC_SA1:ch_addr_1\ and \ADC_SA1:AMuxHw_2_Decoder_old_id_0\ and \ADC_SA1:ch_addr_0\)
	OR (not \ADC_SA1:AMuxHw_2_Decoder_old_id_2\ and not \ADC_SA1:ch_addr_2\ and \ADC_SA1:AMuxHw_2_Decoder_old_id_5\ and \ADC_SA1:ch_addr_5\ and \ADC_SA1:AMuxHw_2_Decoder_old_id_4\ and \ADC_SA1:ch_addr_4\ and \ADC_SA1:AMuxHw_2_Decoder_old_id_3\ and \ADC_SA1:ch_addr_3\ and \ADC_SA1:AMuxHw_2_Decoder_old_id_1\ and \ADC_SA1:ch_addr_1\ and \ADC_SA1:AMuxHw_2_Decoder_old_id_0\ and \ADC_SA1:ch_addr_0\)
	OR (not \ADC_SA1:AMuxHw_2_Decoder_old_id_5\ and not \ADC_SA1:ch_addr_5\ and not \ADC_SA1:AMuxHw_2_Decoder_old_id_4\ and not \ADC_SA1:ch_addr_4\ and not \ADC_SA1:AMuxHw_2_Decoder_old_id_3\ and not \ADC_SA1:ch_addr_3\ and \ADC_SA1:AMuxHw_2_Decoder_old_id_2\ and \ADC_SA1:ch_addr_2\ and \ADC_SA1:AMuxHw_2_Decoder_old_id_1\ and \ADC_SA1:ch_addr_1\ and \ADC_SA1:AMuxHw_2_Decoder_old_id_0\ and \ADC_SA1:ch_addr_0\)
	OR (not \ADC_SA1:AMuxHw_2_Decoder_old_id_4\ and not \ADC_SA1:ch_addr_4\ and not \ADC_SA1:AMuxHw_2_Decoder_old_id_3\ and not \ADC_SA1:ch_addr_3\ and \ADC_SA1:AMuxHw_2_Decoder_old_id_5\ and \ADC_SA1:ch_addr_5\ and \ADC_SA1:AMuxHw_2_Decoder_old_id_2\ and \ADC_SA1:ch_addr_2\ and \ADC_SA1:AMuxHw_2_Decoder_old_id_1\ and \ADC_SA1:ch_addr_1\ and \ADC_SA1:AMuxHw_2_Decoder_old_id_0\ and \ADC_SA1:ch_addr_0\)
	OR (not \ADC_SA1:AMuxHw_2_Decoder_old_id_5\ and not \ADC_SA1:ch_addr_5\ and not \ADC_SA1:AMuxHw_2_Decoder_old_id_3\ and not \ADC_SA1:ch_addr_3\ and \ADC_SA1:AMuxHw_2_Decoder_old_id_4\ and \ADC_SA1:ch_addr_4\ and \ADC_SA1:AMuxHw_2_Decoder_old_id_2\ and \ADC_SA1:ch_addr_2\ and \ADC_SA1:AMuxHw_2_Decoder_old_id_1\ and \ADC_SA1:ch_addr_1\ and \ADC_SA1:AMuxHw_2_Decoder_old_id_0\ and \ADC_SA1:ch_addr_0\)
	OR (not \ADC_SA1:AMuxHw_2_Decoder_old_id_3\ and not \ADC_SA1:ch_addr_3\ and \ADC_SA1:AMuxHw_2_Decoder_old_id_5\ and \ADC_SA1:ch_addr_5\ and \ADC_SA1:AMuxHw_2_Decoder_old_id_4\ and \ADC_SA1:ch_addr_4\ and \ADC_SA1:AMuxHw_2_Decoder_old_id_2\ and \ADC_SA1:ch_addr_2\ and \ADC_SA1:AMuxHw_2_Decoder_old_id_1\ and \ADC_SA1:ch_addr_1\ and \ADC_SA1:AMuxHw_2_Decoder_old_id_0\ and \ADC_SA1:ch_addr_0\)
	OR (not \ADC_SA1:AMuxHw_2_Decoder_old_id_5\ and not \ADC_SA1:ch_addr_5\ and not \ADC_SA1:AMuxHw_2_Decoder_old_id_4\ and not \ADC_SA1:ch_addr_4\ and \ADC_SA1:AMuxHw_2_Decoder_old_id_3\ and \ADC_SA1:ch_addr_3\ and \ADC_SA1:AMuxHw_2_Decoder_old_id_2\ and \ADC_SA1:ch_addr_2\ and \ADC_SA1:AMuxHw_2_Decoder_old_id_1\ and \ADC_SA1:ch_addr_1\ and \ADC_SA1:AMuxHw_2_Decoder_old_id_0\ and \ADC_SA1:ch_addr_0\)
	OR (not \ADC_SA1:AMuxHw_2_Decoder_old_id_4\ and not \ADC_SA1:ch_addr_4\ and \ADC_SA1:AMuxHw_2_Decoder_old_id_5\ and \ADC_SA1:ch_addr_5\ and \ADC_SA1:AMuxHw_2_Decoder_old_id_3\ and \ADC_SA1:ch_addr_3\ and \ADC_SA1:AMuxHw_2_Decoder_old_id_2\ and \ADC_SA1:ch_addr_2\ and \ADC_SA1:AMuxHw_2_Decoder_old_id_1\ and \ADC_SA1:ch_addr_1\ and \ADC_SA1:AMuxHw_2_Decoder_old_id_0\ and \ADC_SA1:ch_addr_0\)
	OR (not \ADC_SA1:AMuxHw_2_Decoder_old_id_5\ and not \ADC_SA1:ch_addr_5\ and \ADC_SA1:AMuxHw_2_Decoder_old_id_4\ and \ADC_SA1:ch_addr_4\ and \ADC_SA1:AMuxHw_2_Decoder_old_id_3\ and \ADC_SA1:ch_addr_3\ and \ADC_SA1:AMuxHw_2_Decoder_old_id_2\ and \ADC_SA1:ch_addr_2\ and \ADC_SA1:AMuxHw_2_Decoder_old_id_1\ and \ADC_SA1:ch_addr_1\ and \ADC_SA1:AMuxHw_2_Decoder_old_id_0\ and \ADC_SA1:ch_addr_0\)
	OR (\ADC_SA1:AMuxHw_2_Decoder_old_id_5\ and \ADC_SA1:ch_addr_5\ and \ADC_SA1:AMuxHw_2_Decoder_old_id_4\ and \ADC_SA1:ch_addr_4\ and \ADC_SA1:AMuxHw_2_Decoder_old_id_3\ and \ADC_SA1:ch_addr_3\ and \ADC_SA1:AMuxHw_2_Decoder_old_id_2\ and \ADC_SA1:ch_addr_2\ and \ADC_SA1:AMuxHw_2_Decoder_old_id_1\ and \ADC_SA1:ch_addr_1\ and \ADC_SA1:AMuxHw_2_Decoder_old_id_0\ and \ADC_SA1:ch_addr_0\));

Note:  Expanding virtual equation for '\ADC_SA1:MODULE_1:g1:a0:gx:u0:lt_3\' (cost = 2):
\ADC_SA1:MODULE_1:g1:a0:gx:u0:lt_3\ <= ((not \ADC_SA1:ch_addr_3\ and \ADC_SA1:AMuxHw_2_Decoder_old_id_3\));

Note:  Expanding virtual equation for '\ADC_SA1:MODULE_1:g1:a0:gx:u0:gt_3\' (cost = 2):
\ADC_SA1:MODULE_1:g1:a0:gx:u0:gt_3\ <= ((not \ADC_SA1:AMuxHw_2_Decoder_old_id_3\ and \ADC_SA1:ch_addr_3\));

Note:  Expanding virtual equation for '\ADC_SA1:MODULE_1:g1:a0:gx:u0:lt_4\' (cost = 6):
\ADC_SA1:MODULE_1:g1:a0:gx:u0:lt_4\ <= ((not \ADC_SA1:ch_addr_4\ and not \ADC_SA1:ch_addr_3\ and \ADC_SA1:AMuxHw_2_Decoder_old_id_3\)
	OR (not \ADC_SA1:ch_addr_3\ and \ADC_SA1:AMuxHw_2_Decoder_old_id_4\ and \ADC_SA1:AMuxHw_2_Decoder_old_id_3\)
	OR (not \ADC_SA1:ch_addr_4\ and \ADC_SA1:AMuxHw_2_Decoder_old_id_4\));

Note:  Expanding virtual equation for '\ADC_SA1:MODULE_1:g1:a0:gx:u0:gt_4\' (cost = 6):
\ADC_SA1:MODULE_1:g1:a0:gx:u0:gt_4\ <= ((not \ADC_SA1:AMuxHw_2_Decoder_old_id_4\ and not \ADC_SA1:AMuxHw_2_Decoder_old_id_3\ and \ADC_SA1:ch_addr_3\)
	OR (not \ADC_SA1:AMuxHw_2_Decoder_old_id_3\ and \ADC_SA1:ch_addr_4\ and \ADC_SA1:ch_addr_3\)
	OR (not \ADC_SA1:AMuxHw_2_Decoder_old_id_4\ and \ADC_SA1:ch_addr_4\));

Note:  Expanding virtual equation for '\ADC_SA1:MODULE_1:g1:a0:gx:u0:lt_0\' (cost = 2):
\ADC_SA1:MODULE_1:g1:a0:gx:u0:lt_0\ <= ((not \ADC_SA1:ch_addr_0\ and \ADC_SA1:AMuxHw_2_Decoder_old_id_0\));

Note:  Expanding virtual equation for '\ADC_SA1:MODULE_1:g1:a0:gx:u0:gt_0\' (cost = 2):
\ADC_SA1:MODULE_1:g1:a0:gx:u0:gt_0\ <= ((not \ADC_SA1:AMuxHw_2_Decoder_old_id_0\ and \ADC_SA1:ch_addr_0\));

Note:  Expanding virtual equation for '\ADC_SA1:MODULE_1:g1:a0:gx:u0:lt_1\' (cost = 6):
\ADC_SA1:MODULE_1:g1:a0:gx:u0:lt_1\ <= ((not \ADC_SA1:ch_addr_1\ and not \ADC_SA1:ch_addr_0\ and \ADC_SA1:AMuxHw_2_Decoder_old_id_0\)
	OR (not \ADC_SA1:ch_addr_0\ and \ADC_SA1:AMuxHw_2_Decoder_old_id_1\ and \ADC_SA1:AMuxHw_2_Decoder_old_id_0\)
	OR (not \ADC_SA1:ch_addr_1\ and \ADC_SA1:AMuxHw_2_Decoder_old_id_1\));

Note:  Expanding virtual equation for '\ADC_SA1:MODULE_1:g1:a0:gx:u0:gt_1\' (cost = 6):
\ADC_SA1:MODULE_1:g1:a0:gx:u0:gt_1\ <= ((not \ADC_SA1:AMuxHw_2_Decoder_old_id_1\ and not \ADC_SA1:AMuxHw_2_Decoder_old_id_0\ and \ADC_SA1:ch_addr_0\)
	OR (not \ADC_SA1:AMuxHw_2_Decoder_old_id_0\ and \ADC_SA1:ch_addr_1\ and \ADC_SA1:ch_addr_0\)
	OR (not \ADC_SA1:AMuxHw_2_Decoder_old_id_1\ and \ADC_SA1:ch_addr_1\));

Note:  Expanding virtual equation for '\UART_ESP:BUART:rx_addressmatch\' (cost = 0):
\UART_ESP:BUART:rx_addressmatch\ <= (\UART_ESP:BUART:rx_addressmatch2\
	OR \UART_ESP:BUART:rx_addressmatch1\);

Note:  Expanding virtual equation for '\UART_ESP:BUART:rx_bitclk_pre\' (cost = 1):
\UART_ESP:BUART:rx_bitclk_pre\ <= ((not \UART_ESP:BUART:rx_count_2\ and not \UART_ESP:BUART:rx_count_1\ and not \UART_ESP:BUART:rx_count_0\));

Note:  Expanding virtual equation for '\UART_ESP:BUART:rx_bitclk_pre16x\' (cost = 0):
\UART_ESP:BUART:rx_bitclk_pre16x\ <= ((not \UART_ESP:BUART:rx_count_2\ and \UART_ESP:BUART:rx_count_1\ and \UART_ESP:BUART:rx_count_0\));

Note:  Expanding virtual equation for '\UART_ESP:BUART:rx_poll_bit1\' (cost = 1):
\UART_ESP:BUART:rx_poll_bit1\ <= ((not \UART_ESP:BUART:rx_count_2\ and not \UART_ESP:BUART:rx_count_1\ and \UART_ESP:BUART:rx_count_0\));

Note:  Expanding virtual equation for '\UART_ESP:BUART:rx_poll_bit2\' (cost = 1):
\UART_ESP:BUART:rx_poll_bit2\ <= ((not \UART_ESP:BUART:rx_count_2\ and not \UART_ESP:BUART:rx_count_1\ and not \UART_ESP:BUART:rx_count_0\));

Note:  Expanding virtual equation for '\UART_ESP:BUART:pollingrange\' (cost = 4):
\UART_ESP:BUART:pollingrange\ <= ((not \UART_ESP:BUART:rx_count_2\ and not \UART_ESP:BUART:rx_count_1\));

Note:  Expanding virtual equation for '\UART_ESP:BUART:sRX:s23Poll:MODULE_7:g2:a0:g1:z1:s0:g1:u0:c_1\' (cost = 0):
\UART_ESP:BUART:sRX:s23Poll:MODULE_7:g2:a0:g1:z1:s0:g1:u0:c_1\ <= (\UART_ESP:BUART:pollcount_0\);

Note:  Expanding virtual equation for '\UART_ESP:BUART:sRX:s23Poll:MODULE_7:g2:a0:s_0\' (cost = 0):
\UART_ESP:BUART:sRX:s23Poll:MODULE_7:g2:a0:s_0\ <= (not \UART_ESP:BUART:pollcount_0\);

Note:  Expanding virtual equation for '\UART_ESP:BUART:sRX:s23Poll:MODULE_8:g2:a0:lta_1\' (cost = 0):
\UART_ESP:BUART:sRX:s23Poll:MODULE_8:g2:a0:lta_1\ <=  ('0') ;

Note:  Expanding virtual equation for '\UART_ESP:BUART:sRX:s23Poll:MODULE_8:g2:a0:gta_1\' (cost = 0):
\UART_ESP:BUART:sRX:s23Poll:MODULE_8:g2:a0:gta_1\ <= (\UART_ESP:BUART:pollcount_1\);

Note:  Expanding virtual equation for '\UART_ESP:BUART:sRX:s23Poll:MODULE_9:g2:a0:lta_1\' (cost = 0):
\UART_ESP:BUART:sRX:s23Poll:MODULE_9:g2:a0:lta_1\ <= (not \UART_ESP:BUART:pollcount_1\);

Note:  Expanding virtual equation for '\UART_ESP:BUART:sRX:s23Poll:MODULE_9:g2:a0:gta_1\' (cost = 0):
\UART_ESP:BUART:sRX:s23Poll:MODULE_9:g2:a0:gta_1\ <=  ('0') ;

Note:  Expanding virtual equation for '\UART_ESP:BUART:sRX:MODULE_10:g2:a0:lta_6\' (cost = 0):
\UART_ESP:BUART:sRX:MODULE_10:g2:a0:lta_6\ <=  ('0') ;

Note:  Expanding virtual equation for '\UART_ESP:BUART:sRX:MODULE_10:g2:a0:gta_6\' (cost = 0):
\UART_ESP:BUART:sRX:MODULE_10:g2:a0:gta_6\ <=  ('0') ;

Note:  Expanding virtual equation for '\UART_ESP:BUART:sRX:MODULE_10:g2:a0:lta_5\' (cost = 0):
\UART_ESP:BUART:sRX:MODULE_10:g2:a0:lta_5\ <=  ('0') ;

Note:  Expanding virtual equation for '\UART_ESP:BUART:sRX:MODULE_10:g2:a0:gta_5\' (cost = 0):
\UART_ESP:BUART:sRX:MODULE_10:g2:a0:gta_5\ <=  ('0') ;

Note:  Expanding virtual equation for '\UART_ESP:BUART:sRX:MODULE_10:g2:a0:lta_4\' (cost = 0):
\UART_ESP:BUART:sRX:MODULE_10:g2:a0:lta_4\ <=  ('0') ;

Note:  Expanding virtual equation for '\UART_ESP:BUART:sRX:MODULE_10:g2:a0:gta_4\' (cost = 0):
\UART_ESP:BUART:sRX:MODULE_10:g2:a0:gta_4\ <=  ('0') ;

Note:  Expanding virtual equation for '\UART_ESP:BUART:sRX:MODULE_10:g2:a0:lta_3\' (cost = 0):
\UART_ESP:BUART:sRX:MODULE_10:g2:a0:lta_3\ <=  ('0') ;

Note:  Expanding virtual equation for '\UART_ESP:BUART:sRX:MODULE_10:g2:a0:gta_3\' (cost = 0):
\UART_ESP:BUART:sRX:MODULE_10:g2:a0:gta_3\ <= (\UART_ESP:BUART:rx_count_6\);

Note:  Expanding virtual equation for '\UART_ESP:BUART:sRX:MODULE_10:g2:a0:lta_2\' (cost = 1):
\UART_ESP:BUART:sRX:MODULE_10:g2:a0:lta_2\ <= ((not \UART_ESP:BUART:rx_count_6\ and not \UART_ESP:BUART:rx_count_5\));

Note:  Expanding virtual equation for '\UART_ESP:BUART:sRX:MODULE_10:g2:a0:gta_2\' (cost = 0):
\UART_ESP:BUART:sRX:MODULE_10:g2:a0:gta_2\ <= (\UART_ESP:BUART:rx_count_6\);

Note:  Expanding virtual equation for '\UART_ESP:BUART:sRX:MODULE_10:g2:a0:lta_1\' (cost = 2):
\UART_ESP:BUART:sRX:MODULE_10:g2:a0:lta_1\ <= ((not \UART_ESP:BUART:rx_count_6\ and not \UART_ESP:BUART:rx_count_4\)
	OR (not \UART_ESP:BUART:rx_count_6\ and not \UART_ESP:BUART:rx_count_5\));

Note:  Expanding virtual equation for '\UART_ESP:BUART:sRX:MODULE_10:g2:a0:gta_1\' (cost = 0):
\UART_ESP:BUART:sRX:MODULE_10:g2:a0:gta_1\ <= (\UART_ESP:BUART:rx_count_6\);

Note:  Expanding virtual equation for '\UART_ESP:BUART:sRX:MODULE_10:g2:a0:lta_0\' (cost = 8):
\UART_ESP:BUART:sRX:MODULE_10:g2:a0:lta_0\ <= ((not \UART_ESP:BUART:rx_count_6\ and not \UART_ESP:BUART:rx_count_4\)
	OR (not \UART_ESP:BUART:rx_count_6\ and not \UART_ESP:BUART:rx_count_5\));

Note:  Expanding virtual equation for '\PWM:PWMUDB:cmp1\' (cost = 0):
\PWM:PWMUDB:cmp1\ <= (\PWM:PWMUDB:cmp1_less\);

Note:  Expanding virtual equation for '\PWM:PWMUDB:cmp2\' (cost = 0):
\PWM:PWMUDB:cmp2\ <= (\PWM:PWMUDB:cmp2_less\);

Note:  Expanding virtual equation for '\PWM:PWMUDB:MODULE_12:g2:a0:g1:z1:s0:g1:u0:c_1\' (cost = 0):
\PWM:PWMUDB:MODULE_12:g2:a0:g1:z1:s0:g1:u0:c_1\ <= (\PWM:PWMUDB:dith_count_0\);

Note:  Expanding virtual equation for '\PWM:PWMUDB:MODULE_12:g2:a0:s_0\' (cost = 0):
\PWM:PWMUDB:MODULE_12:g2:a0:s_0\ <= (not \PWM:PWMUDB:dith_count_0\);

Note:  Expanding virtual equation for '\PWM:PWMUDB:MODULE_12:g2:a0:g1:z1:s0:g1:u0:c_17\' (cost = 0):
\PWM:PWMUDB:MODULE_12:g2:a0:g1:z1:s0:g1:u0:c_17\ <=  ('0') ;

Note:  Expanding virtual equation for '\PWM:PWMUDB:MODULE_12:g2:a0:g1:z1:s0:g1:u0:c_9\' (cost = 0):
\PWM:PWMUDB:MODULE_12:g2:a0:g1:z1:s0:g1:u0:c_9\ <=  ('0') ;

Note:  Expanding virtual equation for '\PWM:PWMUDB:MODULE_12:g2:a0:g1:z1:s0:g1:u0:c_2\' (cost = 0):
\PWM:PWMUDB:MODULE_12:g2:a0:g1:z1:s0:g1:u0:c_2\ <= ((\PWM:PWMUDB:dith_count_1\ and \PWM:PWMUDB:dith_count_0\));


Substituting virtuals - pass 2:

Note:  Expanding virtual equation for '\UART_PSOC:BUART:sRX:s23Poll:MODULE_3:g2:a0:lta_0\' (cost = 4):
\UART_PSOC:BUART:sRX:s23Poll:MODULE_3:g2:a0:lta_0\ <= ((not MODIN3_1 and not MODIN3_0));

Note:  Expanding virtual equation for '\UART_PSOC:BUART:sRX:s23Poll:MODULE_4:g2:a0:lta_0\' (cost = 0):
\UART_PSOC:BUART:sRX:s23Poll:MODULE_4:g2:a0:lta_0\ <= (not MODIN3_1);

Note:  Expanding virtual equation for 'add_vv_vv_MODGEN_2_1' (cost = 2):
add_vv_vv_MODGEN_2_1 <= ((not MODIN3_0 and MODIN3_1)
	OR (not MODIN3_1 and MODIN3_0));

Note:  Expanding virtual equation for '\ADC_SA1:MODULE_1:g1:a0:xeq\' (cost = 64):
\ADC_SA1:MODULE_1:g1:a0:xeq\ <= ((not \ADC_SA1:AMuxHw_2_Decoder_old_id_5\ and not \ADC_SA1:ch_addr_5\ and not \ADC_SA1:AMuxHw_2_Decoder_old_id_4\ and not \ADC_SA1:ch_addr_4\ and not \ADC_SA1:AMuxHw_2_Decoder_old_id_3\ and not \ADC_SA1:ch_addr_3\ and not \ADC_SA1:AMuxHw_2_Decoder_old_id_2\ and not \ADC_SA1:ch_addr_2\ and not \ADC_SA1:AMuxHw_2_Decoder_old_id_1\ and not \ADC_SA1:ch_addr_1\ and not \ADC_SA1:AMuxHw_2_Decoder_old_id_0\ and not \ADC_SA1:ch_addr_0\)
	OR (not \ADC_SA1:AMuxHw_2_Decoder_old_id_4\ and not \ADC_SA1:ch_addr_4\ and not \ADC_SA1:AMuxHw_2_Decoder_old_id_3\ and not \ADC_SA1:ch_addr_3\ and not \ADC_SA1:AMuxHw_2_Decoder_old_id_2\ and not \ADC_SA1:ch_addr_2\ and not \ADC_SA1:AMuxHw_2_Decoder_old_id_1\ and not \ADC_SA1:ch_addr_1\ and not \ADC_SA1:AMuxHw_2_Decoder_old_id_0\ and not \ADC_SA1:ch_addr_0\ and \ADC_SA1:AMuxHw_2_Decoder_old_id_5\ and \ADC_SA1:ch_addr_5\)
	OR (not \ADC_SA1:AMuxHw_2_Decoder_old_id_5\ and not \ADC_SA1:ch_addr_5\ and not \ADC_SA1:AMuxHw_2_Decoder_old_id_3\ and not \ADC_SA1:ch_addr_3\ and not \ADC_SA1:AMuxHw_2_Decoder_old_id_2\ and not \ADC_SA1:ch_addr_2\ and not \ADC_SA1:AMuxHw_2_Decoder_old_id_1\ and not \ADC_SA1:ch_addr_1\ and not \ADC_SA1:AMuxHw_2_Decoder_old_id_0\ and not \ADC_SA1:ch_addr_0\ and \ADC_SA1:AMuxHw_2_Decoder_old_id_4\ and \ADC_SA1:ch_addr_4\)
	OR (not \ADC_SA1:AMuxHw_2_Decoder_old_id_3\ and not \ADC_SA1:ch_addr_3\ and not \ADC_SA1:AMuxHw_2_Decoder_old_id_2\ and not \ADC_SA1:ch_addr_2\ and not \ADC_SA1:AMuxHw_2_Decoder_old_id_1\ and not \ADC_SA1:ch_addr_1\ and not \ADC_SA1:AMuxHw_2_Decoder_old_id_0\ and not \ADC_SA1:ch_addr_0\ and \ADC_SA1:AMuxHw_2_Decoder_old_id_5\ and \ADC_SA1:ch_addr_5\ and \ADC_SA1:AMuxHw_2_Decoder_old_id_4\ and \ADC_SA1:ch_addr_4\)
	OR (not \ADC_SA1:AMuxHw_2_Decoder_old_id_5\ and not \ADC_SA1:ch_addr_5\ and not \ADC_SA1:AMuxHw_2_Decoder_old_id_4\ and not \ADC_SA1:ch_addr_4\ and not \ADC_SA1:AMuxHw_2_Decoder_old_id_2\ and not \ADC_SA1:ch_addr_2\ and not \ADC_SA1:AMuxHw_2_Decoder_old_id_1\ and not \ADC_SA1:ch_addr_1\ and not \ADC_SA1:AMuxHw_2_Decoder_old_id_0\ and not \ADC_SA1:ch_addr_0\ and \ADC_SA1:AMuxHw_2_Decoder_old_id_3\ and \ADC_SA1:ch_addr_3\)
	OR (not \ADC_SA1:AMuxHw_2_Decoder_old_id_4\ and not \ADC_SA1:ch_addr_4\ and not \ADC_SA1:AMuxHw_2_Decoder_old_id_2\ and not \ADC_SA1:ch_addr_2\ and not \ADC_SA1:AMuxHw_2_Decoder_old_id_1\ and not \ADC_SA1:ch_addr_1\ and not \ADC_SA1:AMuxHw_2_Decoder_old_id_0\ and not \ADC_SA1:ch_addr_0\ and \ADC_SA1:AMuxHw_2_Decoder_old_id_5\ and \ADC_SA1:ch_addr_5\ and \ADC_SA1:AMuxHw_2_Decoder_old_id_3\ and \ADC_SA1:ch_addr_3\)
	OR (not \ADC_SA1:AMuxHw_2_Decoder_old_id_5\ and not \ADC_SA1:ch_addr_5\ and not \ADC_SA1:AMuxHw_2_Decoder_old_id_2\ and not \ADC_SA1:ch_addr_2\ and not \ADC_SA1:AMuxHw_2_Decoder_old_id_1\ and not \ADC_SA1:ch_addr_1\ and not \ADC_SA1:AMuxHw_2_Decoder_old_id_0\ and not \ADC_SA1:ch_addr_0\ and \ADC_SA1:AMuxHw_2_Decoder_old_id_4\ and \ADC_SA1:ch_addr_4\ and \ADC_SA1:AMuxHw_2_Decoder_old_id_3\ and \ADC_SA1:ch_addr_3\)
	OR (not \ADC_SA1:AMuxHw_2_Decoder_old_id_2\ and not \ADC_SA1:ch_addr_2\ and not \ADC_SA1:AMuxHw_2_Decoder_old_id_1\ and not \ADC_SA1:ch_addr_1\ and not \ADC_SA1:AMuxHw_2_Decoder_old_id_0\ and not \ADC_SA1:ch_addr_0\ and \ADC_SA1:AMuxHw_2_Decoder_old_id_5\ and \ADC_SA1:ch_addr_5\ and \ADC_SA1:AMuxHw_2_Decoder_old_id_4\ and \ADC_SA1:ch_addr_4\ and \ADC_SA1:AMuxHw_2_Decoder_old_id_3\ and \ADC_SA1:ch_addr_3\)
	OR (not \ADC_SA1:AMuxHw_2_Decoder_old_id_5\ and not \ADC_SA1:ch_addr_5\ and not \ADC_SA1:AMuxHw_2_Decoder_old_id_4\ and not \ADC_SA1:ch_addr_4\ and not \ADC_SA1:AMuxHw_2_Decoder_old_id_3\ and not \ADC_SA1:ch_addr_3\ and not \ADC_SA1:AMuxHw_2_Decoder_old_id_1\ and not \ADC_SA1:ch_addr_1\ and not \ADC_SA1:AMuxHw_2_Decoder_old_id_0\ and not \ADC_SA1:ch_addr_0\ and \ADC_SA1:AMuxHw_2_Decoder_old_id_2\ and \ADC_SA1:ch_addr_2\)
	OR (not \ADC_SA1:AMuxHw_2_Decoder_old_id_4\ and not \ADC_SA1:ch_addr_4\ and not \ADC_SA1:AMuxHw_2_Decoder_old_id_3\ and not \ADC_SA1:ch_addr_3\ and not \ADC_SA1:AMuxHw_2_Decoder_old_id_1\ and not \ADC_SA1:ch_addr_1\ and not \ADC_SA1:AMuxHw_2_Decoder_old_id_0\ and not \ADC_SA1:ch_addr_0\ and \ADC_SA1:AMuxHw_2_Decoder_old_id_5\ and \ADC_SA1:ch_addr_5\ and \ADC_SA1:AMuxHw_2_Decoder_old_id_2\ and \ADC_SA1:ch_addr_2\)
	OR (not \ADC_SA1:AMuxHw_2_Decoder_old_id_5\ and not \ADC_SA1:ch_addr_5\ and not \ADC_SA1:AMuxHw_2_Decoder_old_id_3\ and not \ADC_SA1:ch_addr_3\ and not \ADC_SA1:AMuxHw_2_Decoder_old_id_1\ and not \ADC_SA1:ch_addr_1\ and not \ADC_SA1:AMuxHw_2_Decoder_old_id_0\ and not \ADC_SA1:ch_addr_0\ and \ADC_SA1:AMuxHw_2_Decoder_old_id_4\ and \ADC_SA1:ch_addr_4\ and \ADC_SA1:AMuxHw_2_Decoder_old_id_2\ and \ADC_SA1:ch_addr_2\)
	OR (not \ADC_SA1:AMuxHw_2_Decoder_old_id_3\ and not \ADC_SA1:ch_addr_3\ and not \ADC_SA1:AMuxHw_2_Decoder_old_id_1\ and not \ADC_SA1:ch_addr_1\ and not \ADC_SA1:AMuxHw_2_Decoder_old_id_0\ and not \ADC_SA1:ch_addr_0\ and \ADC_SA1:AMuxHw_2_Decoder_old_id_5\ and \ADC_SA1:ch_addr_5\ and \ADC_SA1:AMuxHw_2_Decoder_old_id_4\ and \ADC_SA1:ch_addr_4\ and \ADC_SA1:AMuxHw_2_Decoder_old_id_2\ and \ADC_SA1:ch_addr_2\)
	OR (not \ADC_SA1:AMuxHw_2_Decoder_old_id_5\ and not \ADC_SA1:ch_addr_5\ and not \ADC_SA1:AMuxHw_2_Decoder_old_id_4\ and not \ADC_SA1:ch_addr_4\ and not \ADC_SA1:AMuxHw_2_Decoder_old_id_1\ and not \ADC_SA1:ch_addr_1\ and not \ADC_SA1:AMuxHw_2_Decoder_old_id_0\ and not \ADC_SA1:ch_addr_0\ and \ADC_SA1:AMuxHw_2_Decoder_old_id_3\ and \ADC_SA1:ch_addr_3\ and \ADC_SA1:AMuxHw_2_Decoder_old_id_2\ and \ADC_SA1:ch_addr_2\)
	OR (not \ADC_SA1:AMuxHw_2_Decoder_old_id_4\ and not \ADC_SA1:ch_addr_4\ and not \ADC_SA1:AMuxHw_2_Decoder_old_id_1\ and not \ADC_SA1:ch_addr_1\ and not \ADC_SA1:AMuxHw_2_Decoder_old_id_0\ and not \ADC_SA1:ch_addr_0\ and \ADC_SA1:AMuxHw_2_Decoder_old_id_5\ and \ADC_SA1:ch_addr_5\ and \ADC_SA1:AMuxHw_2_Decoder_old_id_3\ and \ADC_SA1:ch_addr_3\ and \ADC_SA1:AMuxHw_2_Decoder_old_id_2\ and \ADC_SA1:ch_addr_2\)
	OR (not \ADC_SA1:AMuxHw_2_Decoder_old_id_5\ and not \ADC_SA1:ch_addr_5\ and not \ADC_SA1:AMuxHw_2_Decoder_old_id_1\ and not \ADC_SA1:ch_addr_1\ and not \ADC_SA1:AMuxHw_2_Decoder_old_id_0\ and not \ADC_SA1:ch_addr_0\ and \ADC_SA1:AMuxHw_2_Decoder_old_id_4\ and \ADC_SA1:ch_addr_4\ and \ADC_SA1:AMuxHw_2_Decoder_old_id_3\ and \ADC_SA1:ch_addr_3\ and \ADC_SA1:AMuxHw_2_Decoder_old_id_2\ and \ADC_SA1:ch_addr_2\)
	OR (not \ADC_SA1:AMuxHw_2_Decoder_old_id_1\ and not \ADC_SA1:ch_addr_1\ and not \ADC_SA1:AMuxHw_2_Decoder_old_id_0\ and not \ADC_SA1:ch_addr_0\ and \ADC_SA1:AMuxHw_2_Decoder_old_id_5\ and \ADC_SA1:ch_addr_5\ and \ADC_SA1:AMuxHw_2_Decoder_old_id_4\ and \ADC_SA1:ch_addr_4\ and \ADC_SA1:AMuxHw_2_Decoder_old_id_3\ and \ADC_SA1:ch_addr_3\ and \ADC_SA1:AMuxHw_2_Decoder_old_id_2\ and \ADC_SA1:ch_addr_2\)
	OR (not \ADC_SA1:AMuxHw_2_Decoder_old_id_5\ and not \ADC_SA1:ch_addr_5\ and not \ADC_SA1:AMuxHw_2_Decoder_old_id_4\ and not \ADC_SA1:ch_addr_4\ and not \ADC_SA1:AMuxHw_2_Decoder_old_id_3\ and not \ADC_SA1:ch_addr_3\ and not \ADC_SA1:AMuxHw_2_Decoder_old_id_2\ and not \ADC_SA1:ch_addr_2\ and not \ADC_SA1:AMuxHw_2_Decoder_old_id_0\ and not \ADC_SA1:ch_addr_0\ and \ADC_SA1:AMuxHw_2_Decoder_old_id_1\ and \ADC_SA1:ch_addr_1\)
	OR (not \ADC_SA1:AMuxHw_2_Decoder_old_id_4\ and not \ADC_SA1:ch_addr_4\ and not \ADC_SA1:AMuxHw_2_Decoder_old_id_3\ and not \ADC_SA1:ch_addr_3\ and not \ADC_SA1:AMuxHw_2_Decoder_old_id_2\ and not \ADC_SA1:ch_addr_2\ and not \ADC_SA1:AMuxHw_2_Decoder_old_id_0\ and not \ADC_SA1:ch_addr_0\ and \ADC_SA1:AMuxHw_2_Decoder_old_id_5\ and \ADC_SA1:ch_addr_5\ and \ADC_SA1:AMuxHw_2_Decoder_old_id_1\ and \ADC_SA1:ch_addr_1\)
	OR (not \ADC_SA1:AMuxHw_2_Decoder_old_id_5\ and not \ADC_SA1:ch_addr_5\ and not \ADC_SA1:AMuxHw_2_Decoder_old_id_3\ and not \ADC_SA1:ch_addr_3\ and not \ADC_SA1:AMuxHw_2_Decoder_old_id_2\ and not \ADC_SA1:ch_addr_2\ and not \ADC_SA1:AMuxHw_2_Decoder_old_id_0\ and not \ADC_SA1:ch_addr_0\ and \ADC_SA1:AMuxHw_2_Decoder_old_id_4\ and \ADC_SA1:ch_addr_4\ and \ADC_SA1:AMuxHw_2_Decoder_old_id_1\ and \ADC_SA1:ch_addr_1\)
	OR (not \ADC_SA1:AMuxHw_2_Decoder_old_id_3\ and not \ADC_SA1:ch_addr_3\ and not \ADC_SA1:AMuxHw_2_Decoder_old_id_2\ and not \ADC_SA1:ch_addr_2\ and not \ADC_SA1:AMuxHw_2_Decoder_old_id_0\ and not \ADC_SA1:ch_addr_0\ and \ADC_SA1:AMuxHw_2_Decoder_old_id_5\ and \ADC_SA1:ch_addr_5\ and \ADC_SA1:AMuxHw_2_Decoder_old_id_4\ and \ADC_SA1:ch_addr_4\ and \ADC_SA1:AMuxHw_2_Decoder_old_id_1\ and \ADC_SA1:ch_addr_1\)
	OR (not \ADC_SA1:AMuxHw_2_Decoder_old_id_5\ and not \ADC_SA1:ch_addr_5\ and not \ADC_SA1:AMuxHw_2_Decoder_old_id_4\ and not \ADC_SA1:ch_addr_4\ and not \ADC_SA1:AMuxHw_2_Decoder_old_id_2\ and not \ADC_SA1:ch_addr_2\ and not \ADC_SA1:AMuxHw_2_Decoder_old_id_0\ and not \ADC_SA1:ch_addr_0\ and \ADC_SA1:AMuxHw_2_Decoder_old_id_3\ and \ADC_SA1:ch_addr_3\ and \ADC_SA1:AMuxHw_2_Decoder_old_id_1\ and \ADC_SA1:ch_addr_1\)
	OR (not \ADC_SA1:AMuxHw_2_Decoder_old_id_4\ and not \ADC_SA1:ch_addr_4\ and not \ADC_SA1:AMuxHw_2_Decoder_old_id_2\ and not \ADC_SA1:ch_addr_2\ and not \ADC_SA1:AMuxHw_2_Decoder_old_id_0\ and not \ADC_SA1:ch_addr_0\ and \ADC_SA1:AMuxHw_2_Decoder_old_id_5\ and \ADC_SA1:ch_addr_5\ and \ADC_SA1:AMuxHw_2_Decoder_old_id_3\ and \ADC_SA1:ch_addr_3\ and \ADC_SA1:AMuxHw_2_Decoder_old_id_1\ and \ADC_SA1:ch_addr_1\)
	OR (not \ADC_SA1:AMuxHw_2_Decoder_old_id_5\ and not \ADC_SA1:ch_addr_5\ and not \ADC_SA1:AMuxHw_2_Decoder_old_id_2\ and not \ADC_SA1:ch_addr_2\ and not \ADC_SA1:AMuxHw_2_Decoder_old_id_0\ and not \ADC_SA1:ch_addr_0\ and \ADC_SA1:AMuxHw_2_Decoder_old_id_4\ and \ADC_SA1:ch_addr_4\ and \ADC_SA1:AMuxHw_2_Decoder_old_id_3\ and \ADC_SA1:ch_addr_3\ and \ADC_SA1:AMuxHw_2_Decoder_old_id_1\ and \ADC_SA1:ch_addr_1\)
	OR (not \ADC_SA1:AMuxHw_2_Decoder_old_id_2\ and not \ADC_SA1:ch_addr_2\ and not \ADC_SA1:AMuxHw_2_Decoder_old_id_0\ and not \ADC_SA1:ch_addr_0\ and \ADC_SA1:AMuxHw_2_Decoder_old_id_5\ and \ADC_SA1:ch_addr_5\ and \ADC_SA1:AMuxHw_2_Decoder_old_id_4\ and \ADC_SA1:ch_addr_4\ and \ADC_SA1:AMuxHw_2_Decoder_old_id_3\ and \ADC_SA1:ch_addr_3\ and \ADC_SA1:AMuxHw_2_Decoder_old_id_1\ and \ADC_SA1:ch_addr_1\)
	OR (not \ADC_SA1:AMuxHw_2_Decoder_old_id_5\ and not \ADC_SA1:ch_addr_5\ and not \ADC_SA1:AMuxHw_2_Decoder_old_id_4\ and not \ADC_SA1:ch_addr_4\ and not \ADC_SA1:AMuxHw_2_Decoder_old_id_3\ and not \ADC_SA1:ch_addr_3\ and not \ADC_SA1:AMuxHw_2_Decoder_old_id_0\ and not \ADC_SA1:ch_addr_0\ and \ADC_SA1:AMuxHw_2_Decoder_old_id_2\ and \ADC_SA1:ch_addr_2\ and \ADC_SA1:AMuxHw_2_Decoder_old_id_1\ and \ADC_SA1:ch_addr_1\)
	OR (not \ADC_SA1:AMuxHw_2_Decoder_old_id_4\ and not \ADC_SA1:ch_addr_4\ and not \ADC_SA1:AMuxHw_2_Decoder_old_id_3\ and not \ADC_SA1:ch_addr_3\ and not \ADC_SA1:AMuxHw_2_Decoder_old_id_0\ and not \ADC_SA1:ch_addr_0\ and \ADC_SA1:AMuxHw_2_Decoder_old_id_5\ and \ADC_SA1:ch_addr_5\ and \ADC_SA1:AMuxHw_2_Decoder_old_id_2\ and \ADC_SA1:ch_addr_2\ and \ADC_SA1:AMuxHw_2_Decoder_old_id_1\ and \ADC_SA1:ch_addr_1\)
	OR (not \ADC_SA1:AMuxHw_2_Decoder_old_id_5\ and not \ADC_SA1:ch_addr_5\ and not \ADC_SA1:AMuxHw_2_Decoder_old_id_3\ and not \ADC_SA1:ch_addr_3\ and not \ADC_SA1:AMuxHw_2_Decoder_old_id_0\ and not \ADC_SA1:ch_addr_0\ and \ADC_SA1:AMuxHw_2_Decoder_old_id_4\ and \ADC_SA1:ch_addr_4\ and \ADC_SA1:AMuxHw_2_Decoder_old_id_2\ and \ADC_SA1:ch_addr_2\ and \ADC_SA1:AMuxHw_2_Decoder_old_id_1\ and \ADC_SA1:ch_addr_1\)
	OR (not \ADC_SA1:AMuxHw_2_Decoder_old_id_3\ and not \ADC_SA1:ch_addr_3\ and not \ADC_SA1:AMuxHw_2_Decoder_old_id_0\ and not \ADC_SA1:ch_addr_0\ and \ADC_SA1:AMuxHw_2_Decoder_old_id_5\ and \ADC_SA1:ch_addr_5\ and \ADC_SA1:AMuxHw_2_Decoder_old_id_4\ and \ADC_SA1:ch_addr_4\ and \ADC_SA1:AMuxHw_2_Decoder_old_id_2\ and \ADC_SA1:ch_addr_2\ and \ADC_SA1:AMuxHw_2_Decoder_old_id_1\ and \ADC_SA1:ch_addr_1\)
	OR (not \ADC_SA1:AMuxHw_2_Decoder_old_id_5\ and not \ADC_SA1:ch_addr_5\ and not \ADC_SA1:AMuxHw_2_Decoder_old_id_4\ and not \ADC_SA1:ch_addr_4\ and not \ADC_SA1:AMuxHw_2_Decoder_old_id_0\ and not \ADC_SA1:ch_addr_0\ and \ADC_SA1:AMuxHw_2_Decoder_old_id_3\ and \ADC_SA1:ch_addr_3\ and \ADC_SA1:AMuxHw_2_Decoder_old_id_2\ and \ADC_SA1:ch_addr_2\ and \ADC_SA1:AMuxHw_2_Decoder_old_id_1\ and \ADC_SA1:ch_addr_1\)
	OR (not \ADC_SA1:AMuxHw_2_Decoder_old_id_4\ and not \ADC_SA1:ch_addr_4\ and not \ADC_SA1:AMuxHw_2_Decoder_old_id_0\ and not \ADC_SA1:ch_addr_0\ and \ADC_SA1:AMuxHw_2_Decoder_old_id_5\ and \ADC_SA1:ch_addr_5\ and \ADC_SA1:AMuxHw_2_Decoder_old_id_3\ and \ADC_SA1:ch_addr_3\ and \ADC_SA1:AMuxHw_2_Decoder_old_id_2\ and \ADC_SA1:ch_addr_2\ and \ADC_SA1:AMuxHw_2_Decoder_old_id_1\ and \ADC_SA1:ch_addr_1\)
	OR (not \ADC_SA1:AMuxHw_2_Decoder_old_id_5\ and not \ADC_SA1:ch_addr_5\ and not \ADC_SA1:AMuxHw_2_Decoder_old_id_0\ and not \ADC_SA1:ch_addr_0\ and \ADC_SA1:AMuxHw_2_Decoder_old_id_4\ and \ADC_SA1:ch_addr_4\ and \ADC_SA1:AMuxHw_2_Decoder_old_id_3\ and \ADC_SA1:ch_addr_3\ and \ADC_SA1:AMuxHw_2_Decoder_old_id_2\ and \ADC_SA1:ch_addr_2\ and \ADC_SA1:AMuxHw_2_Decoder_old_id_1\ and \ADC_SA1:ch_addr_1\)
	OR (not \ADC_SA1:AMuxHw_2_Decoder_old_id_0\ and not \ADC_SA1:ch_addr_0\ and \ADC_SA1:AMuxHw_2_Decoder_old_id_5\ and \ADC_SA1:ch_addr_5\ and \ADC_SA1:AMuxHw_2_Decoder_old_id_4\ and \ADC_SA1:ch_addr_4\ and \ADC_SA1:AMuxHw_2_Decoder_old_id_3\ and \ADC_SA1:ch_addr_3\ and \ADC_SA1:AMuxHw_2_Decoder_old_id_2\ and \ADC_SA1:ch_addr_2\ and \ADC_SA1:AMuxHw_2_Decoder_old_id_1\ and \ADC_SA1:ch_addr_1\)
	OR (not \ADC_SA1:AMuxHw_2_Decoder_old_id_5\ and not \ADC_SA1:ch_addr_5\ and not \ADC_SA1:AMuxHw_2_Decoder_old_id_4\ and not \ADC_SA1:ch_addr_4\ and not \ADC_SA1:AMuxHw_2_Decoder_old_id_3\ and not \ADC_SA1:ch_addr_3\ and not \ADC_SA1:AMuxHw_2_Decoder_old_id_2\ and not \ADC_SA1:ch_addr_2\ and not \ADC_SA1:AMuxHw_2_Decoder_old_id_1\ and not \ADC_SA1:ch_addr_1\ and \ADC_SA1:AMuxHw_2_Decoder_old_id_0\ and \ADC_SA1:ch_addr_0\)
	OR (not \ADC_SA1:AMuxHw_2_Decoder_old_id_4\ and not \ADC_SA1:ch_addr_4\ and not \ADC_SA1:AMuxHw_2_Decoder_old_id_3\ and not \ADC_SA1:ch_addr_3\ and not \ADC_SA1:AMuxHw_2_Decoder_old_id_2\ and not \ADC_SA1:ch_addr_2\ and not \ADC_SA1:AMuxHw_2_Decoder_old_id_1\ and not \ADC_SA1:ch_addr_1\ and \ADC_SA1:AMuxHw_2_Decoder_old_id_5\ and \ADC_SA1:ch_addr_5\ and \ADC_SA1:AMuxHw_2_Decoder_old_id_0\ and \ADC_SA1:ch_addr_0\)
	OR (not \ADC_SA1:AMuxHw_2_Decoder_old_id_5\ and not \ADC_SA1:ch_addr_5\ and not \ADC_SA1:AMuxHw_2_Decoder_old_id_3\ and not \ADC_SA1:ch_addr_3\ and not \ADC_SA1:AMuxHw_2_Decoder_old_id_2\ and not \ADC_SA1:ch_addr_2\ and not \ADC_SA1:AMuxHw_2_Decoder_old_id_1\ and not \ADC_SA1:ch_addr_1\ and \ADC_SA1:AMuxHw_2_Decoder_old_id_4\ and \ADC_SA1:ch_addr_4\ and \ADC_SA1:AMuxHw_2_Decoder_old_id_0\ and \ADC_SA1:ch_addr_0\)
	OR (not \ADC_SA1:AMuxHw_2_Decoder_old_id_3\ and not \ADC_SA1:ch_addr_3\ and not \ADC_SA1:AMuxHw_2_Decoder_old_id_2\ and not \ADC_SA1:ch_addr_2\ and not \ADC_SA1:AMuxHw_2_Decoder_old_id_1\ and not \ADC_SA1:ch_addr_1\ and \ADC_SA1:AMuxHw_2_Decoder_old_id_5\ and \ADC_SA1:ch_addr_5\ and \ADC_SA1:AMuxHw_2_Decoder_old_id_4\ and \ADC_SA1:ch_addr_4\ and \ADC_SA1:AMuxHw_2_Decoder_old_id_0\ and \ADC_SA1:ch_addr_0\)
	OR (not \ADC_SA1:AMuxHw_2_Decoder_old_id_5\ and not \ADC_SA1:ch_addr_5\ and not \ADC_SA1:AMuxHw_2_Decoder_old_id_4\ and not \ADC_SA1:ch_addr_4\ and not \ADC_SA1:AMuxHw_2_Decoder_old_id_2\ and not \ADC_SA1:ch_addr_2\ and not \ADC_SA1:AMuxHw_2_Decoder_old_id_1\ and not \ADC_SA1:ch_addr_1\ and \ADC_SA1:AMuxHw_2_Decoder_old_id_3\ and \ADC_SA1:ch_addr_3\ and \ADC_SA1:AMuxHw_2_Decoder_old_id_0\ and \ADC_SA1:ch_addr_0\)
	OR (not \ADC_SA1:AMuxHw_2_Decoder_old_id_4\ and not \ADC_SA1:ch_addr_4\ and not \ADC_SA1:AMuxHw_2_Decoder_old_id_2\ and not \ADC_SA1:ch_addr_2\ and not \ADC_SA1:AMuxHw_2_Decoder_old_id_1\ and not \ADC_SA1:ch_addr_1\ and \ADC_SA1:AMuxHw_2_Decoder_old_id_5\ and \ADC_SA1:ch_addr_5\ and \ADC_SA1:AMuxHw_2_Decoder_old_id_3\ and \ADC_SA1:ch_addr_3\ and \ADC_SA1:AMuxHw_2_Decoder_old_id_0\ and \ADC_SA1:ch_addr_0\)
	OR (not \ADC_SA1:AMuxHw_2_Decoder_old_id_5\ and not \ADC_SA1:ch_addr_5\ and not \ADC_SA1:AMuxHw_2_Decoder_old_id_2\ and not \ADC_SA1:ch_addr_2\ and not \ADC_SA1:AMuxHw_2_Decoder_old_id_1\ and not \ADC_SA1:ch_addr_1\ and \ADC_SA1:AMuxHw_2_Decoder_old_id_4\ and \ADC_SA1:ch_addr_4\ and \ADC_SA1:AMuxHw_2_Decoder_old_id_3\ and \ADC_SA1:ch_addr_3\ and \ADC_SA1:AMuxHw_2_Decoder_old_id_0\ and \ADC_SA1:ch_addr_0\)
	OR (not \ADC_SA1:AMuxHw_2_Decoder_old_id_2\ and not \ADC_SA1:ch_addr_2\ and not \ADC_SA1:AMuxHw_2_Decoder_old_id_1\ and not \ADC_SA1:ch_addr_1\ and \ADC_SA1:AMuxHw_2_Decoder_old_id_5\ and \ADC_SA1:ch_addr_5\ and \ADC_SA1:AMuxHw_2_Decoder_old_id_4\ and \ADC_SA1:ch_addr_4\ and \ADC_SA1:AMuxHw_2_Decoder_old_id_3\ and \ADC_SA1:ch_addr_3\ and \ADC_SA1:AMuxHw_2_Decoder_old_id_0\ and \ADC_SA1:ch_addr_0\)
	OR (not \ADC_SA1:AMuxHw_2_Decoder_old_id_5\ and not \ADC_SA1:ch_addr_5\ and not \ADC_SA1:AMuxHw_2_Decoder_old_id_4\ and not \ADC_SA1:ch_addr_4\ and not \ADC_SA1:AMuxHw_2_Decoder_old_id_3\ and not \ADC_SA1:ch_addr_3\ and not \ADC_SA1:AMuxHw_2_Decoder_old_id_1\ and not \ADC_SA1:ch_addr_1\ and \ADC_SA1:AMuxHw_2_Decoder_old_id_2\ and \ADC_SA1:ch_addr_2\ and \ADC_SA1:AMuxHw_2_Decoder_old_id_0\ and \ADC_SA1:ch_addr_0\)
	OR (not \ADC_SA1:AMuxHw_2_Decoder_old_id_4\ and not \ADC_SA1:ch_addr_4\ and not \ADC_SA1:AMuxHw_2_Decoder_old_id_3\ and not \ADC_SA1:ch_addr_3\ and not \ADC_SA1:AMuxHw_2_Decoder_old_id_1\ and not \ADC_SA1:ch_addr_1\ and \ADC_SA1:AMuxHw_2_Decoder_old_id_5\ and \ADC_SA1:ch_addr_5\ and \ADC_SA1:AMuxHw_2_Decoder_old_id_2\ and \ADC_SA1:ch_addr_2\ and \ADC_SA1:AMuxHw_2_Decoder_old_id_0\ and \ADC_SA1:ch_addr_0\)
	OR (not \ADC_SA1:AMuxHw_2_Decoder_old_id_5\ and not \ADC_SA1:ch_addr_5\ and not \ADC_SA1:AMuxHw_2_Decoder_old_id_3\ and not \ADC_SA1:ch_addr_3\ and not \ADC_SA1:AMuxHw_2_Decoder_old_id_1\ and not \ADC_SA1:ch_addr_1\ and \ADC_SA1:AMuxHw_2_Decoder_old_id_4\ and \ADC_SA1:ch_addr_4\ and \ADC_SA1:AMuxHw_2_Decoder_old_id_2\ and \ADC_SA1:ch_addr_2\ and \ADC_SA1:AMuxHw_2_Decoder_old_id_0\ and \ADC_SA1:ch_addr_0\)
	OR (not \ADC_SA1:AMuxHw_2_Decoder_old_id_3\ and not \ADC_SA1:ch_addr_3\ and not \ADC_SA1:AMuxHw_2_Decoder_old_id_1\ and not \ADC_SA1:ch_addr_1\ and \ADC_SA1:AMuxHw_2_Decoder_old_id_5\ and \ADC_SA1:ch_addr_5\ and \ADC_SA1:AMuxHw_2_Decoder_old_id_4\ and \ADC_SA1:ch_addr_4\ and \ADC_SA1:AMuxHw_2_Decoder_old_id_2\ and \ADC_SA1:ch_addr_2\ and \ADC_SA1:AMuxHw_2_Decoder_old_id_0\ and \ADC_SA1:ch_addr_0\)
	OR (not \ADC_SA1:AMuxHw_2_Decoder_old_id_5\ and not \ADC_SA1:ch_addr_5\ and not \ADC_SA1:AMuxHw_2_Decoder_old_id_4\ and not \ADC_SA1:ch_addr_4\ and not \ADC_SA1:AMuxHw_2_Decoder_old_id_1\ and not \ADC_SA1:ch_addr_1\ and \ADC_SA1:AMuxHw_2_Decoder_old_id_3\ and \ADC_SA1:ch_addr_3\ and \ADC_SA1:AMuxHw_2_Decoder_old_id_2\ and \ADC_SA1:ch_addr_2\ and \ADC_SA1:AMuxHw_2_Decoder_old_id_0\ and \ADC_SA1:ch_addr_0\)
	OR (not \ADC_SA1:AMuxHw_2_Decoder_old_id_4\ and not \ADC_SA1:ch_addr_4\ and not \ADC_SA1:AMuxHw_2_Decoder_old_id_1\ and not \ADC_SA1:ch_addr_1\ and \ADC_SA1:AMuxHw_2_Decoder_old_id_5\ and \ADC_SA1:ch_addr_5\ and \ADC_SA1:AMuxHw_2_Decoder_old_id_3\ and \ADC_SA1:ch_addr_3\ and \ADC_SA1:AMuxHw_2_Decoder_old_id_2\ and \ADC_SA1:ch_addr_2\ and \ADC_SA1:AMuxHw_2_Decoder_old_id_0\ and \ADC_SA1:ch_addr_0\)
	OR (not \ADC_SA1:AMuxHw_2_Decoder_old_id_5\ and not \ADC_SA1:ch_addr_5\ and not \ADC_SA1:AMuxHw_2_Decoder_old_id_1\ and not \ADC_SA1:ch_addr_1\ and \ADC_SA1:AMuxHw_2_Decoder_old_id_4\ and \ADC_SA1:ch_addr_4\ and \ADC_SA1:AMuxHw_2_Decoder_old_id_3\ and \ADC_SA1:ch_addr_3\ and \ADC_SA1:AMuxHw_2_Decoder_old_id_2\ and \ADC_SA1:ch_addr_2\ and \ADC_SA1:AMuxHw_2_Decoder_old_id_0\ and \ADC_SA1:ch_addr_0\)
	OR (not \ADC_SA1:AMuxHw_2_Decoder_old_id_1\ and not \ADC_SA1:ch_addr_1\ and \ADC_SA1:AMuxHw_2_Decoder_old_id_5\ and \ADC_SA1:ch_addr_5\ and \ADC_SA1:AMuxHw_2_Decoder_old_id_4\ and \ADC_SA1:ch_addr_4\ and \ADC_SA1:AMuxHw_2_Decoder_old_id_3\ and \ADC_SA1:ch_addr_3\ and \ADC_SA1:AMuxHw_2_Decoder_old_id_2\ and \ADC_SA1:ch_addr_2\ and \ADC_SA1:AMuxHw_2_Decoder_old_id_0\ and \ADC_SA1:ch_addr_0\)
	OR (not \ADC_SA1:AMuxHw_2_Decoder_old_id_5\ and not \ADC_SA1:ch_addr_5\ and not \ADC_SA1:AMuxHw_2_Decoder_old_id_4\ and not \ADC_SA1:ch_addr_4\ and not \ADC_SA1:AMuxHw_2_Decoder_old_id_3\ and not \ADC_SA1:ch_addr_3\ and not \ADC_SA1:AMuxHw_2_Decoder_old_id_2\ and not \ADC_SA1:ch_addr_2\ and \ADC_SA1:AMuxHw_2_Decoder_old_id_1\ and \ADC_SA1:ch_addr_1\ and \ADC_SA1:AMuxHw_2_Decoder_old_id_0\ and \ADC_SA1:ch_addr_0\)
	OR (not \ADC_SA1:AMuxHw_2_Decoder_old_id_4\ and not \ADC_SA1:ch_addr_4\ and not \ADC_SA1:AMuxHw_2_Decoder_old_id_3\ and not \ADC_SA1:ch_addr_3\ and not \ADC_SA1:AMuxHw_2_Decoder_old_id_2\ and not \ADC_SA1:ch_addr_2\ and \ADC_SA1:AMuxHw_2_Decoder_old_id_5\ and \ADC_SA1:ch_addr_5\ and \ADC_SA1:AMuxHw_2_Decoder_old_id_1\ and \ADC_SA1:ch_addr_1\ and \ADC_SA1:AMuxHw_2_Decoder_old_id_0\ and \ADC_SA1:ch_addr_0\)
	OR (not \ADC_SA1:AMuxHw_2_Decoder_old_id_5\ and not \ADC_SA1:ch_addr_5\ and not \ADC_SA1:AMuxHw_2_Decoder_old_id_3\ and not \ADC_SA1:ch_addr_3\ and not \ADC_SA1:AMuxHw_2_Decoder_old_id_2\ and not \ADC_SA1:ch_addr_2\ and \ADC_SA1:AMuxHw_2_Decoder_old_id_4\ and \ADC_SA1:ch_addr_4\ and \ADC_SA1:AMuxHw_2_Decoder_old_id_1\ and \ADC_SA1:ch_addr_1\ and \ADC_SA1:AMuxHw_2_Decoder_old_id_0\ and \ADC_SA1:ch_addr_0\)
	OR (not \ADC_SA1:AMuxHw_2_Decoder_old_id_3\ and not \ADC_SA1:ch_addr_3\ and not \ADC_SA1:AMuxHw_2_Decoder_old_id_2\ and not \ADC_SA1:ch_addr_2\ and \ADC_SA1:AMuxHw_2_Decoder_old_id_5\ and \ADC_SA1:ch_addr_5\ and \ADC_SA1:AMuxHw_2_Decoder_old_id_4\ and \ADC_SA1:ch_addr_4\ and \ADC_SA1:AMuxHw_2_Decoder_old_id_1\ and \ADC_SA1:ch_addr_1\ and \ADC_SA1:AMuxHw_2_Decoder_old_id_0\ and \ADC_SA1:ch_addr_0\)
	OR (not \ADC_SA1:AMuxHw_2_Decoder_old_id_5\ and not \ADC_SA1:ch_addr_5\ and not \ADC_SA1:AMuxHw_2_Decoder_old_id_4\ and not \ADC_SA1:ch_addr_4\ and not \ADC_SA1:AMuxHw_2_Decoder_old_id_2\ and not \ADC_SA1:ch_addr_2\ and \ADC_SA1:AMuxHw_2_Decoder_old_id_3\ and \ADC_SA1:ch_addr_3\ and \ADC_SA1:AMuxHw_2_Decoder_old_id_1\ and \ADC_SA1:ch_addr_1\ and \ADC_SA1:AMuxHw_2_Decoder_old_id_0\ and \ADC_SA1:ch_addr_0\)
	OR (not \ADC_SA1:AMuxHw_2_Decoder_old_id_4\ and not \ADC_SA1:ch_addr_4\ and not \ADC_SA1:AMuxHw_2_Decoder_old_id_2\ and not \ADC_SA1:ch_addr_2\ and \ADC_SA1:AMuxHw_2_Decoder_old_id_5\ and \ADC_SA1:ch_addr_5\ and \ADC_SA1:AMuxHw_2_Decoder_old_id_3\ and \ADC_SA1:ch_addr_3\ and \ADC_SA1:AMuxHw_2_Decoder_old_id_1\ and \ADC_SA1:ch_addr_1\ and \ADC_SA1:AMuxHw_2_Decoder_old_id_0\ and \ADC_SA1:ch_addr_0\)
	OR (not \ADC_SA1:AMuxHw_2_Decoder_old_id_5\ and not \ADC_SA1:ch_addr_5\ and not \ADC_SA1:AMuxHw_2_Decoder_old_id_2\ and not \ADC_SA1:ch_addr_2\ and \ADC_SA1:AMuxHw_2_Decoder_old_id_4\ and \ADC_SA1:ch_addr_4\ and \ADC_SA1:AMuxHw_2_Decoder_old_id_3\ and \ADC_SA1:ch_addr_3\ and \ADC_SA1:AMuxHw_2_Decoder_old_id_1\ and \ADC_SA1:ch_addr_1\ and \ADC_SA1:AMuxHw_2_Decoder_old_id_0\ and \ADC_SA1:ch_addr_0\)
	OR (not \ADC_SA1:AMuxHw_2_Decoder_old_id_2\ and not \ADC_SA1:ch_addr_2\ and \ADC_SA1:AMuxHw_2_Decoder_old_id_5\ and \ADC_SA1:ch_addr_5\ and \ADC_SA1:AMuxHw_2_Decoder_old_id_4\ and \ADC_SA1:ch_addr_4\ and \ADC_SA1:AMuxHw_2_Decoder_old_id_3\ and \ADC_SA1:ch_addr_3\ and \ADC_SA1:AMuxHw_2_Decoder_old_id_1\ and \ADC_SA1:ch_addr_1\ and \ADC_SA1:AMuxHw_2_Decoder_old_id_0\ and \ADC_SA1:ch_addr_0\)
	OR (not \ADC_SA1:AMuxHw_2_Decoder_old_id_5\ and not \ADC_SA1:ch_addr_5\ and not \ADC_SA1:AMuxHw_2_Decoder_old_id_4\ and not \ADC_SA1:ch_addr_4\ and not \ADC_SA1:AMuxHw_2_Decoder_old_id_3\ and not \ADC_SA1:ch_addr_3\ and \ADC_SA1:AMuxHw_2_Decoder_old_id_2\ and \ADC_SA1:ch_addr_2\ and \ADC_SA1:AMuxHw_2_Decoder_old_id_1\ and \ADC_SA1:ch_addr_1\ and \ADC_SA1:AMuxHw_2_Decoder_old_id_0\ and \ADC_SA1:ch_addr_0\)
	OR (not \ADC_SA1:AMuxHw_2_Decoder_old_id_4\ and not \ADC_SA1:ch_addr_4\ and not \ADC_SA1:AMuxHw_2_Decoder_old_id_3\ and not \ADC_SA1:ch_addr_3\ and \ADC_SA1:AMuxHw_2_Decoder_old_id_5\ and \ADC_SA1:ch_addr_5\ and \ADC_SA1:AMuxHw_2_Decoder_old_id_2\ and \ADC_SA1:ch_addr_2\ and \ADC_SA1:AMuxHw_2_Decoder_old_id_1\ and \ADC_SA1:ch_addr_1\ and \ADC_SA1:AMuxHw_2_Decoder_old_id_0\ and \ADC_SA1:ch_addr_0\)
	OR (not \ADC_SA1:AMuxHw_2_Decoder_old_id_5\ and not \ADC_SA1:ch_addr_5\ and not \ADC_SA1:AMuxHw_2_Decoder_old_id_3\ and not \ADC_SA1:ch_addr_3\ and \ADC_SA1:AMuxHw_2_Decoder_old_id_4\ and \ADC_SA1:ch_addr_4\ and \ADC_SA1:AMuxHw_2_Decoder_old_id_2\ and \ADC_SA1:ch_addr_2\ and \ADC_SA1:AMuxHw_2_Decoder_old_id_1\ and \ADC_SA1:ch_addr_1\ and \ADC_SA1:AMuxHw_2_Decoder_old_id_0\ and \ADC_SA1:ch_addr_0\)
	OR (not \ADC_SA1:AMuxHw_2_Decoder_old_id_3\ and not \ADC_SA1:ch_addr_3\ and \ADC_SA1:AMuxHw_2_Decoder_old_id_5\ and \ADC_SA1:ch_addr_5\ and \ADC_SA1:AMuxHw_2_Decoder_old_id_4\ and \ADC_SA1:ch_addr_4\ and \ADC_SA1:AMuxHw_2_Decoder_old_id_2\ and \ADC_SA1:ch_addr_2\ and \ADC_SA1:AMuxHw_2_Decoder_old_id_1\ and \ADC_SA1:ch_addr_1\ and \ADC_SA1:AMuxHw_2_Decoder_old_id_0\ and \ADC_SA1:ch_addr_0\)
	OR (not \ADC_SA1:AMuxHw_2_Decoder_old_id_5\ and not \ADC_SA1:ch_addr_5\ and not \ADC_SA1:AMuxHw_2_Decoder_old_id_4\ and not \ADC_SA1:ch_addr_4\ and \ADC_SA1:AMuxHw_2_Decoder_old_id_3\ and \ADC_SA1:ch_addr_3\ and \ADC_SA1:AMuxHw_2_Decoder_old_id_2\ and \ADC_SA1:ch_addr_2\ and \ADC_SA1:AMuxHw_2_Decoder_old_id_1\ and \ADC_SA1:ch_addr_1\ and \ADC_SA1:AMuxHw_2_Decoder_old_id_0\ and \ADC_SA1:ch_addr_0\)
	OR (not \ADC_SA1:AMuxHw_2_Decoder_old_id_4\ and not \ADC_SA1:ch_addr_4\ and \ADC_SA1:AMuxHw_2_Decoder_old_id_5\ and \ADC_SA1:ch_addr_5\ and \ADC_SA1:AMuxHw_2_Decoder_old_id_3\ and \ADC_SA1:ch_addr_3\ and \ADC_SA1:AMuxHw_2_Decoder_old_id_2\ and \ADC_SA1:ch_addr_2\ and \ADC_SA1:AMuxHw_2_Decoder_old_id_1\ and \ADC_SA1:ch_addr_1\ and \ADC_SA1:AMuxHw_2_Decoder_old_id_0\ and \ADC_SA1:ch_addr_0\)
	OR (not \ADC_SA1:AMuxHw_2_Decoder_old_id_5\ and not \ADC_SA1:ch_addr_5\ and \ADC_SA1:AMuxHw_2_Decoder_old_id_4\ and \ADC_SA1:ch_addr_4\ and \ADC_SA1:AMuxHw_2_Decoder_old_id_3\ and \ADC_SA1:ch_addr_3\ and \ADC_SA1:AMuxHw_2_Decoder_old_id_2\ and \ADC_SA1:ch_addr_2\ and \ADC_SA1:AMuxHw_2_Decoder_old_id_1\ and \ADC_SA1:ch_addr_1\ and \ADC_SA1:AMuxHw_2_Decoder_old_id_0\ and \ADC_SA1:ch_addr_0\)
	OR (\ADC_SA1:AMuxHw_2_Decoder_old_id_5\ and \ADC_SA1:ch_addr_5\ and \ADC_SA1:AMuxHw_2_Decoder_old_id_4\ and \ADC_SA1:ch_addr_4\ and \ADC_SA1:AMuxHw_2_Decoder_old_id_3\ and \ADC_SA1:ch_addr_3\ and \ADC_SA1:AMuxHw_2_Decoder_old_id_2\ and \ADC_SA1:ch_addr_2\ and \ADC_SA1:AMuxHw_2_Decoder_old_id_1\ and \ADC_SA1:ch_addr_1\ and \ADC_SA1:AMuxHw_2_Decoder_old_id_0\ and \ADC_SA1:ch_addr_0\));

Note:  Expanding virtual equation for '\UART_ESP:BUART:sRX:s23Poll:MODULE_8:g2:a0:lta_0\' (cost = 4):
\UART_ESP:BUART:sRX:s23Poll:MODULE_8:g2:a0:lta_0\ <= ((not \UART_ESP:BUART:pollcount_1\ and not \UART_ESP:BUART:pollcount_0\));

Note:  Expanding virtual equation for '\UART_ESP:BUART:sRX:s23Poll:MODULE_9:g2:a0:lta_0\' (cost = 0):
\UART_ESP:BUART:sRX:s23Poll:MODULE_9:g2:a0:lta_0\ <= (not \UART_ESP:BUART:pollcount_1\);

Note:  Expanding virtual equation for '\UART_ESP:BUART:sRX:s23Poll:MODULE_7:g2:a0:s_1\' (cost = 2):
\UART_ESP:BUART:sRX:s23Poll:MODULE_7:g2:a0:s_1\ <= ((not \UART_ESP:BUART:pollcount_0\ and \UART_ESP:BUART:pollcount_1\)
	OR (not \UART_ESP:BUART:pollcount_1\ and \UART_ESP:BUART:pollcount_0\));

Note:  Expanding virtual equation for '\PWM:PWMUDB:MODULE_12:g2:a0:s_1\' (cost = 2):
\PWM:PWMUDB:MODULE_12:g2:a0:s_1\ <= ((not \PWM:PWMUDB:dith_count_0\ and \PWM:PWMUDB:dith_count_1\)
	OR (not \PWM:PWMUDB:dith_count_1\ and \PWM:PWMUDB:dith_count_0\));

Note:  Expanding virtual equation for '\PWM:PWMUDB:MODULE_12:g2:a0:g1:z1:s0:g1:u0:c_18\' (cost = 0):
\PWM:PWMUDB:MODULE_12:g2:a0:g1:z1:s0:g1:u0:c_18\ <=  ('0') ;

Note:  Expanding virtual equation for '\PWM:PWMUDB:MODULE_12:g2:a0:g1:z1:s0:g1:u0:c_10\' (cost = 0):
\PWM:PWMUDB:MODULE_12:g2:a0:g1:z1:s0:g1:u0:c_10\ <=  ('0') ;

Note:  Expanding virtual equation for '\PWM:PWMUDB:MODULE_12:g2:a0:g1:z1:s0:g1:u0:c_3\' (cost = 0):
\PWM:PWMUDB:MODULE_12:g2:a0:g1:z1:s0:g1:u0:c_3\ <=  ('0') ;


Substituting virtuals - pass 3:

Note:  Expanding virtual equation for '\UART_PSOC:BUART:rx_postpoll\' (cost = 72):
\UART_PSOC:BUART:rx_postpoll\ <= (MODIN3_1
	OR (Net_5 and MODIN3_0));

Note:  Expanding virtual equation for '\UART_PSOC:BUART:sRX:MODULE_6:g1:a0:gx:u0:xnor_array_0\' (cost = 4):
\UART_PSOC:BUART:sRX:MODULE_6:g1:a0:gx:u0:xnor_array_0\ <= ((not Net_5 and not MODIN3_1 and not \UART_PSOC:BUART:rx_parity_bit\)
	OR (not MODIN3_1 and not MODIN3_0 and not \UART_PSOC:BUART:rx_parity_bit\)
	OR (MODIN3_1 and \UART_PSOC:BUART:rx_parity_bit\)
	OR (Net_5 and MODIN3_0 and \UART_PSOC:BUART:rx_parity_bit\));

Note:  Expanding virtual equation for '\UART_PSOC:BUART:sRX:MODULE_6:g1:a0:gx:u0:aeqb_1\' (cost = 4):
\UART_PSOC:BUART:sRX:MODULE_6:g1:a0:gx:u0:aeqb_1\ <= ((not Net_5 and not MODIN3_1 and not \UART_PSOC:BUART:rx_parity_bit\)
	OR (not MODIN3_1 and not MODIN3_0 and not \UART_PSOC:BUART:rx_parity_bit\)
	OR (MODIN3_1 and \UART_PSOC:BUART:rx_parity_bit\)
	OR (Net_5 and MODIN3_0 and \UART_PSOC:BUART:rx_parity_bit\));

Note:  Virtual signal \ADC_SA1:AMuxHw_2_Decoder_is_active\ with ( cost: 128 or cost_inv: -1)  > 90 or with size: 64 > 102 has been made a (soft) node.
\ADC_SA1:AMuxHw_2_Decoder_is_active\ <= ((not \ADC_SA1:AMuxHw_2_Decoder_old_id_5\ and not \ADC_SA1:ch_addr_5\ and not \ADC_SA1:AMuxHw_2_Decoder_old_id_4\ and not \ADC_SA1:ch_addr_4\ and not \ADC_SA1:AMuxHw_2_Decoder_old_id_3\ and not \ADC_SA1:ch_addr_3\ and not \ADC_SA1:AMuxHw_2_Decoder_old_id_2\ and not \ADC_SA1:ch_addr_2\ and not \ADC_SA1:AMuxHw_2_Decoder_old_id_1\ and not \ADC_SA1:ch_addr_1\ and not \ADC_SA1:AMuxHw_2_Decoder_old_id_0\ and not \ADC_SA1:ch_addr_0\)
	OR (not \ADC_SA1:AMuxHw_2_Decoder_old_id_4\ and not \ADC_SA1:ch_addr_4\ and not \ADC_SA1:AMuxHw_2_Decoder_old_id_3\ and not \ADC_SA1:ch_addr_3\ and not \ADC_SA1:AMuxHw_2_Decoder_old_id_2\ and not \ADC_SA1:ch_addr_2\ and not \ADC_SA1:AMuxHw_2_Decoder_old_id_1\ and not \ADC_SA1:ch_addr_1\ and not \ADC_SA1:AMuxHw_2_Decoder_old_id_0\ and not \ADC_SA1:ch_addr_0\ and \ADC_SA1:AMuxHw_2_Decoder_old_id_5\ and \ADC_SA1:ch_addr_5\)
	OR (not \ADC_SA1:AMuxHw_2_Decoder_old_id_5\ and not \ADC_SA1:ch_addr_5\ and not \ADC_SA1:AMuxHw_2_Decoder_old_id_3\ and not \ADC_SA1:ch_addr_3\ and not \ADC_SA1:AMuxHw_2_Decoder_old_id_2\ and not \ADC_SA1:ch_addr_2\ and not \ADC_SA1:AMuxHw_2_Decoder_old_id_1\ and not \ADC_SA1:ch_addr_1\ and not \ADC_SA1:AMuxHw_2_Decoder_old_id_0\ and not \ADC_SA1:ch_addr_0\ and \ADC_SA1:AMuxHw_2_Decoder_old_id_4\ and \ADC_SA1:ch_addr_4\)
	OR (not \ADC_SA1:AMuxHw_2_Decoder_old_id_3\ and not \ADC_SA1:ch_addr_3\ and not \ADC_SA1:AMuxHw_2_Decoder_old_id_2\ and not \ADC_SA1:ch_addr_2\ and not \ADC_SA1:AMuxHw_2_Decoder_old_id_1\ and not \ADC_SA1:ch_addr_1\ and not \ADC_SA1:AMuxHw_2_Decoder_old_id_0\ and not \ADC_SA1:ch_addr_0\ and \ADC_SA1:AMuxHw_2_Decoder_old_id_5\ and \ADC_SA1:ch_addr_5\ and \ADC_SA1:AMuxHw_2_Decoder_old_id_4\ and \ADC_SA1:ch_addr_4\)
	OR (not \ADC_SA1:AMuxHw_2_Decoder_old_id_5\ and not \ADC_SA1:ch_addr_5\ and not \ADC_SA1:AMuxHw_2_Decoder_old_id_4\ and not \ADC_SA1:ch_addr_4\ and not \ADC_SA1:AMuxHw_2_Decoder_old_id_2\ and not \ADC_SA1:ch_addr_2\ and not \ADC_SA1:AMuxHw_2_Decoder_old_id_1\ and not \ADC_SA1:ch_addr_1\ and not \ADC_SA1:AMuxHw_2_Decoder_old_id_0\ and not \ADC_SA1:ch_addr_0\ and \ADC_SA1:AMuxHw_2_Decoder_old_id_3\ and \ADC_SA1:ch_addr_3\)
	OR (not \ADC_SA1:AMuxHw_2_Decoder_old_id_4\ and not \ADC_SA1:ch_addr_4\ and not \ADC_SA1:AMuxHw_2_Decoder_old_id_2\ and not \ADC_SA1:ch_addr_2\ and not \ADC_SA1:AMuxHw_2_Decoder_old_id_1\ and not \ADC_SA1:ch_addr_1\ and not \ADC_SA1:AMuxHw_2_Decoder_old_id_0\ and not \ADC_SA1:ch_addr_0\ and \ADC_SA1:AMuxHw_2_Decoder_old_id_5\ and \ADC_SA1:ch_addr_5\ and \ADC_SA1:AMuxHw_2_Decoder_old_id_3\ and \ADC_SA1:ch_addr_3\)
	OR (not \ADC_SA1:AMuxHw_2_Decoder_old_id_5\ and not \ADC_SA1:ch_addr_5\ and not \ADC_SA1:AMuxHw_2_Decoder_old_id_2\ and not \ADC_SA1:ch_addr_2\ and not \ADC_SA1:AMuxHw_2_Decoder_old_id_1\ and not \ADC_SA1:ch_addr_1\ and not \ADC_SA1:AMuxHw_2_Decoder_old_id_0\ and not \ADC_SA1:ch_addr_0\ and \ADC_SA1:AMuxHw_2_Decoder_old_id_4\ and \ADC_SA1:ch_addr_4\ and \ADC_SA1:AMuxHw_2_Decoder_old_id_3\ and \ADC_SA1:ch_addr_3\)
	OR (not \ADC_SA1:AMuxHw_2_Decoder_old_id_2\ and not \ADC_SA1:ch_addr_2\ and not \ADC_SA1:AMuxHw_2_Decoder_old_id_1\ and not \ADC_SA1:ch_addr_1\ and not \ADC_SA1:AMuxHw_2_Decoder_old_id_0\ and not \ADC_SA1:ch_addr_0\ and \ADC_SA1:AMuxHw_2_Decoder_old_id_5\ and \ADC_SA1:ch_addr_5\ and \ADC_SA1:AMuxHw_2_Decoder_old_id_4\ and \ADC_SA1:ch_addr_4\ and \ADC_SA1:AMuxHw_2_Decoder_old_id_3\ and \ADC_SA1:ch_addr_3\)
	OR (not \ADC_SA1:AMuxHw_2_Decoder_old_id_5\ and not \ADC_SA1:ch_addr_5\ and not \ADC_SA1:AMuxHw_2_Decoder_old_id_4\ and not \ADC_SA1:ch_addr_4\ and not \ADC_SA1:AMuxHw_2_Decoder_old_id_3\ and not \ADC_SA1:ch_addr_3\ and not \ADC_SA1:AMuxHw_2_Decoder_old_id_1\ and not \ADC_SA1:ch_addr_1\ and not \ADC_SA1:AMuxHw_2_Decoder_old_id_0\ and not \ADC_SA1:ch_addr_0\ and \ADC_SA1:AMuxHw_2_Decoder_old_id_2\ and \ADC_SA1:ch_addr_2\)
	OR (not \ADC_SA1:AMuxHw_2_Decoder_old_id_4\ and not \ADC_SA1:ch_addr_4\ and not \ADC_SA1:AMuxHw_2_Decoder_old_id_3\ and not \ADC_SA1:ch_addr_3\ and not \ADC_SA1:AMuxHw_2_Decoder_old_id_1\ and not \ADC_SA1:ch_addr_1\ and not \ADC_SA1:AMuxHw_2_Decoder_old_id_0\ and not \ADC_SA1:ch_addr_0\ and \ADC_SA1:AMuxHw_2_Decoder_old_id_5\ and \ADC_SA1:ch_addr_5\ and \ADC_SA1:AMuxHw_2_Decoder_old_id_2\ and \ADC_SA1:ch_addr_2\)
	OR (not \ADC_SA1:AMuxHw_2_Decoder_old_id_5\ and not \ADC_SA1:ch_addr_5\ and not \ADC_SA1:AMuxHw_2_Decoder_old_id_3\ and not \ADC_SA1:ch_addr_3\ and not \ADC_SA1:AMuxHw_2_Decoder_old_id_1\ and not \ADC_SA1:ch_addr_1\ and not \ADC_SA1:AMuxHw_2_Decoder_old_id_0\ and not \ADC_SA1:ch_addr_0\ and \ADC_SA1:AMuxHw_2_Decoder_old_id_4\ and \ADC_SA1:ch_addr_4\ and \ADC_SA1:AMuxHw_2_Decoder_old_id_2\ and \ADC_SA1:ch_addr_2\)
	OR (not \ADC_SA1:AMuxHw_2_Decoder_old_id_3\ and not \ADC_SA1:ch_addr_3\ and not \ADC_SA1:AMuxHw_2_Decoder_old_id_1\ and not \ADC_SA1:ch_addr_1\ and not \ADC_SA1:AMuxHw_2_Decoder_old_id_0\ and not \ADC_SA1:ch_addr_0\ and \ADC_SA1:AMuxHw_2_Decoder_old_id_5\ and \ADC_SA1:ch_addr_5\ and \ADC_SA1:AMuxHw_2_Decoder_old_id_4\ and \ADC_SA1:ch_addr_4\ and \ADC_SA1:AMuxHw_2_Decoder_old_id_2\ and \ADC_SA1:ch_addr_2\)
	OR (not \ADC_SA1:AMuxHw_2_Decoder_old_id_5\ and not \ADC_SA1:ch_addr_5\ and not \ADC_SA1:AMuxHw_2_Decoder_old_id_4\ and not \ADC_SA1:ch_addr_4\ and not \ADC_SA1:AMuxHw_2_Decoder_old_id_1\ and not \ADC_SA1:ch_addr_1\ and not \ADC_SA1:AMuxHw_2_Decoder_old_id_0\ and not \ADC_SA1:ch_addr_0\ and \ADC_SA1:AMuxHw_2_Decoder_old_id_3\ and \ADC_SA1:ch_addr_3\ and \ADC_SA1:AMuxHw_2_Decoder_old_id_2\ and \ADC_SA1:ch_addr_2\)
	OR (not \ADC_SA1:AMuxHw_2_Decoder_old_id_4\ and not \ADC_SA1:ch_addr_4\ and not \ADC_SA1:AMuxHw_2_Decoder_old_id_1\ and not \ADC_SA1:ch_addr_1\ and not \ADC_SA1:AMuxHw_2_Decoder_old_id_0\ and not \ADC_SA1:ch_addr_0\ and \ADC_SA1:AMuxHw_2_Decoder_old_id_5\ and \ADC_SA1:ch_addr_5\ and \ADC_SA1:AMuxHw_2_Decoder_old_id_3\ and \ADC_SA1:ch_addr_3\ and \ADC_SA1:AMuxHw_2_Decoder_old_id_2\ and \ADC_SA1:ch_addr_2\)
	OR (not \ADC_SA1:AMuxHw_2_Decoder_old_id_5\ and not \ADC_SA1:ch_addr_5\ and not \ADC_SA1:AMuxHw_2_Decoder_old_id_1\ and not \ADC_SA1:ch_addr_1\ and not \ADC_SA1:AMuxHw_2_Decoder_old_id_0\ and not \ADC_SA1:ch_addr_0\ and \ADC_SA1:AMuxHw_2_Decoder_old_id_4\ and \ADC_SA1:ch_addr_4\ and \ADC_SA1:AMuxHw_2_Decoder_old_id_3\ and \ADC_SA1:ch_addr_3\ and \ADC_SA1:AMuxHw_2_Decoder_old_id_2\ and \ADC_SA1:ch_addr_2\)
	OR (not \ADC_SA1:AMuxHw_2_Decoder_old_id_1\ and not \ADC_SA1:ch_addr_1\ and not \ADC_SA1:AMuxHw_2_Decoder_old_id_0\ and not \ADC_SA1:ch_addr_0\ and \ADC_SA1:AMuxHw_2_Decoder_old_id_5\ and \ADC_SA1:ch_addr_5\ and \ADC_SA1:AMuxHw_2_Decoder_old_id_4\ and \ADC_SA1:ch_addr_4\ and \ADC_SA1:AMuxHw_2_Decoder_old_id_3\ and \ADC_SA1:ch_addr_3\ and \ADC_SA1:AMuxHw_2_Decoder_old_id_2\ and \ADC_SA1:ch_addr_2\)
	OR (not \ADC_SA1:AMuxHw_2_Decoder_old_id_5\ and not \ADC_SA1:ch_addr_5\ and not \ADC_SA1:AMuxHw_2_Decoder_old_id_4\ and not \ADC_SA1:ch_addr_4\ and not \ADC_SA1:AMuxHw_2_Decoder_old_id_3\ and not \ADC_SA1:ch_addr_3\ and not \ADC_SA1:AMuxHw_2_Decoder_old_id_2\ and not \ADC_SA1:ch_addr_2\ and not \ADC_SA1:AMuxHw_2_Decoder_old_id_0\ and not \ADC_SA1:ch_addr_0\ and \ADC_SA1:AMuxHw_2_Decoder_old_id_1\ and \ADC_SA1:ch_addr_1\)
	OR (not \ADC_SA1:AMuxHw_2_Decoder_old_id_4\ and not \ADC_SA1:ch_addr_4\ and not \ADC_SA1:AMuxHw_2_Decoder_old_id_3\ and not \ADC_SA1:ch_addr_3\ and not \ADC_SA1:AMuxHw_2_Decoder_old_id_2\ and not \ADC_SA1:ch_addr_2\ and not \ADC_SA1:AMuxHw_2_Decoder_old_id_0\ and not \ADC_SA1:ch_addr_0\ and \ADC_SA1:AMuxHw_2_Decoder_old_id_5\ and \ADC_SA1:ch_addr_5\ and \ADC_SA1:AMuxHw_2_Decoder_old_id_1\ and \ADC_SA1:ch_addr_1\)
	OR (not \ADC_SA1:AMuxHw_2_Decoder_old_id_5\ and not \ADC_SA1:ch_addr_5\ and not \ADC_SA1:AMuxHw_2_Decoder_old_id_3\ and not \ADC_SA1:ch_addr_3\ and not \ADC_SA1:AMuxHw_2_Decoder_old_id_2\ and not \ADC_SA1:ch_addr_2\ and not \ADC_SA1:AMuxHw_2_Decoder_old_id_0\ and not \ADC_SA1:ch_addr_0\ and \ADC_SA1:AMuxHw_2_Decoder_old_id_4\ and \ADC_SA1:ch_addr_4\ and \ADC_SA1:AMuxHw_2_Decoder_old_id_1\ and \ADC_SA1:ch_addr_1\)
	OR (not \ADC_SA1:AMuxHw_2_Decoder_old_id_3\ and not \ADC_SA1:ch_addr_3\ and not \ADC_SA1:AMuxHw_2_Decoder_old_id_2\ and not \ADC_SA1:ch_addr_2\ and not \ADC_SA1:AMuxHw_2_Decoder_old_id_0\ and not \ADC_SA1:ch_addr_0\ and \ADC_SA1:AMuxHw_2_Decoder_old_id_5\ and \ADC_SA1:ch_addr_5\ and \ADC_SA1:AMuxHw_2_Decoder_old_id_4\ and \ADC_SA1:ch_addr_4\ and \ADC_SA1:AMuxHw_2_Decoder_old_id_1\ and \ADC_SA1:ch_addr_1\)
	OR (not \ADC_SA1:AMuxHw_2_Decoder_old_id_5\ and not \ADC_SA1:ch_addr_5\ and not \ADC_SA1:AMuxHw_2_Decoder_old_id_4\ and not \ADC_SA1:ch_addr_4\ and not \ADC_SA1:AMuxHw_2_Decoder_old_id_2\ and not \ADC_SA1:ch_addr_2\ and not \ADC_SA1:AMuxHw_2_Decoder_old_id_0\ and not \ADC_SA1:ch_addr_0\ and \ADC_SA1:AMuxHw_2_Decoder_old_id_3\ and \ADC_SA1:ch_addr_3\ and \ADC_SA1:AMuxHw_2_Decoder_old_id_1\ and \ADC_SA1:ch_addr_1\)
	OR (not \ADC_SA1:AMuxHw_2_Decoder_old_id_4\ and not \ADC_SA1:ch_addr_4\ and not \ADC_SA1:AMuxHw_2_Decoder_old_id_2\ and not \ADC_SA1:ch_addr_2\ and not \ADC_SA1:AMuxHw_2_Decoder_old_id_0\ and not \ADC_SA1:ch_addr_0\ and \ADC_SA1:AMuxHw_2_Decoder_old_id_5\ and \ADC_SA1:ch_addr_5\ and \ADC_SA1:AMuxHw_2_Decoder_old_id_3\ and \ADC_SA1:ch_addr_3\ and \ADC_SA1:AMuxHw_2_Decoder_old_id_1\ and \ADC_SA1:ch_addr_1\)
	OR (not \ADC_SA1:AMuxHw_2_Decoder_old_id_5\ and not \ADC_SA1:ch_addr_5\ and not \ADC_SA1:AMuxHw_2_Decoder_old_id_2\ and not \ADC_SA1:ch_addr_2\ and not \ADC_SA1:AMuxHw_2_Decoder_old_id_0\ and not \ADC_SA1:ch_addr_0\ and \ADC_SA1:AMuxHw_2_Decoder_old_id_4\ and \ADC_SA1:ch_addr_4\ and \ADC_SA1:AMuxHw_2_Decoder_old_id_3\ and \ADC_SA1:ch_addr_3\ and \ADC_SA1:AMuxHw_2_Decoder_old_id_1\ and \ADC_SA1:ch_addr_1\)
	OR (not \ADC_SA1:AMuxHw_2_Decoder_old_id_2\ and not \ADC_SA1:ch_addr_2\ and not \ADC_SA1:AMuxHw_2_Decoder_old_id_0\ and not \ADC_SA1:ch_addr_0\ and \ADC_SA1:AMuxHw_2_Decoder_old_id_5\ and \ADC_SA1:ch_addr_5\ and \ADC_SA1:AMuxHw_2_Decoder_old_id_4\ and \ADC_SA1:ch_addr_4\ and \ADC_SA1:AMuxHw_2_Decoder_old_id_3\ and \ADC_SA1:ch_addr_3\ and \ADC_SA1:AMuxHw_2_Decoder_old_id_1\ and \ADC_SA1:ch_addr_1\)
	OR (not \ADC_SA1:AMuxHw_2_Decoder_old_id_5\ and not \ADC_SA1:ch_addr_5\ and not \ADC_SA1:AMuxHw_2_Decoder_old_id_4\ and not \ADC_SA1:ch_addr_4\ and not \ADC_SA1:AMuxHw_2_Decoder_old_id_3\ and not \ADC_SA1:ch_addr_3\ and not \ADC_SA1:AMuxHw_2_Decoder_old_id_0\ and not \ADC_SA1:ch_addr_0\ and \ADC_SA1:AMuxHw_2_Decoder_old_id_2\ and \ADC_SA1:ch_addr_2\ and \ADC_SA1:AMuxHw_2_Decoder_old_id_1\ and \ADC_SA1:ch_addr_1\)
	OR (not \ADC_SA1:AMuxHw_2_Decoder_old_id_4\ and not \ADC_SA1:ch_addr_4\ and not \ADC_SA1:AMuxHw_2_Decoder_old_id_3\ and not \ADC_SA1:ch_addr_3\ and not \ADC_SA1:AMuxHw_2_Decoder_old_id_0\ and not \ADC_SA1:ch_addr_0\ and \ADC_SA1:AMuxHw_2_Decoder_old_id_5\ and \ADC_SA1:ch_addr_5\ and \ADC_SA1:AMuxHw_2_Decoder_old_id_2\ and \ADC_SA1:ch_addr_2\ and \ADC_SA1:AMuxHw_2_Decoder_old_id_1\ and \ADC_SA1:ch_addr_1\)
	OR (not \ADC_SA1:AMuxHw_2_Decoder_old_id_5\ and not \ADC_SA1:ch_addr_5\ and not \ADC_SA1:AMuxHw_2_Decoder_old_id_3\ and not \ADC_SA1:ch_addr_3\ and not \ADC_SA1:AMuxHw_2_Decoder_old_id_0\ and not \ADC_SA1:ch_addr_0\ and \ADC_SA1:AMuxHw_2_Decoder_old_id_4\ and \ADC_SA1:ch_addr_4\ and \ADC_SA1:AMuxHw_2_Decoder_old_id_2\ and \ADC_SA1:ch_addr_2\ and \ADC_SA1:AMuxHw_2_Decoder_old_id_1\ and \ADC_SA1:ch_addr_1\)
	OR (not \ADC_SA1:AMuxHw_2_Decoder_old_id_3\ and not \ADC_SA1:ch_addr_3\ and not \ADC_SA1:AMuxHw_2_Decoder_old_id_0\ and not \ADC_SA1:ch_addr_0\ and \ADC_SA1:AMuxHw_2_Decoder_old_id_5\ and \ADC_SA1:ch_addr_5\ and \ADC_SA1:AMuxHw_2_Decoder_old_id_4\ and \ADC_SA1:ch_addr_4\ and \ADC_SA1:AMuxHw_2_Decoder_old_id_2\ and \ADC_SA1:ch_addr_2\ and \ADC_SA1:AMuxHw_2_Decoder_old_id_1\ and \ADC_SA1:ch_addr_1\)
	OR (not \ADC_SA1:AMuxHw_2_Decoder_old_id_5\ and not \ADC_SA1:ch_addr_5\ and not \ADC_SA1:AMuxHw_2_Decoder_old_id_4\ and not \ADC_SA1:ch_addr_4\ and not \ADC_SA1:AMuxHw_2_Decoder_old_id_0\ and not \ADC_SA1:ch_addr_0\ and \ADC_SA1:AMuxHw_2_Decoder_old_id_3\ and \ADC_SA1:ch_addr_3\ and \ADC_SA1:AMuxHw_2_Decoder_old_id_2\ and \ADC_SA1:ch_addr_2\ and \ADC_SA1:AMuxHw_2_Decoder_old_id_1\ and \ADC_SA1:ch_addr_1\)
	OR (not \ADC_SA1:AMuxHw_2_Decoder_old_id_4\ and not \ADC_SA1:ch_addr_4\ and not \ADC_SA1:AMuxHw_2_Decoder_old_id_0\ and not \ADC_SA1:ch_addr_0\ and \ADC_SA1:AMuxHw_2_Decoder_old_id_5\ and \ADC_SA1:ch_addr_5\ and \ADC_SA1:AMuxHw_2_Decoder_old_id_3\ and \ADC_SA1:ch_addr_3\ and \ADC_SA1:AMuxHw_2_Decoder_old_id_2\ and \ADC_SA1:ch_addr_2\ and \ADC_SA1:AMuxHw_2_Decoder_old_id_1\ and \ADC_SA1:ch_addr_1\)
	OR (not \ADC_SA1:AMuxHw_2_Decoder_old_id_5\ and not \ADC_SA1:ch_addr_5\ and not \ADC_SA1:AMuxHw_2_Decoder_old_id_0\ and not \ADC_SA1:ch_addr_0\ and \ADC_SA1:AMuxHw_2_Decoder_old_id_4\ and \ADC_SA1:ch_addr_4\ and \ADC_SA1:AMuxHw_2_Decoder_old_id_3\ and \ADC_SA1:ch_addr_3\ and \ADC_SA1:AMuxHw_2_Decoder_old_id_2\ and \ADC_SA1:ch_addr_2\ and \ADC_SA1:AMuxHw_2_Decoder_old_id_1\ and \ADC_SA1:ch_addr_1\)
	OR (not \ADC_SA1:AMuxHw_2_Decoder_old_id_0\ and not \ADC_SA1:ch_addr_0\ and \ADC_SA1:AMuxHw_2_Decoder_old_id_5\ and \ADC_SA1:ch_addr_5\ and \ADC_SA1:AMuxHw_2_Decoder_old_id_4\ and \ADC_SA1:ch_addr_4\ and \ADC_SA1:AMuxHw_2_Decoder_old_id_3\ and \ADC_SA1:ch_addr_3\ and \ADC_SA1:AMuxHw_2_Decoder_old_id_2\ and \ADC_SA1:ch_addr_2\ and \ADC_SA1:AMuxHw_2_Decoder_old_id_1\ and \ADC_SA1:ch_addr_1\)
	OR (not \ADC_SA1:AMuxHw_2_Decoder_old_id_5\ and not \ADC_SA1:ch_addr_5\ and not \ADC_SA1:AMuxHw_2_Decoder_old_id_4\ and not \ADC_SA1:ch_addr_4\ and not \ADC_SA1:AMuxHw_2_Decoder_old_id_3\ and not \ADC_SA1:ch_addr_3\ and not \ADC_SA1:AMuxHw_2_Decoder_old_id_2\ and not \ADC_SA1:ch_addr_2\ and not \ADC_SA1:AMuxHw_2_Decoder_old_id_1\ and not \ADC_SA1:ch_addr_1\ and \ADC_SA1:AMuxHw_2_Decoder_old_id_0\ and \ADC_SA1:ch_addr_0\)
	OR (not \ADC_SA1:AMuxHw_2_Decoder_old_id_4\ and not \ADC_SA1:ch_addr_4\ and not \ADC_SA1:AMuxHw_2_Decoder_old_id_3\ and not \ADC_SA1:ch_addr_3\ and not \ADC_SA1:AMuxHw_2_Decoder_old_id_2\ and not \ADC_SA1:ch_addr_2\ and not \ADC_SA1:AMuxHw_2_Decoder_old_id_1\ and not \ADC_SA1:ch_addr_1\ and \ADC_SA1:AMuxHw_2_Decoder_old_id_5\ and \ADC_SA1:ch_addr_5\ and \ADC_SA1:AMuxHw_2_Decoder_old_id_0\ and \ADC_SA1:ch_addr_0\)
	OR (not \ADC_SA1:AMuxHw_2_Decoder_old_id_5\ and not \ADC_SA1:ch_addr_5\ and not \ADC_SA1:AMuxHw_2_Decoder_old_id_3\ and not \ADC_SA1:ch_addr_3\ and not \ADC_SA1:AMuxHw_2_Decoder_old_id_2\ and not \ADC_SA1:ch_addr_2\ and not \ADC_SA1:AMuxHw_2_Decoder_old_id_1\ and not \ADC_SA1:ch_addr_1\ and \ADC_SA1:AMuxHw_2_Decoder_old_id_4\ and \ADC_SA1:ch_addr_4\ and \ADC_SA1:AMuxHw_2_Decoder_old_id_0\ and \ADC_SA1:ch_addr_0\)
	OR (not \ADC_SA1:AMuxHw_2_Decoder_old_id_3\ and not \ADC_SA1:ch_addr_3\ and not \ADC_SA1:AMuxHw_2_Decoder_old_id_2\ and not \ADC_SA1:ch_addr_2\ and not \ADC_SA1:AMuxHw_2_Decoder_old_id_1\ and not \ADC_SA1:ch_addr_1\ and \ADC_SA1:AMuxHw_2_Decoder_old_id_5\ and \ADC_SA1:ch_addr_5\ and \ADC_SA1:AMuxHw_2_Decoder_old_id_4\ and \ADC_SA1:ch_addr_4\ and \ADC_SA1:AMuxHw_2_Decoder_old_id_0\ and \ADC_SA1:ch_addr_0\)
	OR (not \ADC_SA1:AMuxHw_2_Decoder_old_id_5\ and not \ADC_SA1:ch_addr_5\ and not \ADC_SA1:AMuxHw_2_Decoder_old_id_4\ and not \ADC_SA1:ch_addr_4\ and not \ADC_SA1:AMuxHw_2_Decoder_old_id_2\ and not \ADC_SA1:ch_addr_2\ and not \ADC_SA1:AMuxHw_2_Decoder_old_id_1\ and not \ADC_SA1:ch_addr_1\ and \ADC_SA1:AMuxHw_2_Decoder_old_id_3\ and \ADC_SA1:ch_addr_3\ and \ADC_SA1:AMuxHw_2_Decoder_old_id_0\ and \ADC_SA1:ch_addr_0\)
	OR (not \ADC_SA1:AMuxHw_2_Decoder_old_id_4\ and not \ADC_SA1:ch_addr_4\ and not \ADC_SA1:AMuxHw_2_Decoder_old_id_2\ and not \ADC_SA1:ch_addr_2\ and not \ADC_SA1:AMuxHw_2_Decoder_old_id_1\ and not \ADC_SA1:ch_addr_1\ and \ADC_SA1:AMuxHw_2_Decoder_old_id_5\ and \ADC_SA1:ch_addr_5\ and \ADC_SA1:AMuxHw_2_Decoder_old_id_3\ and \ADC_SA1:ch_addr_3\ and \ADC_SA1:AMuxHw_2_Decoder_old_id_0\ and \ADC_SA1:ch_addr_0\)
	OR (not \ADC_SA1:AMuxHw_2_Decoder_old_id_5\ and not \ADC_SA1:ch_addr_5\ and not \ADC_SA1:AMuxHw_2_Decoder_old_id_2\ and not \ADC_SA1:ch_addr_2\ and not \ADC_SA1:AMuxHw_2_Decoder_old_id_1\ and not \ADC_SA1:ch_addr_1\ and \ADC_SA1:AMuxHw_2_Decoder_old_id_4\ and \ADC_SA1:ch_addr_4\ and \ADC_SA1:AMuxHw_2_Decoder_old_id_3\ and \ADC_SA1:ch_addr_3\ and \ADC_SA1:AMuxHw_2_Decoder_old_id_0\ and \ADC_SA1:ch_addr_0\)
	OR (not \ADC_SA1:AMuxHw_2_Decoder_old_id_2\ and not \ADC_SA1:ch_addr_2\ and not \ADC_SA1:AMuxHw_2_Decoder_old_id_1\ and not \ADC_SA1:ch_addr_1\ and \ADC_SA1:AMuxHw_2_Decoder_old_id_5\ and \ADC_SA1:ch_addr_5\ and \ADC_SA1:AMuxHw_2_Decoder_old_id_4\ and \ADC_SA1:ch_addr_4\ and \ADC_SA1:AMuxHw_2_Decoder_old_id_3\ and \ADC_SA1:ch_addr_3\ and \ADC_SA1:AMuxHw_2_Decoder_old_id_0\ and \ADC_SA1:ch_addr_0\)
	OR (not \ADC_SA1:AMuxHw_2_Decoder_old_id_5\ and not \ADC_SA1:ch_addr_5\ and not \ADC_SA1:AMuxHw_2_Decoder_old_id_4\ and not \ADC_SA1:ch_addr_4\ and not \ADC_SA1:AMuxHw_2_Decoder_old_id_3\ and not \ADC_SA1:ch_addr_3\ and not \ADC_SA1:AMuxHw_2_Decoder_old_id_1\ and not \ADC_SA1:ch_addr_1\ and \ADC_SA1:AMuxHw_2_Decoder_old_id_2\ and \ADC_SA1:ch_addr_2\ and \ADC_SA1:AMuxHw_2_Decoder_old_id_0\ and \ADC_SA1:ch_addr_0\)
	OR (not \ADC_SA1:AMuxHw_2_Decoder_old_id_4\ and not \ADC_SA1:ch_addr_4\ and not \ADC_SA1:AMuxHw_2_Decoder_old_id_3\ and not \ADC_SA1:ch_addr_3\ and not \ADC_SA1:AMuxHw_2_Decoder_old_id_1\ and not \ADC_SA1:ch_addr_1\ and \ADC_SA1:AMuxHw_2_Decoder_old_id_5\ and \ADC_SA1:ch_addr_5\ and \ADC_SA1:AMuxHw_2_Decoder_old_id_2\ and \ADC_SA1:ch_addr_2\ and \ADC_SA1:AMuxHw_2_Decoder_old_id_0\ and \ADC_SA1:ch_addr_0\)
	OR (not \ADC_SA1:AMuxHw_2_Decoder_old_id_5\ and not \ADC_SA1:ch_addr_5\ and not \ADC_SA1:AMuxHw_2_Decoder_old_id_3\ and not \ADC_SA1:ch_addr_3\ and not \ADC_SA1:AMuxHw_2_Decoder_old_id_1\ and not \ADC_SA1:ch_addr_1\ and \ADC_SA1:AMuxHw_2_Decoder_old_id_4\ and \ADC_SA1:ch_addr_4\ and \ADC_SA1:AMuxHw_2_Decoder_old_id_2\ and \ADC_SA1:ch_addr_2\ and \ADC_SA1:AMuxHw_2_Decoder_old_id_0\ and \ADC_SA1:ch_addr_0\)
	OR (not \ADC_SA1:AMuxHw_2_Decoder_old_id_3\ and not \ADC_SA1:ch_addr_3\ and not \ADC_SA1:AMuxHw_2_Decoder_old_id_1\ and not \ADC_SA1:ch_addr_1\ and \ADC_SA1:AMuxHw_2_Decoder_old_id_5\ and \ADC_SA1:ch_addr_5\ and \ADC_SA1:AMuxHw_2_Decoder_old_id_4\ and \ADC_SA1:ch_addr_4\ and \ADC_SA1:AMuxHw_2_Decoder_old_id_2\ and \ADC_SA1:ch_addr_2\ and \ADC_SA1:AMuxHw_2_Decoder_old_id_0\ and \ADC_SA1:ch_addr_0\)
	OR (not \ADC_SA1:AMuxHw_2_Decoder_old_id_5\ and not \ADC_SA1:ch_addr_5\ and not \ADC_SA1:AMuxHw_2_Decoder_old_id_4\ and not \ADC_SA1:ch_addr_4\ and not \ADC_SA1:AMuxHw_2_Decoder_old_id_1\ and not \ADC_SA1:ch_addr_1\ and \ADC_SA1:AMuxHw_2_Decoder_old_id_3\ and \ADC_SA1:ch_addr_3\ and \ADC_SA1:AMuxHw_2_Decoder_old_id_2\ and \ADC_SA1:ch_addr_2\ and \ADC_SA1:AMuxHw_2_Decoder_old_id_0\ and \ADC_SA1:ch_addr_0\)
	OR (not \ADC_SA1:AMuxHw_2_Decoder_old_id_4\ and not \ADC_SA1:ch_addr_4\ and not \ADC_SA1:AMuxHw_2_Decoder_old_id_1\ and not \ADC_SA1:ch_addr_1\ and \ADC_SA1:AMuxHw_2_Decoder_old_id_5\ and \ADC_SA1:ch_addr_5\ and \ADC_SA1:AMuxHw_2_Decoder_old_id_3\ and \ADC_SA1:ch_addr_3\ and \ADC_SA1:AMuxHw_2_Decoder_old_id_2\ and \ADC_SA1:ch_addr_2\ and \ADC_SA1:AMuxHw_2_Decoder_old_id_0\ and \ADC_SA1:ch_addr_0\)
	OR (not \ADC_SA1:AMuxHw_2_Decoder_old_id_5\ and not \ADC_SA1:ch_addr_5\ and not \ADC_SA1:AMuxHw_2_Decoder_old_id_1\ and not \ADC_SA1:ch_addr_1\ and \ADC_SA1:AMuxHw_2_Decoder_old_id_4\ and \ADC_SA1:ch_addr_4\ and \ADC_SA1:AMuxHw_2_Decoder_old_id_3\ and \ADC_SA1:ch_addr_3\ and \ADC_SA1:AMuxHw_2_Decoder_old_id_2\ and \ADC_SA1:ch_addr_2\ and \ADC_SA1:AMuxHw_2_Decoder_old_id_0\ and \ADC_SA1:ch_addr_0\)
	OR (not \ADC_SA1:AMuxHw_2_Decoder_old_id_1\ and not \ADC_SA1:ch_addr_1\ and \ADC_SA1:AMuxHw_2_Decoder_old_id_5\ and \ADC_SA1:ch_addr_5\ and \ADC_SA1:AMuxHw_2_Decoder_old_id_4\ and \ADC_SA1:ch_addr_4\ and \ADC_SA1:AMuxHw_2_Decoder_old_id_3\ and \ADC_SA1:ch_addr_3\ and \ADC_SA1:AMuxHw_2_Decoder_old_id_2\ and \ADC_SA1:ch_addr_2\ and \ADC_SA1:AMuxHw_2_Decoder_old_id_0\ and \ADC_SA1:ch_addr_0\)
	OR (not \ADC_SA1:AMuxHw_2_Decoder_old_id_5\ and not \ADC_SA1:ch_addr_5\ and not \ADC_SA1:AMuxHw_2_Decoder_old_id_4\ and not \ADC_SA1:ch_addr_4\ and not \ADC_SA1:AMuxHw_2_Decoder_old_id_3\ and not \ADC_SA1:ch_addr_3\ and not \ADC_SA1:AMuxHw_2_Decoder_old_id_2\ and not \ADC_SA1:ch_addr_2\ and \ADC_SA1:AMuxHw_2_Decoder_old_id_1\ and \ADC_SA1:ch_addr_1\ and \ADC_SA1:AMuxHw_2_Decoder_old_id_0\ and \ADC_SA1:ch_addr_0\)
	OR (not \ADC_SA1:AMuxHw_2_Decoder_old_id_4\ and not \ADC_SA1:ch_addr_4\ and not \ADC_SA1:AMuxHw_2_Decoder_old_id_3\ and not \ADC_SA1:ch_addr_3\ and not \ADC_SA1:AMuxHw_2_Decoder_old_id_2\ and not \ADC_SA1:ch_addr_2\ and \ADC_SA1:AMuxHw_2_Decoder_old_id_5\ and \ADC_SA1:ch_addr_5\ and \ADC_SA1:AMuxHw_2_Decoder_old_id_1\ and \ADC_SA1:ch_addr_1\ and \ADC_SA1:AMuxHw_2_Decoder_old_id_0\ and \ADC_SA1:ch_addr_0\)
	OR (not \ADC_SA1:AMuxHw_2_Decoder_old_id_5\ and not \ADC_SA1:ch_addr_5\ and not \ADC_SA1:AMuxHw_2_Decoder_old_id_3\ and not \ADC_SA1:ch_addr_3\ and not \ADC_SA1:AMuxHw_2_Decoder_old_id_2\ and not \ADC_SA1:ch_addr_2\ and \ADC_SA1:AMuxHw_2_Decoder_old_id_4\ and \ADC_SA1:ch_addr_4\ and \ADC_SA1:AMuxHw_2_Decoder_old_id_1\ and \ADC_SA1:ch_addr_1\ and \ADC_SA1:AMuxHw_2_Decoder_old_id_0\ and \ADC_SA1:ch_addr_0\)
	OR (not \ADC_SA1:AMuxHw_2_Decoder_old_id_3\ and not \ADC_SA1:ch_addr_3\ and not \ADC_SA1:AMuxHw_2_Decoder_old_id_2\ and not \ADC_SA1:ch_addr_2\ and \ADC_SA1:AMuxHw_2_Decoder_old_id_5\ and \ADC_SA1:ch_addr_5\ and \ADC_SA1:AMuxHw_2_Decoder_old_id_4\ and \ADC_SA1:ch_addr_4\ and \ADC_SA1:AMuxHw_2_Decoder_old_id_1\ and \ADC_SA1:ch_addr_1\ and \ADC_SA1:AMuxHw_2_Decoder_old_id_0\ and \ADC_SA1:ch_addr_0\)
	OR (not \ADC_SA1:AMuxHw_2_Decoder_old_id_5\ and not \ADC_SA1:ch_addr_5\ and not \ADC_SA1:AMuxHw_2_Decoder_old_id_4\ and not \ADC_SA1:ch_addr_4\ and not \ADC_SA1:AMuxHw_2_Decoder_old_id_2\ and not \ADC_SA1:ch_addr_2\ and \ADC_SA1:AMuxHw_2_Decoder_old_id_3\ and \ADC_SA1:ch_addr_3\ and \ADC_SA1:AMuxHw_2_Decoder_old_id_1\ and \ADC_SA1:ch_addr_1\ and \ADC_SA1:AMuxHw_2_Decoder_old_id_0\ and \ADC_SA1:ch_addr_0\)
	OR (not \ADC_SA1:AMuxHw_2_Decoder_old_id_4\ and not \ADC_SA1:ch_addr_4\ and not \ADC_SA1:AMuxHw_2_Decoder_old_id_2\ and not \ADC_SA1:ch_addr_2\ and \ADC_SA1:AMuxHw_2_Decoder_old_id_5\ and \ADC_SA1:ch_addr_5\ and \ADC_SA1:AMuxHw_2_Decoder_old_id_3\ and \ADC_SA1:ch_addr_3\ and \ADC_SA1:AMuxHw_2_Decoder_old_id_1\ and \ADC_SA1:ch_addr_1\ and \ADC_SA1:AMuxHw_2_Decoder_old_id_0\ and \ADC_SA1:ch_addr_0\)
	OR (not \ADC_SA1:AMuxHw_2_Decoder_old_id_5\ and not \ADC_SA1:ch_addr_5\ and not \ADC_SA1:AMuxHw_2_Decoder_old_id_2\ and not \ADC_SA1:ch_addr_2\ and \ADC_SA1:AMuxHw_2_Decoder_old_id_4\ and \ADC_SA1:ch_addr_4\ and \ADC_SA1:AMuxHw_2_Decoder_old_id_3\ and \ADC_SA1:ch_addr_3\ and \ADC_SA1:AMuxHw_2_Decoder_old_id_1\ and \ADC_SA1:ch_addr_1\ and \ADC_SA1:AMuxHw_2_Decoder_old_id_0\ and \ADC_SA1:ch_addr_0\)
	OR (not \ADC_SA1:AMuxHw_2_Decoder_old_id_2\ and not \ADC_SA1:ch_addr_2\ and \ADC_SA1:AMuxHw_2_Decoder_old_id_5\ and \ADC_SA1:ch_addr_5\ and \ADC_SA1:AMuxHw_2_Decoder_old_id_4\ and \ADC_SA1:ch_addr_4\ and \ADC_SA1:AMuxHw_2_Decoder_old_id_3\ and \ADC_SA1:ch_addr_3\ and \ADC_SA1:AMuxHw_2_Decoder_old_id_1\ and \ADC_SA1:ch_addr_1\ and \ADC_SA1:AMuxHw_2_Decoder_old_id_0\ and \ADC_SA1:ch_addr_0\)
	OR (not \ADC_SA1:AMuxHw_2_Decoder_old_id_5\ and not \ADC_SA1:ch_addr_5\ and not \ADC_SA1:AMuxHw_2_Decoder_old_id_4\ and not \ADC_SA1:ch_addr_4\ and not \ADC_SA1:AMuxHw_2_Decoder_old_id_3\ and not \ADC_SA1:ch_addr_3\ and \ADC_SA1:AMuxHw_2_Decoder_old_id_2\ and \ADC_SA1:ch_addr_2\ and \ADC_SA1:AMuxHw_2_Decoder_old_id_1\ and \ADC_SA1:ch_addr_1\ and \ADC_SA1:AMuxHw_2_Decoder_old_id_0\ and \ADC_SA1:ch_addr_0\)
	OR (not \ADC_SA1:AMuxHw_2_Decoder_old_id_4\ and not \ADC_SA1:ch_addr_4\ and not \ADC_SA1:AMuxHw_2_Decoder_old_id_3\ and not \ADC_SA1:ch_addr_3\ and \ADC_SA1:AMuxHw_2_Decoder_old_id_5\ and \ADC_SA1:ch_addr_5\ and \ADC_SA1:AMuxHw_2_Decoder_old_id_2\ and \ADC_SA1:ch_addr_2\ and \ADC_SA1:AMuxHw_2_Decoder_old_id_1\ and \ADC_SA1:ch_addr_1\ and \ADC_SA1:AMuxHw_2_Decoder_old_id_0\ and \ADC_SA1:ch_addr_0\)
	OR (not \ADC_SA1:AMuxHw_2_Decoder_old_id_5\ and not \ADC_SA1:ch_addr_5\ and not \ADC_SA1:AMuxHw_2_Decoder_old_id_3\ and not \ADC_SA1:ch_addr_3\ and \ADC_SA1:AMuxHw_2_Decoder_old_id_4\ and \ADC_SA1:ch_addr_4\ and \ADC_SA1:AMuxHw_2_Decoder_old_id_2\ and \ADC_SA1:ch_addr_2\ and \ADC_SA1:AMuxHw_2_Decoder_old_id_1\ and \ADC_SA1:ch_addr_1\ and \ADC_SA1:AMuxHw_2_Decoder_old_id_0\ and \ADC_SA1:ch_addr_0\)
	OR (not \ADC_SA1:AMuxHw_2_Decoder_old_id_3\ and not \ADC_SA1:ch_addr_3\ and \ADC_SA1:AMuxHw_2_Decoder_old_id_5\ and \ADC_SA1:ch_addr_5\ and \ADC_SA1:AMuxHw_2_Decoder_old_id_4\ and \ADC_SA1:ch_addr_4\ and \ADC_SA1:AMuxHw_2_Decoder_old_id_2\ and \ADC_SA1:ch_addr_2\ and \ADC_SA1:AMuxHw_2_Decoder_old_id_1\ and \ADC_SA1:ch_addr_1\ and \ADC_SA1:AMuxHw_2_Decoder_old_id_0\ and \ADC_SA1:ch_addr_0\)
	OR (not \ADC_SA1:AMuxHw_2_Decoder_old_id_5\ and not \ADC_SA1:ch_addr_5\ and not \ADC_SA1:AMuxHw_2_Decoder_old_id_4\ and not \ADC_SA1:ch_addr_4\ and \ADC_SA1:AMuxHw_2_Decoder_old_id_3\ and \ADC_SA1:ch_addr_3\ and \ADC_SA1:AMuxHw_2_Decoder_old_id_2\ and \ADC_SA1:ch_addr_2\ and \ADC_SA1:AMuxHw_2_Decoder_old_id_1\ and \ADC_SA1:ch_addr_1\ and \ADC_SA1:AMuxHw_2_Decoder_old_id_0\ and \ADC_SA1:ch_addr_0\)
	OR (not \ADC_SA1:AMuxHw_2_Decoder_old_id_4\ and not \ADC_SA1:ch_addr_4\ and \ADC_SA1:AMuxHw_2_Decoder_old_id_5\ and \ADC_SA1:ch_addr_5\ and \ADC_SA1:AMuxHw_2_Decoder_old_id_3\ and \ADC_SA1:ch_addr_3\ and \ADC_SA1:AMuxHw_2_Decoder_old_id_2\ and \ADC_SA1:ch_addr_2\ and \ADC_SA1:AMuxHw_2_Decoder_old_id_1\ and \ADC_SA1:ch_addr_1\ and \ADC_SA1:AMuxHw_2_Decoder_old_id_0\ and \ADC_SA1:ch_addr_0\)
	OR (not \ADC_SA1:AMuxHw_2_Decoder_old_id_5\ and not \ADC_SA1:ch_addr_5\ and \ADC_SA1:AMuxHw_2_Decoder_old_id_4\ and \ADC_SA1:ch_addr_4\ and \ADC_SA1:AMuxHw_2_Decoder_old_id_3\ and \ADC_SA1:ch_addr_3\ and \ADC_SA1:AMuxHw_2_Decoder_old_id_2\ and \ADC_SA1:ch_addr_2\ and \ADC_SA1:AMuxHw_2_Decoder_old_id_1\ and \ADC_SA1:ch_addr_1\ and \ADC_SA1:AMuxHw_2_Decoder_old_id_0\ and \ADC_SA1:ch_addr_0\)
	OR (\ADC_SA1:AMuxHw_2_Decoder_old_id_5\ and \ADC_SA1:ch_addr_5\ and \ADC_SA1:AMuxHw_2_Decoder_old_id_4\ and \ADC_SA1:ch_addr_4\ and \ADC_SA1:AMuxHw_2_Decoder_old_id_3\ and \ADC_SA1:ch_addr_3\ and \ADC_SA1:AMuxHw_2_Decoder_old_id_2\ and \ADC_SA1:ch_addr_2\ and \ADC_SA1:AMuxHw_2_Decoder_old_id_1\ and \ADC_SA1:ch_addr_1\ and \ADC_SA1:AMuxHw_2_Decoder_old_id_0\ and \ADC_SA1:ch_addr_0\));

Note:  Expanding virtual equation for '\UART_ESP:BUART:rx_postpoll\' (cost = 72):
\UART_ESP:BUART:rx_postpoll\ <= (\UART_ESP:BUART:pollcount_1\
	OR (Net_130 and \UART_ESP:BUART:pollcount_0\));

Note:  Expanding virtual equation for '\UART_ESP:BUART:sRX:MODULE_11:g1:a0:gx:u0:xnor_array_0\' (cost = 4):
\UART_ESP:BUART:sRX:MODULE_11:g1:a0:gx:u0:xnor_array_0\ <= ((not \UART_ESP:BUART:pollcount_1\ and not Net_130 and not \UART_ESP:BUART:rx_parity_bit\)
	OR (not \UART_ESP:BUART:pollcount_1\ and not \UART_ESP:BUART:pollcount_0\ and not \UART_ESP:BUART:rx_parity_bit\)
	OR (\UART_ESP:BUART:pollcount_1\ and \UART_ESP:BUART:rx_parity_bit\)
	OR (Net_130 and \UART_ESP:BUART:pollcount_0\ and \UART_ESP:BUART:rx_parity_bit\));

Note:  Expanding virtual equation for '\UART_ESP:BUART:sRX:MODULE_11:g1:a0:gx:u0:aeqb_1\' (cost = 4):
\UART_ESP:BUART:sRX:MODULE_11:g1:a0:gx:u0:aeqb_1\ <= ((not \UART_ESP:BUART:pollcount_1\ and not Net_130 and not \UART_ESP:BUART:rx_parity_bit\)
	OR (not \UART_ESP:BUART:pollcount_1\ and not \UART_ESP:BUART:pollcount_0\ and not \UART_ESP:BUART:rx_parity_bit\)
	OR (\UART_ESP:BUART:pollcount_1\ and \UART_ESP:BUART:rx_parity_bit\)
	OR (Net_130 and \UART_ESP:BUART:pollcount_0\ and \UART_ESP:BUART:rx_parity_bit\));

Note:  Expanding virtual equation for '\PWM:PWMUDB:MODULE_12:g2:a0:g1:z1:s0:g1:u0:c_19\' (cost = 0):
\PWM:PWMUDB:MODULE_12:g2:a0:g1:z1:s0:g1:u0:c_19\ <=  ('0') ;

Note:  Expanding virtual equation for '\PWM:PWMUDB:MODULE_12:g2:a0:g1:z1:s0:g1:u0:c_11\' (cost = 0):
\PWM:PWMUDB:MODULE_12:g2:a0:g1:z1:s0:g1:u0:c_11\ <=  ('0') ;

Note:  Expanding virtual equation for '\PWM:PWMUDB:MODULE_12:g2:a0:g1:z1:s0:g1:u0:c_4\' (cost = 0):
\PWM:PWMUDB:MODULE_12:g2:a0:g1:z1:s0:g1:u0:c_4\ <=  ('0') ;


Substituting virtuals - pass 4:

Note:  Expanding virtual equation for '\PWM:PWMUDB:MODULE_12:g2:a0:g1:z1:s0:g1:u0:c_20\' (cost = 0):
\PWM:PWMUDB:MODULE_12:g2:a0:g1:z1:s0:g1:u0:c_20\ <=  ('0') ;

Note:  Expanding virtual equation for '\PWM:PWMUDB:MODULE_12:g2:a0:g1:z1:s0:g1:u0:c_12\' (cost = 0):
\PWM:PWMUDB:MODULE_12:g2:a0:g1:z1:s0:g1:u0:c_12\ <=  ('0') ;

Note:  Expanding virtual equation for '\PWM:PWMUDB:MODULE_12:g2:a0:g1:z1:s0:g1:u0:c_5\' (cost = 0):
\PWM:PWMUDB:MODULE_12:g2:a0:g1:z1:s0:g1:u0:c_5\ <=  ('0') ;


Substituting virtuals - pass 5:

Note:  Expanding virtual equation for '\PWM:PWMUDB:MODULE_12:g2:a0:g1:z1:s0:g1:u0:c_21\' (cost = 0):
\PWM:PWMUDB:MODULE_12:g2:a0:g1:z1:s0:g1:u0:c_21\ <=  ('0') ;

Note:  Expanding virtual equation for '\PWM:PWMUDB:MODULE_12:g2:a0:g1:z1:s0:g1:u0:c_13\' (cost = 0):
\PWM:PWMUDB:MODULE_12:g2:a0:g1:z1:s0:g1:u0:c_13\ <=  ('0') ;

Note:  Expanding virtual equation for '\PWM:PWMUDB:MODULE_12:g2:a0:g1:z1:s0:g1:u0:c_6\' (cost = 0):
\PWM:PWMUDB:MODULE_12:g2:a0:g1:z1:s0:g1:u0:c_6\ <=  ('0') ;


Substituting virtuals - pass 6:

Note:  Expanding virtual equation for '\PWM:PWMUDB:MODULE_12:g2:a0:g1:z1:s0:g1:u0:c_22\' (cost = 0):
\PWM:PWMUDB:MODULE_12:g2:a0:g1:z1:s0:g1:u0:c_22\ <=  ('0') ;

Note:  Expanding virtual equation for '\PWM:PWMUDB:MODULE_12:g2:a0:g1:z1:s0:g1:u0:c_14\' (cost = 0):
\PWM:PWMUDB:MODULE_12:g2:a0:g1:z1:s0:g1:u0:c_14\ <=  ('0') ;

Note:  Expanding virtual equation for '\PWM:PWMUDB:MODULE_12:g2:a0:g1:z1:s0:g1:u0:c_7\' (cost = 0):
\PWM:PWMUDB:MODULE_12:g2:a0:g1:z1:s0:g1:u0:c_7\ <=  ('0') ;


Substituting virtuals - pass 7:

Note:  Expanding virtual equation for '\PWM:PWMUDB:MODULE_12:g2:a0:g1:z1:s0:g1:u0:c_23\' (cost = 0):
\PWM:PWMUDB:MODULE_12:g2:a0:g1:z1:s0:g1:u0:c_23\ <=  ('0') ;

Note:  Expanding virtual equation for '\PWM:PWMUDB:MODULE_12:g2:a0:g1:z1:s0:g1:u0:c_15\' (cost = 0):
\PWM:PWMUDB:MODULE_12:g2:a0:g1:z1:s0:g1:u0:c_15\ <=  ('0') ;


Substituting virtuals - pass 8:


----------------------------------------------------------
Circuit simplification results:

	Expanded 109 signals.
	Turned 1 signals into soft nodes.
	Maximum default expansion cost was set at 3.
----------------------------------------------------------

------------------------------------------------------
Alias Detection
------------------------------------------------------
Aliasing \UART_PSOC:BUART:rx_status_0\ to zero
Aliasing \UART_PSOC:BUART:rx_status_6\ to zero
Aliasing \UART_ESP:BUART:rx_status_0\ to zero
Aliasing \UART_ESP:BUART:rx_status_6\ to zero
Aliasing \PWM:PWMUDB:final_capture\ to zero
Aliasing \PWM:PWMUDB:pwm_i\ to zero
Aliasing \PWM:PWMUDB:MODULE_12:g2:a0:g1:z1:s0:g1:u0:b_24\ to zero
Aliasing \PWM:PWMUDB:MODULE_12:g2:a0:g1:z1:s0:g1:u0:b_16\ to zero
Aliasing \PWM:PWMUDB:MODULE_12:g2:a0:g1:z1:s0:g1:u0:b_8\ to zero
Aliasing \UART_PSOC:BUART:rx_markspace_status\\D\ to zero
Aliasing \UART_PSOC:BUART:rx_parity_error_status\\D\ to zero
Aliasing \UART_PSOC:BUART:rx_addr_match_status\\D\ to zero
Aliasing \UART_ESP:BUART:rx_markspace_status\\D\ to zero
Aliasing \UART_ESP:BUART:rx_parity_error_status\\D\ to zero
Aliasing \UART_ESP:BUART:rx_addr_match_status\\D\ to zero
Aliasing \PWM:PWMUDB:final_kill_reg\\D\ to zero
Removing Rhs of wire \UART_PSOC:BUART:rx_bitclk_enable\[93] = \UART_PSOC:BUART:rx_bitclk\[141]
Removing Lhs of wire \UART_PSOC:BUART:rx_status_0\[192] = zero[27]
Removing Lhs of wire \UART_PSOC:BUART:rx_status_6\[201] = zero[27]
Removing Rhs of wire \UART_ESP:BUART:rx_bitclk_enable\[775] = \UART_ESP:BUART:rx_bitclk\[823]
Removing Lhs of wire \UART_ESP:BUART:rx_status_0\[874] = zero[27]
Removing Lhs of wire \UART_ESP:BUART:rx_status_6\[883] = zero[27]
Removing Lhs of wire \PWM:PWMUDB:final_capture\[1074] = zero[27]
Removing Lhs of wire \PWM:PWMUDB:pwm_i\[1156] = zero[27]
Removing Lhs of wire \PWM:PWMUDB:MODULE_12:g2:a0:g1:z1:s0:g1:u0:b_24\[1335] = zero[27]
Removing Lhs of wire \PWM:PWMUDB:MODULE_12:g2:a0:g1:z1:s0:g1:u0:b_16\[1345] = zero[27]
Removing Lhs of wire \PWM:PWMUDB:MODULE_12:g2:a0:g1:z1:s0:g1:u0:b_8\[1355] = zero[27]
Removing Lhs of wire \UART_PSOC:BUART:tx_ctrl_mark_last\\D\[1431] = \UART_PSOC:BUART:tx_ctrl_mark_last\[84]
Removing Lhs of wire \UART_PSOC:BUART:rx_markspace_status\\D\[1443] = zero[27]
Removing Lhs of wire \UART_PSOC:BUART:rx_parity_error_status\\D\[1444] = zero[27]
Removing Lhs of wire \UART_PSOC:BUART:rx_addr_match_status\\D\[1446] = zero[27]
Removing Lhs of wire \UART_PSOC:BUART:rx_markspace_pre\\D\[1447] = \UART_PSOC:BUART:rx_markspace_pre\[205]
Removing Lhs of wire \UART_PSOC:BUART:rx_parity_bit\\D\[1452] = \UART_PSOC:BUART:rx_parity_bit\[211]
Removing Lhs of wire \UART_ESP:BUART:tx_ctrl_mark_last\\D\[1533] = \UART_ESP:BUART:tx_ctrl_mark_last\[766]
Removing Lhs of wire \UART_ESP:BUART:rx_markspace_status\\D\[1545] = zero[27]
Removing Lhs of wire \UART_ESP:BUART:rx_parity_error_status\\D\[1546] = zero[27]
Removing Lhs of wire \UART_ESP:BUART:rx_addr_match_status\\D\[1548] = zero[27]
Removing Lhs of wire \UART_ESP:BUART:rx_markspace_pre\\D\[1549] = \UART_ESP:BUART:rx_markspace_pre\[887]
Removing Lhs of wire \UART_ESP:BUART:rx_parity_bit\\D\[1554] = \UART_ESP:BUART:rx_parity_bit\[893]
Removing Lhs of wire \PWM:PWMUDB:runmode_enable\\D\[1558] = \PWM:PWMUDB:control_7\[995]
Removing Lhs of wire \PWM:PWMUDB:final_kill_reg\\D\[1567] = zero[27]

------------------------------------------------------
Aliased 0 equations, 25 wires.
------------------------------------------------------

----------------------------------------------------------
Circuit simplification
----------------------------------------------------------

Eliminating unused logic - pass 1:

Note:  Deleted unused equation:
\UART_PSOC:BUART:sRX:MODULE_6:g1:a0:xneq\ <= ((not \UART_PSOC:BUART:rx_parity_bit\ and Net_5 and MODIN3_0)
	OR (not MODIN3_1 and not MODIN3_0 and \UART_PSOC:BUART:rx_parity_bit\)
	OR (not Net_5 and not MODIN3_1 and \UART_PSOC:BUART:rx_parity_bit\)
	OR (not \UART_PSOC:BUART:rx_parity_bit\ and MODIN3_1));

Note:  Deleted unused equation:
\UART_ESP:BUART:sRX:MODULE_11:g1:a0:xneq\ <= ((not \UART_ESP:BUART:rx_parity_bit\ and Net_130 and \UART_ESP:BUART:pollcount_0\)
	OR (not \UART_ESP:BUART:pollcount_1\ and not \UART_ESP:BUART:pollcount_0\ and \UART_ESP:BUART:rx_parity_bit\)
	OR (not \UART_ESP:BUART:pollcount_1\ and not Net_130 and \UART_ESP:BUART:rx_parity_bit\)
	OR (not \UART_ESP:BUART:rx_parity_bit\ and \UART_ESP:BUART:pollcount_1\));


Eliminating unused logic - pass 2:


Substituting virtuals - pass 1:


----------------------------------------------------------
Circuit simplification results:

	Expanded 0 signals.
	Turned 0 signals into soft nodes.
	Maximum default expansion cost was set at 3.
----------------------------------------------------------

topld:  No errors.

CYPRESS_DIR    : C:\Program Files (x86)\Cypress\PSoC Creator\4.4\PSoC Creator\warp
Warp Program   : C:\Program Files (x86)\Cypress\PSoC Creator\4.4\PSoC Creator\warp\bin\warp.exe
Warp Arguments : -yv2 -q10 -ygs -o2 -v3 -.fftcfgtype=LE -ya "-.fftprj=C:\Users\UCA-Master\Documents\PSoC Creator\ADC_SensordeAgua\Agua.cydsn\Agua.cyprj" -dcpsoc3 Agua.v -verilog
</CYPRESSTAG>
Warp synthesis phase: Elapsed time ==> 3s.622ms
<CYPRESSTAG name="Fitter results...">
<CYPRESSTAG name="Fitter startup details...">
cyp3fit: V4.4.0.80, Family: PSoC3, Started at: Sunday, 24 November 2024 15:24:45
Options: -yv2 -q10 -ygs -o2 -v3 -.fftcfgtype=LE -ya -.fftprj=C:\Users\UCA-Master\Documents\PSoC Creator\ADC_SensordeAgua\Agua.cydsn\Agua.cyprj -d CY8C5888LTI-LP097 Agua.v -verilog
</CYPRESSTAG>
<CYPRESSTAG name="Design parsing">
Design parsing phase: Elapsed time ==> 0s.072ms
</CYPRESSTAG>
<CYPRESSTAG name="Tech Mapping">
<CYPRESSTAG name="Initial Mapping" icon="FILE_RPT_TECHM">
    Removed wire end \ADC_SA1:MODULE_1:g1:a0:gx:u0:lti_1\ kept \ADC_SA1:MODULE_1:g1:a0:gx:u0:lt_5\
    Removed wire end \ADC_SA1:MODULE_1:g1:a0:gx:u0:gti_1\ kept \ADC_SA1:MODULE_1:g1:a0:gx:u0:gt_5\
    Removed wire end \ADC_SA1:MODULE_1:g1:a0:gx:u0:lti_0\ kept \ADC_SA1:MODULE_1:g1:a0:gx:u0:lt_2\
    Removed wire end \ADC_SA1:MODULE_1:g1:a0:gx:u0:gti_0\ kept \ADC_SA1:MODULE_1:g1:a0:gx:u0:gt_2\
    Removed wire end \PWM:PWMUDB:MODULE_12:g2:a0:g1:z1:s0:g1:u0:c_24\ kept zero
    Removed wire end \PWM:PWMUDB:MODULE_12:g2:a0:g1:z1:s0:g1:u0:c_16\ kept zero
    Removed wire end \PWM:PWMUDB:MODULE_12:g2:a0:g1:z1:s0:g1:u0:c_8\ kept zero
    Converted constant MacroCell: \UART_PSOC:BUART:reset_reg\ from registered to combinatorial
    Converted constant MacroCell: \UART_PSOC:BUART:rx_markspace_status\ from registered to combinatorial
    Converted constant MacroCell: \UART_PSOC:BUART:rx_status_2\ from registered to combinatorial
    Converted constant MacroCell: \UART_PSOC:BUART:rx_addr_match_status\ from registered to combinatorial
    Converted constant MacroCell: \UART_PSOC:BUART:rx_break_status\ from registered to combinatorial
    Converted constant MacroCell: \UART_ESP:BUART:reset_reg\ from registered to combinatorial
    Converted constant MacroCell: \UART_ESP:BUART:rx_markspace_status\ from registered to combinatorial
    Converted constant MacroCell: \UART_ESP:BUART:rx_status_2\ from registered to combinatorial
    Converted constant MacroCell: \UART_ESP:BUART:rx_addr_match_status\ from registered to combinatorial
    Converted constant MacroCell: \UART_ESP:BUART:rx_break_status\ from registered to combinatorial
    Converted constant MacroCell: \PWM:PWMUDB:prevCapture\ from registered to combinatorial
    Converted constant MacroCell: \PWM:PWMUDB:trig_last\ from registered to combinatorial
    Converted constant MacroCell: \PWM:PWMUDB:status_5\ from registered to combinatorial
    Converted constant MacroCell: \PWM:PWMUDB:pwm_i_reg\ from registered to combinatorial
Assigning clock ADC_SA1_BusClock to clock BUS_CLK because it is a pass-through
<CYPRESSTAG name="Global Clock Selection" icon="FILE_RPT_TECHM">
    Digital Clock 0: Automatic-assigning  clock 'ADC_SA1_IntClock'. Fanout=73, Signal=\ADC_SA1:clock\
    Digital Clock 1: Automatic-assigning  clock 'UART_PSOC_IntClock'. Fanout=1, Signal=\UART_PSOC:Net_9\
    Digital Clock 2: Automatic-assigning  clock 'UART_ESP_IntClock'. Fanout=1, Signal=\UART_ESP:Net_9\
    Digital Clock 3: Automatic-assigning  clock 'Clock_1'. Fanout=1, Signal=Net_185
    Digital Clock 4: Automatic-assigning  clock 'timer_clock'. Fanout=1, Signal=Net_166
</CYPRESSTAG>

Removing unused cells resulting from optimization
Done removing unused cells.
<CYPRESSTAG name="UDB Clock/Enable Remapping Results">
    UDB Clk/Enable \UART_PSOC:BUART:ClkSync\: with output requested to be synchronous
        ClockIn: UART_PSOC_IntClock was determined to be a global clock that is synchronous to BUS_CLK
        EnableIn: Constant 1 was determined to be synchronous to ClockIn
        ClockOut: UART_PSOC_IntClock, EnableOut: Constant 1
    UDB Clk/Enable \ADC_SA1:bSAR_SEQ:ClkEn\: with output requested to be synchronous
        ClockIn: ADC_SA1_IntClock was determined to be a global clock that is synchronous to BUS_CLK
        EnableIn: \ADC_SA1:bSAR_SEQ:CtrlReg\:controlcell.control_0 was determined to be synchronous to ClockIn
        ClockOut: ADC_SA1_IntClock, EnableOut: \ADC_SA1:bSAR_SEQ:CtrlReg\:controlcell.control_0
    UDB Clk/Enable \ADC_SA1:bSAR_SEQ:ClkCtrl\: with output requested to be synchronous
        ClockIn: ADC_SA1_IntClock was determined to be a global clock that is synchronous to BUS_CLK
        EnableIn: Constant 1 was determined to be synchronous to ClockIn
        ClockOut: ADC_SA1_IntClock, EnableOut: Constant 1
    UDB Clk/Enable \UART_ESP:BUART:ClkSync\: with output requested to be synchronous
        ClockIn: UART_ESP_IntClock was determined to be a global clock that is synchronous to BUS_CLK
        EnableIn: Constant 1 was determined to be synchronous to ClockIn
        ClockOut: UART_ESP_IntClock, EnableOut: Constant 1
    UDB Clk/Enable \PWM:PWMUDB:clock_enable_block\: with output requested to be synchronous
        ClockIn: Clock_1 was determined to be a global clock that is synchronous to BUS_CLK
        EnableIn: Constant 1 was determined to be synchronous to ClockIn
        ClockOut: Clock_1, EnableOut: Constant 1
</CYPRESSTAG>

Removing unused cells resulting from optimization
Done removing unused cells.
<CYPRESSTAG name="Duplicate Macrocell detection">
</CYPRESSTAG>
</CYPRESSTAG>
<CYPRESSTAG name="Duplicate Macrocell detection">

Removing duplicate macrocells
    Removing \UART_ESP:BUART:rx_parity_bit\, Duplicate of \UART_ESP:BUART:tx_ctrl_mark_last\ 
    MacroCell: Name=\UART_ESP:BUART:rx_parity_bit\, Mode=(T-Register)
        Total # of inputs        : 0
        Total # of product terms : 0
        List of special equations: 
            Clock  = (\UART_ESP:Net_9\) => Global
            Clock Enable: True
        Main Equation            : 0 pterms
        (
            0
        );
        Output = \UART_ESP:BUART:rx_parity_bit\ (fanout=0)

    Removing \UART_ESP:BUART:rx_address_detected\, Duplicate of \UART_ESP:BUART:tx_ctrl_mark_last\ 
    MacroCell: Name=\UART_ESP:BUART:rx_address_detected\, Mode=(T-Register)
        Total # of inputs        : 0
        Total # of product terms : 0
        List of special equations: 
            Clock  = (\UART_ESP:Net_9\) => Global
            Clock Enable: True
        Main Equation            : 0 pterms
        (
            0
        );
        Output = \UART_ESP:BUART:rx_address_detected\ (fanout=0)

    Removing \UART_ESP:BUART:rx_parity_error_pre\, Duplicate of \UART_ESP:BUART:tx_ctrl_mark_last\ 
    MacroCell: Name=\UART_ESP:BUART:rx_parity_error_pre\, Mode=(T-Register)
        Total # of inputs        : 0
        Total # of product terms : 0
        List of special equations: 
            Clock  = (\UART_ESP:Net_9\) => Global
            Clock Enable: True
        Main Equation            : 0 pterms
        (
            0
        );
        Output = \UART_ESP:BUART:rx_parity_error_pre\ (fanout=0)

    Removing \UART_ESP:BUART:rx_markspace_pre\, Duplicate of \UART_ESP:BUART:tx_ctrl_mark_last\ 
    MacroCell: Name=\UART_ESP:BUART:rx_markspace_pre\, Mode=(T-Register)
        Total # of inputs        : 0
        Total # of product terms : 0
        List of special equations: 
            Clock  = (\UART_ESP:Net_9\) => Global
            Clock Enable: True
        Main Equation            : 0 pterms
        (
            0
        );
        Output = \UART_ESP:BUART:rx_markspace_pre\ (fanout=0)

    Removing \UART_ESP:BUART:rx_state_1\, Duplicate of \UART_ESP:BUART:tx_ctrl_mark_last\ 
    MacroCell: Name=\UART_ESP:BUART:rx_state_1\, Mode=(T-Register)
        Total # of inputs        : 0
        Total # of product terms : 0
        List of special equations: 
            Clock  = (\UART_ESP:Net_9\) => Global
            Clock Enable: True
        Main Equation            : 0 pterms
        (
            0
        );
        Output = \UART_ESP:BUART:rx_state_1\ (fanout=8)

    Removing \UART_ESP:BUART:tx_parity_bit\, Duplicate of \UART_ESP:BUART:tx_ctrl_mark_last\ 
    MacroCell: Name=\UART_ESP:BUART:tx_parity_bit\, Mode=(T-Register)
        Total # of inputs        : 0
        Total # of product terms : 0
        List of special equations: 
            Clock  = (\UART_ESP:Net_9\) => Global
            Clock Enable: True
        Main Equation            : 0 pterms
        (
            0
        );
        Output = \UART_ESP:BUART:tx_parity_bit\ (fanout=0)

    Removing \UART_ESP:BUART:tx_mark\, Duplicate of \UART_ESP:BUART:tx_ctrl_mark_last\ 
    MacroCell: Name=\UART_ESP:BUART:tx_mark\, Mode=(T-Register)
        Total # of inputs        : 0
        Total # of product terms : 0
        List of special equations: 
            Clock  = (\UART_ESP:Net_9\) => Global
            Clock Enable: True
        Main Equation            : 0 pterms
        (
            0
        );
        Output = \UART_ESP:BUART:tx_mark\ (fanout=0)

    Removing \UART_PSOC:BUART:rx_parity_bit\, Duplicate of \UART_PSOC:BUART:tx_ctrl_mark_last\ 
    MacroCell: Name=\UART_PSOC:BUART:rx_parity_bit\, Mode=(T-Register)
        Total # of inputs        : 0
        Total # of product terms : 0
        List of special equations: 
            Clock  = (\UART_PSOC:Net_9\) => Global
            Clock Enable: True
        Main Equation            : 0 pterms
        (
            0
        );
        Output = \UART_PSOC:BUART:rx_parity_bit\ (fanout=0)

    Removing \UART_PSOC:BUART:rx_address_detected\, Duplicate of \UART_PSOC:BUART:tx_ctrl_mark_last\ 
    MacroCell: Name=\UART_PSOC:BUART:rx_address_detected\, Mode=(T-Register)
        Total # of inputs        : 0
        Total # of product terms : 0
        List of special equations: 
            Clock  = (\UART_PSOC:Net_9\) => Global
            Clock Enable: True
        Main Equation            : 0 pterms
        (
            0
        );
        Output = \UART_PSOC:BUART:rx_address_detected\ (fanout=0)

    Removing \UART_PSOC:BUART:rx_parity_error_pre\, Duplicate of \UART_PSOC:BUART:tx_ctrl_mark_last\ 
    MacroCell: Name=\UART_PSOC:BUART:rx_parity_error_pre\, Mode=(T-Register)
        Total # of inputs        : 0
        Total # of product terms : 0
        List of special equations: 
            Clock  = (\UART_PSOC:Net_9\) => Global
            Clock Enable: True
        Main Equation            : 0 pterms
        (
            0
        );
        Output = \UART_PSOC:BUART:rx_parity_error_pre\ (fanout=0)

    Removing \UART_PSOC:BUART:rx_markspace_pre\, Duplicate of \UART_PSOC:BUART:tx_ctrl_mark_last\ 
    MacroCell: Name=\UART_PSOC:BUART:rx_markspace_pre\, Mode=(T-Register)
        Total # of inputs        : 0
        Total # of product terms : 0
        List of special equations: 
            Clock  = (\UART_PSOC:Net_9\) => Global
            Clock Enable: True
        Main Equation            : 0 pterms
        (
            0
        );
        Output = \UART_PSOC:BUART:rx_markspace_pre\ (fanout=0)

    Removing \UART_PSOC:BUART:rx_state_1\, Duplicate of \UART_PSOC:BUART:tx_ctrl_mark_last\ 
    MacroCell: Name=\UART_PSOC:BUART:rx_state_1\, Mode=(T-Register)
        Total # of inputs        : 0
        Total # of product terms : 0
        List of special equations: 
            Clock  = (\UART_PSOC:Net_9\) => Global
            Clock Enable: True
        Main Equation            : 0 pterms
        (
            0
        );
        Output = \UART_PSOC:BUART:rx_state_1\ (fanout=8)

    Removing \UART_PSOC:BUART:tx_parity_bit\, Duplicate of \UART_PSOC:BUART:tx_ctrl_mark_last\ 
    MacroCell: Name=\UART_PSOC:BUART:tx_parity_bit\, Mode=(T-Register)
        Total # of inputs        : 0
        Total # of product terms : 0
        List of special equations: 
            Clock  = (\UART_PSOC:Net_9\) => Global
            Clock Enable: True
        Main Equation            : 0 pterms
        (
            0
        );
        Output = \UART_PSOC:BUART:tx_parity_bit\ (fanout=0)

    Removing \UART_PSOC:BUART:tx_mark\, Duplicate of \UART_PSOC:BUART:tx_ctrl_mark_last\ 
    MacroCell: Name=\UART_PSOC:BUART:tx_mark\, Mode=(T-Register)
        Total # of inputs        : 0
        Total # of product terms : 0
        List of special equations: 
            Clock  = (\UART_PSOC:Net_9\) => Global
            Clock Enable: True
        Main Equation            : 0 pterms
        (
            0
        );
        Output = \UART_PSOC:BUART:tx_mark\ (fanout=0)


Removing unused cells resulting from optimization
Done removing unused cells.
End removing duplicate macrocells: used 1 pass
</CYPRESSTAG>
<CYPRESSTAG name="Design Equations" icon="FILE_RPT_EQUATION">

------------------------------------------------------------
Design Equations
------------------------------------------------------------
    <CYPRESSTAG name="Pin listing">

    ------------------------------------------------------------
    Pin listing
    ------------------------------------------------------------

    Pin : Name = Rx_1(0)
        Attributes:
            In Group/Port: True
            In Sync Option: SYNC
            Out Sync Option: AUTO
            Interrupt generated: False
            Interrupt mode: NONE
            Drive mode: HI_Z_DIGITAL
            VTrip: CMOS
            Slew: FAST
            Input Sync needed: True
            Output Sync needed: False
            SC shield enabled: False
            POR State: ANY
            LCD Mode: COMMON
            Register Mode: RegComb
            CaSense Mode: NEITHER
            Treat as pin: True
            Is OE Registered: False
            Uses Analog: False
            Can contain Digital: True
            Is SIO: False
            SIO Output Buf: NONREGULATED
            SIO Input Buf: SINGLE_ENDED
            SIO HiFreq: LOW
            SIO Hyst: DISABLED
            SIO Vtrip: MULTIPLIER_0_5
            SIO Multiplier Index: 0
            SIO RefSel: VCC_IO
            Required Capabilities: DIGITAL, ROUTABLE
            Initial Value: 0
            IO Voltage: 0
        PORT MAP (
            pa_out => Rx_1(0)__PA ,
            fb => Net_5 ,
            pad => Rx_1(0)_PAD );
        Properties:
        {
        }

    Pin : Name = Tx_1(0)
        Attributes:
            In Group/Port: True
            In Sync Option: AUTO
            Out Sync Option: NOSYNC
            Interrupt generated: False
            Interrupt mode: NONE
            Drive mode: CMOS_OUT
            VTrip: EITHER
            Slew: FAST
            Input Sync needed: False
            Output Sync needed: False
            SC shield enabled: False
            POR State: ANY
            LCD Mode: COMMON
            Register Mode: RegComb
            CaSense Mode: NEITHER
            Treat as pin: True
            Is OE Registered: False
            Uses Analog: False
            Can contain Digital: True
            Is SIO: False
            SIO Output Buf: NONREGULATED
            SIO Input Buf: SINGLE_ENDED
            SIO HiFreq: LOW
            SIO Hyst: DISABLED
            SIO Vtrip: MULTIPLIER_0_5
            SIO Multiplier Index: 0
            SIO RefSel: VCC_IO
            Required Capabilities: DIGITAL, ROUTABLE
            Initial Value: 1
            IO Voltage: 0
        PORT MAP (
            pa_out => Tx_1(0)__PA ,
            pin_input => Net_9 ,
            pad => Tx_1(0)_PAD );
        Properties:
        {
        }

    Pin : Name = Pin_S_A_1(0)
        Attributes:
            In Group/Port: True
            In Sync Option: AUTO
            Out Sync Option: AUTO
            Interrupt generated: False
            Interrupt mode: NONE
            Drive mode: HI_Z_ANALOG
            VTrip: EITHER
            Slew: FAST
            Input Sync needed: False
            Output Sync needed: False
            SC shield enabled: False
            POR State: ANY
            LCD Mode: COMMON
            Register Mode: RegComb
            CaSense Mode: NEITHER
            Treat as pin: True
            Is OE Registered: False
            Uses Analog: True
            Can contain Digital: False
            Is SIO: False
            SIO Output Buf: NONREGULATED
            SIO Input Buf: SINGLE_ENDED
            SIO HiFreq: LOW
            SIO Hyst: DISABLED
            SIO Vtrip: MULTIPLIER_0_5
            SIO Multiplier Index: 0
            SIO RefSel: VCC_IO
            Required Capabilities: ANALOG
            Initial Value: 0
            IO Voltage: 0
        PORT MAP (
            pa_out => Pin_S_A_1(0)__PA ,
            analog_term => Net_26 ,
            pad => Pin_S_A_1(0)_PAD ,
            pin_input => \ADC_SA1:AMuxHw_2_Decoder_one_hot_0\ );
        Properties:
        {
        }

    Pin : Name = Pin_S_A(0)
        Attributes:
            In Group/Port: True
            In Sync Option: AUTO
            Out Sync Option: AUTO
            Interrupt generated: False
            Interrupt mode: NONE
            Drive mode: HI_Z_ANALOG
            VTrip: EITHER
            Slew: FAST
            Input Sync needed: False
            Output Sync needed: False
            SC shield enabled: False
            POR State: ANY
            LCD Mode: COMMON
            Register Mode: RegComb
            CaSense Mode: NEITHER
            Treat as pin: True
            Is OE Registered: False
            Uses Analog: True
            Can contain Digital: False
            Is SIO: False
            SIO Output Buf: NONREGULATED
            SIO Input Buf: SINGLE_ENDED
            SIO HiFreq: LOW
            SIO Hyst: DISABLED
            SIO Vtrip: MULTIPLIER_0_5
            SIO Multiplier Index: 0
            SIO RefSel: VCC_IO
            Required Capabilities: ANALOG
            Initial Value: 0
            IO Voltage: 0
        PORT MAP (
            pa_out => Pin_S_A(0)__PA ,
            analog_term => Net_27 ,
            pad => Pin_S_A(0)_PAD ,
            pin_input => \ADC_SA1:AMuxHw_2_Decoder_one_hot_1\ );
        Properties:
        {
        }

    Pin : Name = Pin_LED(0)
        Attributes:
            In Group/Port: True
            In Sync Option: AUTO
            Out Sync Option: NOSYNC
            Interrupt generated: False
            Interrupt mode: NONE
            Drive mode: CMOS_OUT
            VTrip: EITHER
            Slew: FAST
            Input Sync needed: False
            Output Sync needed: False
            SC shield enabled: False
            POR State: ANY
            LCD Mode: COMMON
            Register Mode: RegComb
            CaSense Mode: NEITHER
            Treat as pin: True
            Is OE Registered: False
            Uses Analog: False
            Can contain Digital: True
            Is SIO: False
            SIO Output Buf: NONREGULATED
            SIO Input Buf: SINGLE_ENDED
            SIO HiFreq: LOW
            SIO Hyst: DISABLED
            SIO Vtrip: MULTIPLIER_0_5
            SIO Multiplier Index: 0
            SIO RefSel: VCC_IO
            Required Capabilities: DIGITAL
            Initial Value: 0
            IO Voltage: 0
        PORT MAP (
            pa_out => Pin_LED(0)__PA ,
            pad => Pin_LED(0)_PAD );
        Properties:
        {
        }

    Pin : Name = Pin_PH(0)
        Attributes:
            In Group/Port: True
            In Sync Option: AUTO
            Out Sync Option: AUTO
            Interrupt generated: False
            Interrupt mode: NONE
            Drive mode: HI_Z_ANALOG
            VTrip: EITHER
            Slew: FAST
            Input Sync needed: False
            Output Sync needed: False
            SC shield enabled: False
            POR State: ANY
            LCD Mode: COMMON
            Register Mode: RegComb
            CaSense Mode: NEITHER
            Treat as pin: True
            Is OE Registered: False
            Uses Analog: True
            Can contain Digital: False
            Is SIO: False
            SIO Output Buf: NONREGULATED
            SIO Input Buf: SINGLE_ENDED
            SIO HiFreq: LOW
            SIO Hyst: DISABLED
            SIO Vtrip: MULTIPLIER_0_5
            SIO Multiplier Index: 0
            SIO RefSel: VCC_IO
            Required Capabilities: ANALOG
            Initial Value: 0
            IO Voltage: 0
        PORT MAP (
            pa_out => Pin_PH(0)__PA ,
            analog_term => Net_29 ,
            pad => Pin_PH(0)_PAD ,
            pin_input => \ADC_SA1:AMuxHw_2_Decoder_one_hot_2\ );
        Properties:
        {
        }

    Pin : Name = Pin_LED_R(0)
        Attributes:
            In Group/Port: True
            In Sync Option: AUTO
            Out Sync Option: NOSYNC
            Interrupt generated: False
            Interrupt mode: NONE
            Drive mode: CMOS_OUT
            VTrip: EITHER
            Slew: FAST
            Input Sync needed: False
            Output Sync needed: False
            SC shield enabled: False
            POR State: ANY
            LCD Mode: COMMON
            Register Mode: RegComb
            CaSense Mode: NEITHER
            Treat as pin: True
            Is OE Registered: False
            Uses Analog: False
            Can contain Digital: True
            Is SIO: False
            SIO Output Buf: NONREGULATED
            SIO Input Buf: SINGLE_ENDED
            SIO HiFreq: LOW
            SIO Hyst: DISABLED
            SIO Vtrip: MULTIPLIER_0_5
            SIO Multiplier Index: 0
            SIO RefSel: VCC_IO
            Required Capabilities: DIGITAL
            Initial Value: 0
            IO Voltage: 0
        PORT MAP (
            pa_out => Pin_LED_R(0)__PA ,
            pad => Pin_LED_R(0)_PAD );
        Properties:
        {
        }

    Pin : Name = Pin_LED_V(0)
        Attributes:
            In Group/Port: True
            In Sync Option: AUTO
            Out Sync Option: NOSYNC
            Interrupt generated: False
            Interrupt mode: NONE
            Drive mode: CMOS_OUT
            VTrip: EITHER
            Slew: FAST
            Input Sync needed: False
            Output Sync needed: False
            SC shield enabled: False
            POR State: ANY
            LCD Mode: COMMON
            Register Mode: RegComb
            CaSense Mode: NEITHER
            Treat as pin: True
            Is OE Registered: False
            Uses Analog: False
            Can contain Digital: True
            Is SIO: False
            SIO Output Buf: NONREGULATED
            SIO Input Buf: SINGLE_ENDED
            SIO HiFreq: LOW
            SIO Hyst: DISABLED
            SIO Vtrip: MULTIPLIER_0_5
            SIO Multiplier Index: 0
            SIO RefSel: VCC_IO
            Required Capabilities: DIGITAL
            Initial Value: 0
            IO Voltage: 0
        PORT MAP (
            pa_out => Pin_LED_V(0)__PA ,
            pad => Pin_LED_V(0)_PAD );
        Properties:
        {
        }

    Pin : Name = Rx_2(0)
        Attributes:
            In Group/Port: True
            In Sync Option: SYNC
            Out Sync Option: AUTO
            Interrupt generated: False
            Interrupt mode: NONE
            Drive mode: HI_Z_DIGITAL
            VTrip: CMOS
            Slew: FAST
            Input Sync needed: True
            Output Sync needed: False
            SC shield enabled: False
            POR State: ANY
            LCD Mode: COMMON
            Register Mode: RegComb
            CaSense Mode: NEITHER
            Treat as pin: True
            Is OE Registered: False
            Uses Analog: False
            Can contain Digital: True
            Is SIO: False
            SIO Output Buf: NONREGULATED
            SIO Input Buf: SINGLE_ENDED
            SIO HiFreq: LOW
            SIO Hyst: DISABLED
            SIO Vtrip: MULTIPLIER_0_5
            SIO Multiplier Index: 0
            SIO RefSel: VCC_IO
            Required Capabilities: DIGITAL, ROUTABLE
            Initial Value: 0
            IO Voltage: 0
        PORT MAP (
            pa_out => Rx_2(0)__PA ,
            fb => Net_130 ,
            pad => Rx_2(0)_PAD );
        Properties:
        {
        }

    Pin : Name = Tx_2(0)
        Attributes:
            In Group/Port: True
            In Sync Option: AUTO
            Out Sync Option: NOSYNC
            Interrupt generated: False
            Interrupt mode: NONE
            Drive mode: CMOS_OUT
            VTrip: EITHER
            Slew: FAST
            Input Sync needed: False
            Output Sync needed: False
            SC shield enabled: False
            POR State: ANY
            LCD Mode: COMMON
            Register Mode: RegComb
            CaSense Mode: NEITHER
            Treat as pin: True
            Is OE Registered: False
            Uses Analog: False
            Can contain Digital: True
            Is SIO: False
            SIO Output Buf: NONREGULATED
            SIO Input Buf: SINGLE_ENDED
            SIO HiFreq: LOW
            SIO Hyst: DISABLED
            SIO Vtrip: MULTIPLIER_0_5
            SIO Multiplier Index: 0
            SIO RefSel: VCC_IO
            Required Capabilities: DIGITAL, ROUTABLE
            Initial Value: 1
            IO Voltage: 0
        PORT MAP (
            pa_out => Tx_2(0)__PA ,
            pin_input => Net_134 ,
            pad => Tx_2(0)_PAD );
        Properties:
        {
        }

    Pin : Name = Pin_Bomba(0)
        Attributes:
            In Group/Port: True
            In Sync Option: AUTO
            Out Sync Option: NOSYNC
            Interrupt generated: False
            Interrupt mode: NONE
            Drive mode: CMOS_OUT
            VTrip: EITHER
            Slew: FAST
            Input Sync needed: False
            Output Sync needed: False
            SC shield enabled: False
            POR State: ANY
            LCD Mode: COMMON
            Register Mode: RegComb
            CaSense Mode: NEITHER
            Treat as pin: True
            Is OE Registered: False
            Uses Analog: False
            Can contain Digital: True
            Is SIO: False
            SIO Output Buf: NONREGULATED
            SIO Input Buf: SINGLE_ENDED
            SIO HiFreq: LOW
            SIO Hyst: DISABLED
            SIO Vtrip: MULTIPLIER_0_5
            SIO Multiplier Index: 0
            SIO RefSel: VCC_IO
            Required Capabilities: DIGITAL
            Initial Value: 0
            IO Voltage: 0
        PORT MAP (
            pa_out => Pin_Bomba(0)__PA ,
            pad => Pin_Bomba(0)_PAD );
        Properties:
        {
        }

    Pin : Name = pHe(0)
        Attributes:
            In Group/Port: True
            In Sync Option: AUTO
            Out Sync Option: NOSYNC
            Interrupt generated: False
            Interrupt mode: NONE
            Drive mode: CMOS_OUT
            VTrip: EITHER
            Slew: FAST
            Input Sync needed: False
            Output Sync needed: False
            SC shield enabled: False
            POR State: ANY
            LCD Mode: COMMON
            Register Mode: RegComb
            CaSense Mode: NEITHER
            Treat as pin: True
            Is OE Registered: False
            Uses Analog: False
            Can contain Digital: True
            Is SIO: False
            SIO Output Buf: NONREGULATED
            SIO Input Buf: SINGLE_ENDED
            SIO HiFreq: LOW
            SIO Hyst: DISABLED
            SIO Vtrip: MULTIPLIER_0_5
            SIO Multiplier Index: 0
            SIO RefSel: VCC_IO
            Required Capabilities: DIGITAL, ROUTABLE
            Initial Value: 0
            IO Voltage: 0
        PORT MAP (
            pa_out => pHe(0)__PA ,
            pin_input => Net_160 ,
            pad => pHe(0)_PAD );
        Properties:
        {
        }

    Pin : Name = pHr(0)
        Attributes:
            In Group/Port: True
            In Sync Option: AUTO
            Out Sync Option: NOSYNC
            Interrupt generated: False
            Interrupt mode: NONE
            Drive mode: CMOS_OUT
            VTrip: EITHER
            Slew: FAST
            Input Sync needed: False
            Output Sync needed: False
            SC shield enabled: False
            POR State: ANY
            LCD Mode: COMMON
            Register Mode: RegComb
            CaSense Mode: NEITHER
            Treat as pin: True
            Is OE Registered: False
            Uses Analog: False
            Can contain Digital: True
            Is SIO: False
            SIO Output Buf: NONREGULATED
            SIO Input Buf: SINGLE_ENDED
            SIO HiFreq: LOW
            SIO Hyst: DISABLED
            SIO Vtrip: MULTIPLIER_0_5
            SIO Multiplier Index: 0
            SIO RefSel: VCC_IO
            Required Capabilities: DIGITAL, ROUTABLE
            Initial Value: 0
            IO Voltage: 0
        PORT MAP (
            pa_out => pHr(0)__PA ,
            pin_input => Net_161 ,
            pad => pHr(0)_PAD );
        Properties:
        {
        }
    </CYPRESSTAG>
    <CYPRESSTAG name="Macrocell listing" icon="FILE_RPT_EQUATION">

    ------------------------------------------------------------
    Macrocell listing
    ------------------------------------------------------------

    MacroCell: Name=\ADC_SA1:AMuxHw_2_Decoder_is_active_split\, Mode=(Combinatorial)
        Total # of inputs        : 12
        Total # of product terms : 8
            Clock Enable: True
        Main Equation            : 8 pterms
        (
              \ADC_SA1:AMuxHw_2_Decoder_old_id_5\ * !\ADC_SA1:ch_addr_5\
            + \ADC_SA1:AMuxHw_2_Decoder_old_id_4\ * !\ADC_SA1:ch_addr_4\
            + \ADC_SA1:AMuxHw_2_Decoder_old_id_3\ * !\ADC_SA1:ch_addr_3\
            + \ADC_SA1:AMuxHw_2_Decoder_old_id_2\ * !\ADC_SA1:ch_addr_2\
            + !\ADC_SA1:AMuxHw_2_Decoder_old_id_1\ * \ADC_SA1:ch_addr_1\
            + \ADC_SA1:AMuxHw_2_Decoder_old_id_1\ * !\ADC_SA1:ch_addr_1\
            + !\ADC_SA1:AMuxHw_2_Decoder_old_id_0\ * \ADC_SA1:ch_addr_0\
            + \ADC_SA1:AMuxHw_2_Decoder_old_id_0\ * !\ADC_SA1:ch_addr_0\
        );
        Output = \ADC_SA1:AMuxHw_2_Decoder_is_active_split\ (fanout=1)

    MacroCell: Name=Net_9, Mode=(Combinatorial)
        Total # of inputs        : 1
        Total # of product terms : 1
            Clock Enable: True
        Main Equation            : 1 pterm
        (
              !\UART_PSOC:BUART:txn\
        );
        Output = Net_9 (fanout=1)

    MacroCell: Name=\UART_PSOC:BUART:counter_load_not\, Mode=(Combinatorial)
        Total # of inputs        : 4
        Total # of product terms : 2
            Clock Enable: True
        Main Equation            : 2 pterms
        !(
              !\UART_PSOC:BUART:tx_state_1\ * !\UART_PSOC:BUART:tx_state_0\ * 
              \UART_PSOC:BUART:tx_bitclk_enable_pre\
            + !\UART_PSOC:BUART:tx_state_1\ * !\UART_PSOC:BUART:tx_state_0\ * 
              !\UART_PSOC:BUART:tx_state_2\
        );
        Output = \UART_PSOC:BUART:counter_load_not\ (fanout=1)

    MacroCell: Name=\UART_PSOC:BUART:tx_status_0\, Mode=(Combinatorial)
        Total # of inputs        : 5
        Total # of product terms : 1
            Clock Enable: True
        Main Equation            : 1 pterm
        (
              !\UART_PSOC:BUART:tx_state_1\ * !\UART_PSOC:BUART:tx_state_0\ * 
              \UART_PSOC:BUART:tx_bitclk_enable_pre\ * 
              \UART_PSOC:BUART:tx_fifo_empty\ * \UART_PSOC:BUART:tx_state_2\
        );
        Output = \UART_PSOC:BUART:tx_status_0\ (fanout=1)

    MacroCell: Name=\UART_PSOC:BUART:tx_status_2\, Mode=(Combinatorial)
        Total # of inputs        : 1
        Total # of product terms : 1
            Clock Enable: True
        Main Equation            : 1 pterm
        (
              !\UART_PSOC:BUART:tx_fifo_notfull\
        );
        Output = \UART_PSOC:BUART:tx_status_2\ (fanout=1)

    MacroCell: Name=\UART_PSOC:BUART:rx_counter_load\, Mode=(Combinatorial)
        Total # of inputs        : 4
        Total # of product terms : 1
            Clock Enable: True
        Main Equation            : 1 pterm
        (
              !\UART_PSOC:BUART:tx_ctrl_mark_last\ * 
              !\UART_PSOC:BUART:rx_state_0\ * !\UART_PSOC:BUART:rx_state_3\ * 
              !\UART_PSOC:BUART:rx_state_2\
        );
        Output = \UART_PSOC:BUART:rx_counter_load\ (fanout=1)

    MacroCell: Name=\UART_PSOC:BUART:rx_postpoll\, Mode=(Combinatorial)
        Total # of inputs        : 3
        Total # of product terms : 2
            Clock Enable: True
        Main Equation            : 2 pterms
        (
              Net_5 * MODIN3_0
            + MODIN3_1
        );
        Output = \UART_PSOC:BUART:rx_postpoll\ (fanout=1)

    MacroCell: Name=\UART_PSOC:BUART:rx_status_4\, Mode=(Combinatorial)
        Total # of inputs        : 2
        Total # of product terms : 1
            Clock Enable: True
        Main Equation            : 1 pterm
        (
              \UART_PSOC:BUART:rx_load_fifo\ * \UART_PSOC:BUART:rx_fifofull\
        );
        Output = \UART_PSOC:BUART:rx_status_4\ (fanout=1)

    MacroCell: Name=\UART_PSOC:BUART:rx_status_5\, Mode=(Combinatorial)
        Total # of inputs        : 2
        Total # of product terms : 1
            Clock Enable: True
        Main Equation            : 1 pterm
        (
              \UART_PSOC:BUART:rx_fifonotempty\ * 
              \UART_PSOC:BUART:rx_state_stop1_reg\
        );
        Output = \UART_PSOC:BUART:rx_status_5\ (fanout=1)

    MacroCell: Name=\ADC_SA1:AMuxHw_2_Decoder_is_active\, Mode=(Combinatorial)
        Total # of inputs        : 9
        Total # of product terms : 5
            Clock Enable: True
        Main Equation            : 5 pterms
        !(
              !\ADC_SA1:AMuxHw_2_Decoder_old_id_5\ * \ADC_SA1:ch_addr_5\
            + !\ADC_SA1:AMuxHw_2_Decoder_old_id_4\ * \ADC_SA1:ch_addr_4\
            + !\ADC_SA1:AMuxHw_2_Decoder_old_id_3\ * \ADC_SA1:ch_addr_3\
            + !\ADC_SA1:AMuxHw_2_Decoder_old_id_2\ * \ADC_SA1:ch_addr_2\
            + \ADC_SA1:AMuxHw_2_Decoder_is_active_split\
        );
        Output = \ADC_SA1:AMuxHw_2_Decoder_is_active\ (fanout=64)
        Properties               : 
        {
            soft = 1
        }

    MacroCell: Name=\ADC_SA1:bSAR_SEQ:cnt_enable\, Mode=(Combinatorial)
        Total # of inputs        : 2
        Total # of product terms : 1
            Clock Enable: True
        Main Equation            : 1 pterm
        !(
              !Net_24 * !\ADC_SA1:bSAR_SEQ:load_period\
        );
        Output = \ADC_SA1:bSAR_SEQ:cnt_enable\ (fanout=1)

    MacroCell: Name=Net_134, Mode=(Combinatorial)
        Total # of inputs        : 1
        Total # of product terms : 1
            Clock Enable: True
        Main Equation            : 1 pterm
        (
              !\UART_ESP:BUART:txn\
        );
        Output = Net_134 (fanout=1)

    MacroCell: Name=\UART_ESP:BUART:counter_load_not\, Mode=(Combinatorial)
        Total # of inputs        : 4
        Total # of product terms : 2
            Clock Enable: True
        Main Equation            : 2 pterms
        !(
              !\UART_ESP:BUART:tx_state_1\ * !\UART_ESP:BUART:tx_state_0\ * 
              \UART_ESP:BUART:tx_bitclk_enable_pre\
            + !\UART_ESP:BUART:tx_state_1\ * !\UART_ESP:BUART:tx_state_0\ * 
              !\UART_ESP:BUART:tx_state_2\
        );
        Output = \UART_ESP:BUART:counter_load_not\ (fanout=1)

    MacroCell: Name=\UART_ESP:BUART:tx_status_0\, Mode=(Combinatorial)
        Total # of inputs        : 5
        Total # of product terms : 1
            Clock Enable: True
        Main Equation            : 1 pterm
        (
              !\UART_ESP:BUART:tx_state_1\ * !\UART_ESP:BUART:tx_state_0\ * 
              \UART_ESP:BUART:tx_bitclk_enable_pre\ * 
              \UART_ESP:BUART:tx_fifo_empty\ * \UART_ESP:BUART:tx_state_2\
        );
        Output = \UART_ESP:BUART:tx_status_0\ (fanout=1)

    MacroCell: Name=\UART_ESP:BUART:tx_status_2\, Mode=(Combinatorial)
        Total # of inputs        : 1
        Total # of product terms : 1
            Clock Enable: True
        Main Equation            : 1 pterm
        (
              !\UART_ESP:BUART:tx_fifo_notfull\
        );
        Output = \UART_ESP:BUART:tx_status_2\ (fanout=1)

    MacroCell: Name=\UART_ESP:BUART:rx_counter_load\, Mode=(Combinatorial)
        Total # of inputs        : 4
        Total # of product terms : 1
            Clock Enable: True
        Main Equation            : 1 pterm
        (
              !\UART_ESP:BUART:tx_ctrl_mark_last\ * 
              !\UART_ESP:BUART:rx_state_0\ * !\UART_ESP:BUART:rx_state_3\ * 
              !\UART_ESP:BUART:rx_state_2\
        );
        Output = \UART_ESP:BUART:rx_counter_load\ (fanout=1)

    MacroCell: Name=\UART_ESP:BUART:rx_postpoll\, Mode=(Combinatorial)
        Total # of inputs        : 3
        Total # of product terms : 2
            Clock Enable: True
        Main Equation            : 2 pterms
        (
              \UART_ESP:BUART:pollcount_1\
            + Net_130 * \UART_ESP:BUART:pollcount_0\
        );
        Output = \UART_ESP:BUART:rx_postpoll\ (fanout=1)

    MacroCell: Name=\UART_ESP:BUART:rx_status_4\, Mode=(Combinatorial)
        Total # of inputs        : 2
        Total # of product terms : 1
            Clock Enable: True
        Main Equation            : 1 pterm
        (
              \UART_ESP:BUART:rx_load_fifo\ * \UART_ESP:BUART:rx_fifofull\
        );
        Output = \UART_ESP:BUART:rx_status_4\ (fanout=1)

    MacroCell: Name=\UART_ESP:BUART:rx_status_5\, Mode=(Combinatorial)
        Total # of inputs        : 2
        Total # of product terms : 1
            Clock Enable: True
        Main Equation            : 1 pterm
        (
              \UART_ESP:BUART:rx_fifonotempty\ * 
              \UART_ESP:BUART:rx_state_stop1_reg\
        );
        Output = \UART_ESP:BUART:rx_status_5\ (fanout=1)

    MacroCell: Name=\PWM:PWMUDB:status_2\, Mode=(Combinatorial)
        Total # of inputs        : 2
        Total # of product terms : 1
            Clock Enable: True
        Main Equation            : 1 pterm
        (
              \PWM:PWMUDB:runmode_enable\ * \PWM:PWMUDB:tc_i\
        );
        Output = \PWM:PWMUDB:status_2\ (fanout=1)

    MacroCell: Name=__ONE__, Mode=(Combinatorial)
        Total # of inputs        : 0
        Total # of product terms : 0
            Clock Enable: True
        Main Equation            : 0 pterms
        !(
            0
        );
        Output = __ONE__ (fanout=1)

    MacroCell: Name=\UART_PSOC:BUART:txn\, Mode=(D-Register)
        Total # of inputs        : 7
        Total # of product terms : 5
        List of special equations: 
            Clock  = (\UART_PSOC:Net_9\) => Global
            Clock Enable: True
        Main Equation            : 5 pterms
        (
              \UART_PSOC:BUART:txn\ * \UART_PSOC:BUART:tx_state_1\ * 
              !\UART_PSOC:BUART:tx_bitclk\
            + \UART_PSOC:BUART:txn\ * \UART_PSOC:BUART:tx_state_2\
            + !\UART_PSOC:BUART:tx_state_1\ * \UART_PSOC:BUART:tx_state_0\ * 
              !\UART_PSOC:BUART:tx_shift_out\ * !\UART_PSOC:BUART:tx_state_2\
            + !\UART_PSOC:BUART:tx_state_1\ * \UART_PSOC:BUART:tx_state_0\ * 
              !\UART_PSOC:BUART:tx_state_2\ * !\UART_PSOC:BUART:tx_bitclk\
            + \UART_PSOC:BUART:tx_state_1\ * !\UART_PSOC:BUART:tx_state_0\ * 
              !\UART_PSOC:BUART:tx_shift_out\ * !\UART_PSOC:BUART:tx_state_2\ * 
              !\UART_PSOC:BUART:tx_counter_dp\ * \UART_PSOC:BUART:tx_bitclk\
        );
        Output = \UART_PSOC:BUART:txn\ (fanout=2)

    MacroCell: Name=\UART_PSOC:BUART:tx_state_1\, Mode=(T-Register)
        Total # of inputs        : 6
        Total # of product terms : 3
        List of special equations: 
            Clock  = (\UART_PSOC:Net_9\) => Global
            Clock Enable: True
        Main Equation            : 3 pterms
        (
              \UART_PSOC:BUART:tx_state_1\ * \UART_PSOC:BUART:tx_state_0\ * 
              \UART_PSOC:BUART:tx_bitclk_enable_pre\ * 
              \UART_PSOC:BUART:tx_state_2\
            + \UART_PSOC:BUART:tx_state_1\ * !\UART_PSOC:BUART:tx_state_2\ * 
              \UART_PSOC:BUART:tx_counter_dp\ * \UART_PSOC:BUART:tx_bitclk\
            + \UART_PSOC:BUART:tx_state_0\ * !\UART_PSOC:BUART:tx_state_2\ * 
              \UART_PSOC:BUART:tx_bitclk\
        );
        Output = \UART_PSOC:BUART:tx_state_1\ (fanout=8)

    MacroCell: Name=\UART_PSOC:BUART:tx_state_0\, Mode=(T-Register)
        Total # of inputs        : 6
        Total # of product terms : 4
        List of special equations: 
            Clock  = (\UART_PSOC:Net_9\) => Global
            Clock Enable: True
        Main Equation            : 4 pterms
        (
              !\UART_PSOC:BUART:tx_state_1\ * !\UART_PSOC:BUART:tx_state_0\ * 
              \UART_PSOC:BUART:tx_bitclk_enable_pre\ * 
              !\UART_PSOC:BUART:tx_fifo_empty\
            + !\UART_PSOC:BUART:tx_state_1\ * !\UART_PSOC:BUART:tx_state_0\ * 
              !\UART_PSOC:BUART:tx_fifo_empty\ * 
              !\UART_PSOC:BUART:tx_state_2\
            + \UART_PSOC:BUART:tx_state_1\ * \UART_PSOC:BUART:tx_state_0\ * 
              \UART_PSOC:BUART:tx_bitclk_enable_pre\ * 
              \UART_PSOC:BUART:tx_fifo_empty\ * \UART_PSOC:BUART:tx_state_2\
            + \UART_PSOC:BUART:tx_state_0\ * !\UART_PSOC:BUART:tx_state_2\ * 
              \UART_PSOC:BUART:tx_bitclk\
        );
        Output = \UART_PSOC:BUART:tx_state_0\ (fanout=8)

    MacroCell: Name=\UART_PSOC:BUART:tx_state_2\, Mode=(T-Register)
        Total # of inputs        : 6
        Total # of product terms : 4
        List of special equations: 
            Clock  = (\UART_PSOC:Net_9\) => Global
            Clock Enable: True
        Main Equation            : 4 pterms
        (
              !\UART_PSOC:BUART:tx_state_1\ * !\UART_PSOC:BUART:tx_state_0\ * 
              \UART_PSOC:BUART:tx_bitclk_enable_pre\ * 
              \UART_PSOC:BUART:tx_state_2\
            + \UART_PSOC:BUART:tx_state_1\ * \UART_PSOC:BUART:tx_state_0\ * 
              \UART_PSOC:BUART:tx_bitclk_enable_pre\ * 
              \UART_PSOC:BUART:tx_state_2\
            + \UART_PSOC:BUART:tx_state_1\ * \UART_PSOC:BUART:tx_state_0\ * 
              !\UART_PSOC:BUART:tx_state_2\ * \UART_PSOC:BUART:tx_bitclk\
            + \UART_PSOC:BUART:tx_state_1\ * !\UART_PSOC:BUART:tx_state_2\ * 
              \UART_PSOC:BUART:tx_counter_dp\ * \UART_PSOC:BUART:tx_bitclk\
        );
        Output = \UART_PSOC:BUART:tx_state_2\ (fanout=7)

    MacroCell: Name=\UART_PSOC:BUART:tx_bitclk\, Mode=(D-Register)
        Total # of inputs        : 4
        Total # of product terms : 2
        List of special equations: 
            Clock  = (\UART_PSOC:Net_9\) => Global
            Clock Enable: True
        Main Equation            : 2 pterms
        !(
              !\UART_PSOC:BUART:tx_state_1\ * !\UART_PSOC:BUART:tx_state_0\ * 
              \UART_PSOC:BUART:tx_state_2\
            + !\UART_PSOC:BUART:tx_bitclk_enable_pre\
        );
        Output = \UART_PSOC:BUART:tx_bitclk\ (fanout=4)

    MacroCell: Name=\UART_PSOC:BUART:tx_ctrl_mark_last\, Mode=(T-Register)
        Total # of inputs        : 0
        Total # of product terms : 0
        List of special equations: 
            Clock  = (\UART_PSOC:Net_9\) => Global
            Clock Enable: True
        Main Equation            : 0 pterms
        (
            0
        );
        Output = \UART_PSOC:BUART:tx_ctrl_mark_last\ (fanout=8)

    MacroCell: Name=\UART_PSOC:BUART:rx_state_0\, Mode=(T-Register)
        Total # of inputs        : 11
        Total # of product terms : 4
        List of special equations: 
            Clock  = (\UART_PSOC:Net_9\) => Global
            Clock Enable: True
        Main Equation            : 4 pterms
        (
              !\UART_PSOC:BUART:tx_ctrl_mark_last\ * 
              !\UART_PSOC:BUART:rx_state_0\ * 
              \UART_PSOC:BUART:rx_bitclk_enable\ * 
              !\UART_PSOC:BUART:rx_state_3\ * \UART_PSOC:BUART:rx_state_2\ * 
              !Net_5 * !MODIN3_1
            + !\UART_PSOC:BUART:tx_ctrl_mark_last\ * 
              !\UART_PSOC:BUART:rx_state_0\ * 
              \UART_PSOC:BUART:rx_bitclk_enable\ * 
              !\UART_PSOC:BUART:rx_state_3\ * \UART_PSOC:BUART:rx_state_2\ * 
              !MODIN3_1 * !MODIN3_0
            + !\UART_PSOC:BUART:tx_ctrl_mark_last\ * 
              \UART_PSOC:BUART:rx_state_0\ * !\UART_PSOC:BUART:rx_state_3\ * 
              !\UART_PSOC:BUART:rx_state_2\ * !MODIN6_6 * !MODIN6_5
            + !\UART_PSOC:BUART:tx_ctrl_mark_last\ * 
              \UART_PSOC:BUART:rx_state_0\ * !\UART_PSOC:BUART:rx_state_3\ * 
              !\UART_PSOC:BUART:rx_state_2\ * !MODIN6_6 * !MODIN6_4
        );
        Output = \UART_PSOC:BUART:rx_state_0\ (fanout=8)

    MacroCell: Name=\UART_PSOC:BUART:rx_load_fifo\, Mode=(D-Register)
        Total # of inputs        : 8
        Total # of product terms : 3
        List of special equations: 
            Clock  = (\UART_PSOC:Net_9\) => Global
            Clock Enable: True
        Main Equation            : 3 pterms
        (
              !\UART_PSOC:BUART:tx_ctrl_mark_last\ * 
              !\UART_PSOC:BUART:rx_state_0\ * 
              \UART_PSOC:BUART:rx_bitclk_enable\ * 
              \UART_PSOC:BUART:rx_state_3\ * !\UART_PSOC:BUART:rx_state_2\
            + !\UART_PSOC:BUART:tx_ctrl_mark_last\ * 
              \UART_PSOC:BUART:rx_state_0\ * !\UART_PSOC:BUART:rx_state_3\ * 
              !\UART_PSOC:BUART:rx_state_2\ * !MODIN6_6 * !MODIN6_5
            + !\UART_PSOC:BUART:tx_ctrl_mark_last\ * 
              \UART_PSOC:BUART:rx_state_0\ * !\UART_PSOC:BUART:rx_state_3\ * 
              !\UART_PSOC:BUART:rx_state_2\ * !MODIN6_6 * !MODIN6_4
        );
        Output = \UART_PSOC:BUART:rx_load_fifo\ (fanout=2)

    MacroCell: Name=\UART_PSOC:BUART:rx_state_3\, Mode=(T-Register)
        Total # of inputs        : 8
        Total # of product terms : 3
        List of special equations: 
            Clock  = (\UART_PSOC:Net_9\) => Global
            Clock Enable: True
        Main Equation            : 3 pterms
        (
              !\UART_PSOC:BUART:tx_ctrl_mark_last\ * 
              !\UART_PSOC:BUART:rx_state_0\ * 
              \UART_PSOC:BUART:rx_bitclk_enable\ * 
              \UART_PSOC:BUART:rx_state_3\ * \UART_PSOC:BUART:rx_state_2\
            + !\UART_PSOC:BUART:tx_ctrl_mark_last\ * 
              \UART_PSOC:BUART:rx_state_0\ * !\UART_PSOC:BUART:rx_state_3\ * 
              !\UART_PSOC:BUART:rx_state_2\ * !MODIN6_6 * !MODIN6_5
            + !\UART_PSOC:BUART:tx_ctrl_mark_last\ * 
              \UART_PSOC:BUART:rx_state_0\ * !\UART_PSOC:BUART:rx_state_3\ * 
              !\UART_PSOC:BUART:rx_state_2\ * !MODIN6_6 * !MODIN6_4
        );
        Output = \UART_PSOC:BUART:rx_state_3\ (fanout=7)

    MacroCell: Name=\UART_PSOC:BUART:rx_state_2\, Mode=(T-Register)
        Total # of inputs        : 10
        Total # of product terms : 5
        List of special equations: 
            Clock  = (\UART_PSOC:Net_9\) => Global
            Clock Enable: True
        Main Equation            : 5 pterms
        (
              !\UART_PSOC:BUART:tx_ctrl_mark_last\ * 
              !\UART_PSOC:BUART:rx_state_0\ * 
              \UART_PSOC:BUART:rx_bitclk_enable\ * 
              \UART_PSOC:BUART:rx_state_3\
            + !\UART_PSOC:BUART:tx_ctrl_mark_last\ * 
              !\UART_PSOC:BUART:rx_state_0\ * 
              \UART_PSOC:BUART:rx_bitclk_enable\ * 
              \UART_PSOC:BUART:rx_state_2\
            + !\UART_PSOC:BUART:tx_ctrl_mark_last\ * 
              !\UART_PSOC:BUART:rx_state_0\ * !\UART_PSOC:BUART:rx_state_3\ * 
              !\UART_PSOC:BUART:rx_state_2\ * !Net_5 * 
              \UART_PSOC:BUART:rx_last\
            + !\UART_PSOC:BUART:tx_ctrl_mark_last\ * 
              \UART_PSOC:BUART:rx_state_0\ * !\UART_PSOC:BUART:rx_state_3\ * 
              !\UART_PSOC:BUART:rx_state_2\ * !MODIN6_6 * !MODIN6_5
            + !\UART_PSOC:BUART:tx_ctrl_mark_last\ * 
              \UART_PSOC:BUART:rx_state_0\ * !\UART_PSOC:BUART:rx_state_3\ * 
              !\UART_PSOC:BUART:rx_state_2\ * !MODIN6_6 * !MODIN6_4
        );
        Output = \UART_PSOC:BUART:rx_state_2\ (fanout=7)

    MacroCell: Name=\UART_PSOC:BUART:rx_bitclk_enable\, Mode=(D-Register)
        Total # of inputs        : 3
        Total # of product terms : 1
        List of special equations: 
            Clock  = (\UART_PSOC:Net_9\) => Global
            Clock Enable: True
        Main Equation            : 1 pterm
        (
              !\UART_PSOC:BUART:rx_count_2\ * !\UART_PSOC:BUART:rx_count_1\ * 
              !\UART_PSOC:BUART:rx_count_0\
        );
        Output = \UART_PSOC:BUART:rx_bitclk_enable\ (fanout=6)

    MacroCell: Name=\UART_PSOC:BUART:rx_state_stop1_reg\, Mode=(D-Register)
        Total # of inputs        : 4
        Total # of product terms : 1
        List of special equations: 
            Clock  = (\UART_PSOC:Net_9\) => Global
            Clock Enable: True
        Main Equation            : 1 pterm
        !(
              !\UART_PSOC:BUART:tx_ctrl_mark_last\ * 
              !\UART_PSOC:BUART:rx_state_0\ * \UART_PSOC:BUART:rx_state_3\ * 
              \UART_PSOC:BUART:rx_state_2\
        );
        Output = \UART_PSOC:BUART:rx_state_stop1_reg\ (fanout=1)

    MacroCell: Name=MODIN3_1, Mode=(D-Register)
        Total # of inputs        : 5
        Total # of product terms : 3
        List of special equations: 
            Clock  = (\UART_PSOC:Net_9\) => Global
            Clock Enable: True
        Main Equation            : 3 pterms
        (
              !\UART_PSOC:BUART:rx_count_2\ * !\UART_PSOC:BUART:rx_count_1\ * 
              !Net_5 * MODIN3_1
            + !\UART_PSOC:BUART:rx_count_2\ * !\UART_PSOC:BUART:rx_count_1\ * 
              Net_5 * !MODIN3_1 * MODIN3_0
            + !\UART_PSOC:BUART:rx_count_2\ * !\UART_PSOC:BUART:rx_count_1\ * 
              MODIN3_1 * !MODIN3_0
        );
        Output = MODIN3_1 (fanout=4)

    MacroCell: Name=MODIN3_0, Mode=(D-Register)
        Total # of inputs        : 4
        Total # of product terms : 2
        List of special equations: 
            Clock  = (\UART_PSOC:Net_9\) => Global
            Clock Enable: True
        Main Equation            : 2 pterms
        (
              !\UART_PSOC:BUART:rx_count_2\ * !\UART_PSOC:BUART:rx_count_1\ * 
              !Net_5 * MODIN3_0
            + !\UART_PSOC:BUART:rx_count_2\ * !\UART_PSOC:BUART:rx_count_1\ * 
              Net_5 * !MODIN3_0
        );
        Output = MODIN3_0 (fanout=5)

    MacroCell: Name=\UART_PSOC:BUART:rx_status_3\, Mode=(D-Register)
        Total # of inputs        : 8
        Total # of product terms : 2
        List of special equations: 
            Clock  = (\UART_PSOC:Net_9\) => Global
            Clock Enable: True
        Main Equation            : 2 pterms
        (
              !\UART_PSOC:BUART:tx_ctrl_mark_last\ * 
              !\UART_PSOC:BUART:rx_state_0\ * 
              \UART_PSOC:BUART:rx_bitclk_enable\ * 
              \UART_PSOC:BUART:rx_state_3\ * \UART_PSOC:BUART:rx_state_2\ * 
              !Net_5 * !MODIN3_1
            + !\UART_PSOC:BUART:tx_ctrl_mark_last\ * 
              !\UART_PSOC:BUART:rx_state_0\ * 
              \UART_PSOC:BUART:rx_bitclk_enable\ * 
              \UART_PSOC:BUART:rx_state_3\ * \UART_PSOC:BUART:rx_state_2\ * 
              !MODIN3_1 * !MODIN3_0
        );
        Output = \UART_PSOC:BUART:rx_status_3\ (fanout=1)

    MacroCell: Name=\UART_PSOC:BUART:rx_last\, Mode=(D-Register)
        Total # of inputs        : 1
        Total # of product terms : 1
        List of special equations: 
            Clock  = (\UART_PSOC:Net_9\) => Global
            Clock Enable: True
        Main Equation            : 1 pterm
        (
              Net_5
        );
        Output = \UART_PSOC:BUART:rx_last\ (fanout=1)

    MacroCell: Name=\ADC_SA1:AMuxHw_2_Decoder_old_id_5\, Mode=(D-Register)
        Total # of inputs        : 1
        Total # of product terms : 1
        List of special equations: 
            Clock  = (\ADC_SA1:clock\) => Global
            Clock Enable: True
        Main Equation            : 1 pterm
        (
              \ADC_SA1:ch_addr_5\
        );
        Output = \ADC_SA1:AMuxHw_2_Decoder_old_id_5\ (fanout=66)

    MacroCell: Name=\ADC_SA1:AMuxHw_2_Decoder_old_id_4\, Mode=(D-Register)
        Total # of inputs        : 1
        Total # of product terms : 1
        List of special equations: 
            Clock  = (\ADC_SA1:clock\) => Global
            Clock Enable: True
        Main Equation            : 1 pterm
        (
              \ADC_SA1:ch_addr_4\
        );
        Output = \ADC_SA1:AMuxHw_2_Decoder_old_id_4\ (fanout=66)

    MacroCell: Name=\ADC_SA1:AMuxHw_2_Decoder_old_id_3\, Mode=(D-Register)
        Total # of inputs        : 1
        Total # of product terms : 1
        List of special equations: 
            Clock  = (\ADC_SA1:clock\) => Global
            Clock Enable: True
        Main Equation            : 1 pterm
        (
              \ADC_SA1:ch_addr_3\
        );
        Output = \ADC_SA1:AMuxHw_2_Decoder_old_id_3\ (fanout=66)

    MacroCell: Name=\ADC_SA1:AMuxHw_2_Decoder_old_id_2\, Mode=(D-Register)
        Total # of inputs        : 1
        Total # of product terms : 1
        List of special equations: 
            Clock  = (\ADC_SA1:clock\) => Global
            Clock Enable: True
        Main Equation            : 1 pterm
        (
              \ADC_SA1:ch_addr_2\
        );
        Output = \ADC_SA1:AMuxHw_2_Decoder_old_id_2\ (fanout=66)

    MacroCell: Name=\ADC_SA1:AMuxHw_2_Decoder_old_id_1\, Mode=(D-Register)
        Total # of inputs        : 1
        Total # of product terms : 1
        List of special equations: 
            Clock  = (\ADC_SA1:clock\) => Global
            Clock Enable: True
        Main Equation            : 1 pterm
        (
              \ADC_SA1:ch_addr_1\
        );
        Output = \ADC_SA1:AMuxHw_2_Decoder_old_id_1\ (fanout=65)

    MacroCell: Name=\ADC_SA1:AMuxHw_2_Decoder_old_id_0\, Mode=(D-Register)
        Total # of inputs        : 1
        Total # of product terms : 1
        List of special equations: 
            Clock  = (\ADC_SA1:clock\) => Global
            Clock Enable: True
        Main Equation            : 1 pterm
        (
              \ADC_SA1:ch_addr_0\
        );
        Output = \ADC_SA1:AMuxHw_2_Decoder_old_id_0\ (fanout=65)

    MacroCell: Name=\ADC_SA1:AMuxHw_2_Decoder_one_hot_0\, Mode=(D-Register)
        Total # of inputs        : 7
        Total # of product terms : 1
        List of special equations: 
            Clock  = (\ADC_SA1:clock\) => Global
            Clock Enable: True
        Main Equation            : 1 pterm
        (
              \ADC_SA1:AMuxHw_2_Decoder_is_active\ * 
              !\ADC_SA1:AMuxHw_2_Decoder_old_id_5\ * 
              !\ADC_SA1:AMuxHw_2_Decoder_old_id_4\ * 
              !\ADC_SA1:AMuxHw_2_Decoder_old_id_3\ * 
              !\ADC_SA1:AMuxHw_2_Decoder_old_id_2\ * 
              !\ADC_SA1:AMuxHw_2_Decoder_old_id_1\ * 
              !\ADC_SA1:AMuxHw_2_Decoder_old_id_0\
        );
        Output = \ADC_SA1:AMuxHw_2_Decoder_one_hot_0\ (fanout=1)

    MacroCell: Name=\ADC_SA1:AMuxHw_2_Decoder_one_hot_1\, Mode=(D-Register)
        Total # of inputs        : 7
        Total # of product terms : 1
        List of special equations: 
            Clock  = (\ADC_SA1:clock\) => Global
            Clock Enable: True
        Main Equation            : 1 pterm
        (
              \ADC_SA1:AMuxHw_2_Decoder_is_active\ * 
              !\ADC_SA1:AMuxHw_2_Decoder_old_id_5\ * 
              !\ADC_SA1:AMuxHw_2_Decoder_old_id_4\ * 
              !\ADC_SA1:AMuxHw_2_Decoder_old_id_3\ * 
              !\ADC_SA1:AMuxHw_2_Decoder_old_id_2\ * 
              !\ADC_SA1:AMuxHw_2_Decoder_old_id_1\ * 
              \ADC_SA1:AMuxHw_2_Decoder_old_id_0\
        );
        Output = \ADC_SA1:AMuxHw_2_Decoder_one_hot_1\ (fanout=1)

    MacroCell: Name=\ADC_SA1:AMuxHw_2_Decoder_one_hot_2\, Mode=(D-Register)
        Total # of inputs        : 7
        Total # of product terms : 1
        List of special equations: 
            Clock  = (\ADC_SA1:clock\) => Global
            Clock Enable: True
        Main Equation            : 1 pterm
        (
              \ADC_SA1:AMuxHw_2_Decoder_is_active\ * 
              !\ADC_SA1:AMuxHw_2_Decoder_old_id_5\ * 
              !\ADC_SA1:AMuxHw_2_Decoder_old_id_4\ * 
              !\ADC_SA1:AMuxHw_2_Decoder_old_id_3\ * 
              !\ADC_SA1:AMuxHw_2_Decoder_old_id_2\ * 
              \ADC_SA1:AMuxHw_2_Decoder_old_id_1\ * 
              !\ADC_SA1:AMuxHw_2_Decoder_old_id_0\
        );
        Output = \ADC_SA1:AMuxHw_2_Decoder_one_hot_2\ (fanout=1)

    MacroCell: Name=\ADC_SA1:AMuxHw_2_Decoder_one_hot_3\, Mode=(D-Register)
        Total # of inputs        : 7
        Total # of product terms : 1
        List of special equations: 
            Clock  = (\ADC_SA1:clock\) => Global
            Clock Enable: True
        Main Equation            : 1 pterm
        (
              \ADC_SA1:AMuxHw_2_Decoder_is_active\ * 
              !\ADC_SA1:AMuxHw_2_Decoder_old_id_5\ * 
              !\ADC_SA1:AMuxHw_2_Decoder_old_id_4\ * 
              !\ADC_SA1:AMuxHw_2_Decoder_old_id_3\ * 
              !\ADC_SA1:AMuxHw_2_Decoder_old_id_2\ * 
              \ADC_SA1:AMuxHw_2_Decoder_old_id_1\ * 
              \ADC_SA1:AMuxHw_2_Decoder_old_id_0\
        );
        Output = \ADC_SA1:AMuxHw_2_Decoder_one_hot_3\ (fanout=1)

    MacroCell: Name=\ADC_SA1:AMuxHw_2_Decoder_one_hot_4\, Mode=(D-Register)
        Total # of inputs        : 7
        Total # of product terms : 1
        List of special equations: 
            Clock  = (\ADC_SA1:clock\) => Global
            Clock Enable: True
        Main Equation            : 1 pterm
        (
              \ADC_SA1:AMuxHw_2_Decoder_is_active\ * 
              !\ADC_SA1:AMuxHw_2_Decoder_old_id_5\ * 
              !\ADC_SA1:AMuxHw_2_Decoder_old_id_4\ * 
              !\ADC_SA1:AMuxHw_2_Decoder_old_id_3\ * 
              \ADC_SA1:AMuxHw_2_Decoder_old_id_2\ * 
              !\ADC_SA1:AMuxHw_2_Decoder_old_id_1\ * 
              !\ADC_SA1:AMuxHw_2_Decoder_old_id_0\
        );
        Output = \ADC_SA1:AMuxHw_2_Decoder_one_hot_4\ (fanout=1)

    MacroCell: Name=\ADC_SA1:AMuxHw_2_Decoder_one_hot_5\, Mode=(D-Register)
        Total # of inputs        : 7
        Total # of product terms : 1
        List of special equations: 
            Clock  = (\ADC_SA1:clock\) => Global
            Clock Enable: True
        Main Equation            : 1 pterm
        (
              \ADC_SA1:AMuxHw_2_Decoder_is_active\ * 
              !\ADC_SA1:AMuxHw_2_Decoder_old_id_5\ * 
              !\ADC_SA1:AMuxHw_2_Decoder_old_id_4\ * 
              !\ADC_SA1:AMuxHw_2_Decoder_old_id_3\ * 
              \ADC_SA1:AMuxHw_2_Decoder_old_id_2\ * 
              !\ADC_SA1:AMuxHw_2_Decoder_old_id_1\ * 
              \ADC_SA1:AMuxHw_2_Decoder_old_id_0\
        );
        Output = \ADC_SA1:AMuxHw_2_Decoder_one_hot_5\ (fanout=1)

    MacroCell: Name=\ADC_SA1:AMuxHw_2_Decoder_one_hot_6\, Mode=(D-Register)
        Total # of inputs        : 7
        Total # of product terms : 1
        List of special equations: 
            Clock  = (\ADC_SA1:clock\) => Global
            Clock Enable: True
        Main Equation            : 1 pterm
        (
              \ADC_SA1:AMuxHw_2_Decoder_is_active\ * 
              !\ADC_SA1:AMuxHw_2_Decoder_old_id_5\ * 
              !\ADC_SA1:AMuxHw_2_Decoder_old_id_4\ * 
              !\ADC_SA1:AMuxHw_2_Decoder_old_id_3\ * 
              \ADC_SA1:AMuxHw_2_Decoder_old_id_2\ * 
              \ADC_SA1:AMuxHw_2_Decoder_old_id_1\ * 
              !\ADC_SA1:AMuxHw_2_Decoder_old_id_0\
        );
        Output = \ADC_SA1:AMuxHw_2_Decoder_one_hot_6\ (fanout=1)

    MacroCell: Name=\ADC_SA1:AMuxHw_2_Decoder_one_hot_7\, Mode=(D-Register)
        Total # of inputs        : 7
        Total # of product terms : 1
        List of special equations: 
            Clock  = (\ADC_SA1:clock\) => Global
            Clock Enable: True
        Main Equation            : 1 pterm
        (
              \ADC_SA1:AMuxHw_2_Decoder_is_active\ * 
              !\ADC_SA1:AMuxHw_2_Decoder_old_id_5\ * 
              !\ADC_SA1:AMuxHw_2_Decoder_old_id_4\ * 
              !\ADC_SA1:AMuxHw_2_Decoder_old_id_3\ * 
              \ADC_SA1:AMuxHw_2_Decoder_old_id_2\ * 
              \ADC_SA1:AMuxHw_2_Decoder_old_id_1\ * 
              \ADC_SA1:AMuxHw_2_Decoder_old_id_0\
        );
        Output = \ADC_SA1:AMuxHw_2_Decoder_one_hot_7\ (fanout=1)

    MacroCell: Name=\ADC_SA1:AMuxHw_2_Decoder_one_hot_8\, Mode=(D-Register)
        Total # of inputs        : 7
        Total # of product terms : 1
        List of special equations: 
            Clock  = (\ADC_SA1:clock\) => Global
            Clock Enable: True
        Main Equation            : 1 pterm
        (
              \ADC_SA1:AMuxHw_2_Decoder_is_active\ * 
              !\ADC_SA1:AMuxHw_2_Decoder_old_id_5\ * 
              !\ADC_SA1:AMuxHw_2_Decoder_old_id_4\ * 
              \ADC_SA1:AMuxHw_2_Decoder_old_id_3\ * 
              !\ADC_SA1:AMuxHw_2_Decoder_old_id_2\ * 
              !\ADC_SA1:AMuxHw_2_Decoder_old_id_1\ * 
              !\ADC_SA1:AMuxHw_2_Decoder_old_id_0\
        );
        Output = \ADC_SA1:AMuxHw_2_Decoder_one_hot_8\ (fanout=1)

    MacroCell: Name=\ADC_SA1:AMuxHw_2_Decoder_one_hot_9\, Mode=(D-Register)
        Total # of inputs        : 7
        Total # of product terms : 1
        List of special equations: 
            Clock  = (\ADC_SA1:clock\) => Global
            Clock Enable: True
        Main Equation            : 1 pterm
        (
              \ADC_SA1:AMuxHw_2_Decoder_is_active\ * 
              !\ADC_SA1:AMuxHw_2_Decoder_old_id_5\ * 
              !\ADC_SA1:AMuxHw_2_Decoder_old_id_4\ * 
              \ADC_SA1:AMuxHw_2_Decoder_old_id_3\ * 
              !\ADC_SA1:AMuxHw_2_Decoder_old_id_2\ * 
              !\ADC_SA1:AMuxHw_2_Decoder_old_id_1\ * 
              \ADC_SA1:AMuxHw_2_Decoder_old_id_0\
        );
        Output = \ADC_SA1:AMuxHw_2_Decoder_one_hot_9\ (fanout=1)

    MacroCell: Name=\ADC_SA1:AMuxHw_2_Decoder_one_hot_10\, Mode=(D-Register)
        Total # of inputs        : 7
        Total # of product terms : 1
        List of special equations: 
            Clock  = (\ADC_SA1:clock\) => Global
            Clock Enable: True
        Main Equation            : 1 pterm
        (
              \ADC_SA1:AMuxHw_2_Decoder_is_active\ * 
              !\ADC_SA1:AMuxHw_2_Decoder_old_id_5\ * 
              !\ADC_SA1:AMuxHw_2_Decoder_old_id_4\ * 
              \ADC_SA1:AMuxHw_2_Decoder_old_id_3\ * 
              !\ADC_SA1:AMuxHw_2_Decoder_old_id_2\ * 
              \ADC_SA1:AMuxHw_2_Decoder_old_id_1\ * 
              !\ADC_SA1:AMuxHw_2_Decoder_old_id_0\
        );
        Output = \ADC_SA1:AMuxHw_2_Decoder_one_hot_10\ (fanout=1)

    MacroCell: Name=\ADC_SA1:AMuxHw_2_Decoder_one_hot_11\, Mode=(D-Register)
        Total # of inputs        : 7
        Total # of product terms : 1
        List of special equations: 
            Clock  = (\ADC_SA1:clock\) => Global
            Clock Enable: True
        Main Equation            : 1 pterm
        (
              \ADC_SA1:AMuxHw_2_Decoder_is_active\ * 
              !\ADC_SA1:AMuxHw_2_Decoder_old_id_5\ * 
              !\ADC_SA1:AMuxHw_2_Decoder_old_id_4\ * 
              \ADC_SA1:AMuxHw_2_Decoder_old_id_3\ * 
              !\ADC_SA1:AMuxHw_2_Decoder_old_id_2\ * 
              \ADC_SA1:AMuxHw_2_Decoder_old_id_1\ * 
              \ADC_SA1:AMuxHw_2_Decoder_old_id_0\
        );
        Output = \ADC_SA1:AMuxHw_2_Decoder_one_hot_11\ (fanout=1)

    MacroCell: Name=\ADC_SA1:AMuxHw_2_Decoder_one_hot_12\, Mode=(D-Register)
        Total # of inputs        : 7
        Total # of product terms : 1
        List of special equations: 
            Clock  = (\ADC_SA1:clock\) => Global
            Clock Enable: True
        Main Equation            : 1 pterm
        (
              \ADC_SA1:AMuxHw_2_Decoder_is_active\ * 
              !\ADC_SA1:AMuxHw_2_Decoder_old_id_5\ * 
              !\ADC_SA1:AMuxHw_2_Decoder_old_id_4\ * 
              \ADC_SA1:AMuxHw_2_Decoder_old_id_3\ * 
              \ADC_SA1:AMuxHw_2_Decoder_old_id_2\ * 
              !\ADC_SA1:AMuxHw_2_Decoder_old_id_1\ * 
              !\ADC_SA1:AMuxHw_2_Decoder_old_id_0\
        );
        Output = \ADC_SA1:AMuxHw_2_Decoder_one_hot_12\ (fanout=1)

    MacroCell: Name=\ADC_SA1:AMuxHw_2_Decoder_one_hot_13\, Mode=(D-Register)
        Total # of inputs        : 7
        Total # of product terms : 1
        List of special equations: 
            Clock  = (\ADC_SA1:clock\) => Global
            Clock Enable: True
        Main Equation            : 1 pterm
        (
              \ADC_SA1:AMuxHw_2_Decoder_is_active\ * 
              !\ADC_SA1:AMuxHw_2_Decoder_old_id_5\ * 
              !\ADC_SA1:AMuxHw_2_Decoder_old_id_4\ * 
              \ADC_SA1:AMuxHw_2_Decoder_old_id_3\ * 
              \ADC_SA1:AMuxHw_2_Decoder_old_id_2\ * 
              !\ADC_SA1:AMuxHw_2_Decoder_old_id_1\ * 
              \ADC_SA1:AMuxHw_2_Decoder_old_id_0\
        );
        Output = \ADC_SA1:AMuxHw_2_Decoder_one_hot_13\ (fanout=1)

    MacroCell: Name=\ADC_SA1:AMuxHw_2_Decoder_one_hot_14\, Mode=(D-Register)
        Total # of inputs        : 7
        Total # of product terms : 1
        List of special equations: 
            Clock  = (\ADC_SA1:clock\) => Global
            Clock Enable: True
        Main Equation            : 1 pterm
        (
              \ADC_SA1:AMuxHw_2_Decoder_is_active\ * 
              !\ADC_SA1:AMuxHw_2_Decoder_old_id_5\ * 
              !\ADC_SA1:AMuxHw_2_Decoder_old_id_4\ * 
              \ADC_SA1:AMuxHw_2_Decoder_old_id_3\ * 
              \ADC_SA1:AMuxHw_2_Decoder_old_id_2\ * 
              \ADC_SA1:AMuxHw_2_Decoder_old_id_1\ * 
              !\ADC_SA1:AMuxHw_2_Decoder_old_id_0\
        );
        Output = \ADC_SA1:AMuxHw_2_Decoder_one_hot_14\ (fanout=1)

    MacroCell: Name=\ADC_SA1:AMuxHw_2_Decoder_one_hot_15\, Mode=(D-Register)
        Total # of inputs        : 7
        Total # of product terms : 1
        List of special equations: 
            Clock  = (\ADC_SA1:clock\) => Global
            Clock Enable: True
        Main Equation            : 1 pterm
        (
              \ADC_SA1:AMuxHw_2_Decoder_is_active\ * 
              !\ADC_SA1:AMuxHw_2_Decoder_old_id_5\ * 
              !\ADC_SA1:AMuxHw_2_Decoder_old_id_4\ * 
              \ADC_SA1:AMuxHw_2_Decoder_old_id_3\ * 
              \ADC_SA1:AMuxHw_2_Decoder_old_id_2\ * 
              \ADC_SA1:AMuxHw_2_Decoder_old_id_1\ * 
              \ADC_SA1:AMuxHw_2_Decoder_old_id_0\
        );
        Output = \ADC_SA1:AMuxHw_2_Decoder_one_hot_15\ (fanout=1)

    MacroCell: Name=\ADC_SA1:AMuxHw_2_Decoder_one_hot_16\, Mode=(D-Register)
        Total # of inputs        : 7
        Total # of product terms : 1
        List of special equations: 
            Clock  = (\ADC_SA1:clock\) => Global
            Clock Enable: True
        Main Equation            : 1 pterm
        (
              \ADC_SA1:AMuxHw_2_Decoder_is_active\ * 
              !\ADC_SA1:AMuxHw_2_Decoder_old_id_5\ * 
              \ADC_SA1:AMuxHw_2_Decoder_old_id_4\ * 
              !\ADC_SA1:AMuxHw_2_Decoder_old_id_3\ * 
              !\ADC_SA1:AMuxHw_2_Decoder_old_id_2\ * 
              !\ADC_SA1:AMuxHw_2_Decoder_old_id_1\ * 
              !\ADC_SA1:AMuxHw_2_Decoder_old_id_0\
        );
        Output = \ADC_SA1:AMuxHw_2_Decoder_one_hot_16\ (fanout=1)

    MacroCell: Name=\ADC_SA1:AMuxHw_2_Decoder_one_hot_17\, Mode=(D-Register)
        Total # of inputs        : 7
        Total # of product terms : 1
        List of special equations: 
            Clock  = (\ADC_SA1:clock\) => Global
            Clock Enable: True
        Main Equation            : 1 pterm
        (
              \ADC_SA1:AMuxHw_2_Decoder_is_active\ * 
              !\ADC_SA1:AMuxHw_2_Decoder_old_id_5\ * 
              \ADC_SA1:AMuxHw_2_Decoder_old_id_4\ * 
              !\ADC_SA1:AMuxHw_2_Decoder_old_id_3\ * 
              !\ADC_SA1:AMuxHw_2_Decoder_old_id_2\ * 
              !\ADC_SA1:AMuxHw_2_Decoder_old_id_1\ * 
              \ADC_SA1:AMuxHw_2_Decoder_old_id_0\
        );
        Output = \ADC_SA1:AMuxHw_2_Decoder_one_hot_17\ (fanout=1)

    MacroCell: Name=\ADC_SA1:AMuxHw_2_Decoder_one_hot_18\, Mode=(D-Register)
        Total # of inputs        : 7
        Total # of product terms : 1
        List of special equations: 
            Clock  = (\ADC_SA1:clock\) => Global
            Clock Enable: True
        Main Equation            : 1 pterm
        (
              \ADC_SA1:AMuxHw_2_Decoder_is_active\ * 
              !\ADC_SA1:AMuxHw_2_Decoder_old_id_5\ * 
              \ADC_SA1:AMuxHw_2_Decoder_old_id_4\ * 
              !\ADC_SA1:AMuxHw_2_Decoder_old_id_3\ * 
              !\ADC_SA1:AMuxHw_2_Decoder_old_id_2\ * 
              \ADC_SA1:AMuxHw_2_Decoder_old_id_1\ * 
              !\ADC_SA1:AMuxHw_2_Decoder_old_id_0\
        );
        Output = \ADC_SA1:AMuxHw_2_Decoder_one_hot_18\ (fanout=1)

    MacroCell: Name=\ADC_SA1:AMuxHw_2_Decoder_one_hot_19\, Mode=(D-Register)
        Total # of inputs        : 7
        Total # of product terms : 1
        List of special equations: 
            Clock  = (\ADC_SA1:clock\) => Global
            Clock Enable: True
        Main Equation            : 1 pterm
        (
              \ADC_SA1:AMuxHw_2_Decoder_is_active\ * 
              !\ADC_SA1:AMuxHw_2_Decoder_old_id_5\ * 
              \ADC_SA1:AMuxHw_2_Decoder_old_id_4\ * 
              !\ADC_SA1:AMuxHw_2_Decoder_old_id_3\ * 
              !\ADC_SA1:AMuxHw_2_Decoder_old_id_2\ * 
              \ADC_SA1:AMuxHw_2_Decoder_old_id_1\ * 
              \ADC_SA1:AMuxHw_2_Decoder_old_id_0\
        );
        Output = \ADC_SA1:AMuxHw_2_Decoder_one_hot_19\ (fanout=1)

    MacroCell: Name=\ADC_SA1:AMuxHw_2_Decoder_one_hot_20\, Mode=(D-Register)
        Total # of inputs        : 7
        Total # of product terms : 1
        List of special equations: 
            Clock  = (\ADC_SA1:clock\) => Global
            Clock Enable: True
        Main Equation            : 1 pterm
        (
              \ADC_SA1:AMuxHw_2_Decoder_is_active\ * 
              !\ADC_SA1:AMuxHw_2_Decoder_old_id_5\ * 
              \ADC_SA1:AMuxHw_2_Decoder_old_id_4\ * 
              !\ADC_SA1:AMuxHw_2_Decoder_old_id_3\ * 
              \ADC_SA1:AMuxHw_2_Decoder_old_id_2\ * 
              !\ADC_SA1:AMuxHw_2_Decoder_old_id_1\ * 
              !\ADC_SA1:AMuxHw_2_Decoder_old_id_0\
        );
        Output = \ADC_SA1:AMuxHw_2_Decoder_one_hot_20\ (fanout=1)

    MacroCell: Name=\ADC_SA1:AMuxHw_2_Decoder_one_hot_21\, Mode=(D-Register)
        Total # of inputs        : 7
        Total # of product terms : 1
        List of special equations: 
            Clock  = (\ADC_SA1:clock\) => Global
            Clock Enable: True
        Main Equation            : 1 pterm
        (
              \ADC_SA1:AMuxHw_2_Decoder_is_active\ * 
              !\ADC_SA1:AMuxHw_2_Decoder_old_id_5\ * 
              \ADC_SA1:AMuxHw_2_Decoder_old_id_4\ * 
              !\ADC_SA1:AMuxHw_2_Decoder_old_id_3\ * 
              \ADC_SA1:AMuxHw_2_Decoder_old_id_2\ * 
              !\ADC_SA1:AMuxHw_2_Decoder_old_id_1\ * 
              \ADC_SA1:AMuxHw_2_Decoder_old_id_0\
        );
        Output = \ADC_SA1:AMuxHw_2_Decoder_one_hot_21\ (fanout=1)

    MacroCell: Name=\ADC_SA1:AMuxHw_2_Decoder_one_hot_22\, Mode=(D-Register)
        Total # of inputs        : 7
        Total # of product terms : 1
        List of special equations: 
            Clock  = (\ADC_SA1:clock\) => Global
            Clock Enable: True
        Main Equation            : 1 pterm
        (
              \ADC_SA1:AMuxHw_2_Decoder_is_active\ * 
              !\ADC_SA1:AMuxHw_2_Decoder_old_id_5\ * 
              \ADC_SA1:AMuxHw_2_Decoder_old_id_4\ * 
              !\ADC_SA1:AMuxHw_2_Decoder_old_id_3\ * 
              \ADC_SA1:AMuxHw_2_Decoder_old_id_2\ * 
              \ADC_SA1:AMuxHw_2_Decoder_old_id_1\ * 
              !\ADC_SA1:AMuxHw_2_Decoder_old_id_0\
        );
        Output = \ADC_SA1:AMuxHw_2_Decoder_one_hot_22\ (fanout=1)

    MacroCell: Name=\ADC_SA1:AMuxHw_2_Decoder_one_hot_23\, Mode=(D-Register)
        Total # of inputs        : 7
        Total # of product terms : 1
        List of special equations: 
            Clock  = (\ADC_SA1:clock\) => Global
            Clock Enable: True
        Main Equation            : 1 pterm
        (
              \ADC_SA1:AMuxHw_2_Decoder_is_active\ * 
              !\ADC_SA1:AMuxHw_2_Decoder_old_id_5\ * 
              \ADC_SA1:AMuxHw_2_Decoder_old_id_4\ * 
              !\ADC_SA1:AMuxHw_2_Decoder_old_id_3\ * 
              \ADC_SA1:AMuxHw_2_Decoder_old_id_2\ * 
              \ADC_SA1:AMuxHw_2_Decoder_old_id_1\ * 
              \ADC_SA1:AMuxHw_2_Decoder_old_id_0\
        );
        Output = \ADC_SA1:AMuxHw_2_Decoder_one_hot_23\ (fanout=1)

    MacroCell: Name=\ADC_SA1:AMuxHw_2_Decoder_one_hot_24\, Mode=(D-Register)
        Total # of inputs        : 7
        Total # of product terms : 1
        List of special equations: 
            Clock  = (\ADC_SA1:clock\) => Global
            Clock Enable: True
        Main Equation            : 1 pterm
        (
              \ADC_SA1:AMuxHw_2_Decoder_is_active\ * 
              !\ADC_SA1:AMuxHw_2_Decoder_old_id_5\ * 
              \ADC_SA1:AMuxHw_2_Decoder_old_id_4\ * 
              \ADC_SA1:AMuxHw_2_Decoder_old_id_3\ * 
              !\ADC_SA1:AMuxHw_2_Decoder_old_id_2\ * 
              !\ADC_SA1:AMuxHw_2_Decoder_old_id_1\ * 
              !\ADC_SA1:AMuxHw_2_Decoder_old_id_0\
        );
        Output = \ADC_SA1:AMuxHw_2_Decoder_one_hot_24\ (fanout=1)

    MacroCell: Name=\ADC_SA1:AMuxHw_2_Decoder_one_hot_25\, Mode=(D-Register)
        Total # of inputs        : 7
        Total # of product terms : 1
        List of special equations: 
            Clock  = (\ADC_SA1:clock\) => Global
            Clock Enable: True
        Main Equation            : 1 pterm
        (
              \ADC_SA1:AMuxHw_2_Decoder_is_active\ * 
              !\ADC_SA1:AMuxHw_2_Decoder_old_id_5\ * 
              \ADC_SA1:AMuxHw_2_Decoder_old_id_4\ * 
              \ADC_SA1:AMuxHw_2_Decoder_old_id_3\ * 
              !\ADC_SA1:AMuxHw_2_Decoder_old_id_2\ * 
              !\ADC_SA1:AMuxHw_2_Decoder_old_id_1\ * 
              \ADC_SA1:AMuxHw_2_Decoder_old_id_0\
        );
        Output = \ADC_SA1:AMuxHw_2_Decoder_one_hot_25\ (fanout=1)

    MacroCell: Name=\ADC_SA1:AMuxHw_2_Decoder_one_hot_26\, Mode=(D-Register)
        Total # of inputs        : 7
        Total # of product terms : 1
        List of special equations: 
            Clock  = (\ADC_SA1:clock\) => Global
            Clock Enable: True
        Main Equation            : 1 pterm
        (
              \ADC_SA1:AMuxHw_2_Decoder_is_active\ * 
              !\ADC_SA1:AMuxHw_2_Decoder_old_id_5\ * 
              \ADC_SA1:AMuxHw_2_Decoder_old_id_4\ * 
              \ADC_SA1:AMuxHw_2_Decoder_old_id_3\ * 
              !\ADC_SA1:AMuxHw_2_Decoder_old_id_2\ * 
              \ADC_SA1:AMuxHw_2_Decoder_old_id_1\ * 
              !\ADC_SA1:AMuxHw_2_Decoder_old_id_0\
        );
        Output = \ADC_SA1:AMuxHw_2_Decoder_one_hot_26\ (fanout=1)

    MacroCell: Name=\ADC_SA1:AMuxHw_2_Decoder_one_hot_27\, Mode=(D-Register)
        Total # of inputs        : 7
        Total # of product terms : 1
        List of special equations: 
            Clock  = (\ADC_SA1:clock\) => Global
            Clock Enable: True
        Main Equation            : 1 pterm
        (
              \ADC_SA1:AMuxHw_2_Decoder_is_active\ * 
              !\ADC_SA1:AMuxHw_2_Decoder_old_id_5\ * 
              \ADC_SA1:AMuxHw_2_Decoder_old_id_4\ * 
              \ADC_SA1:AMuxHw_2_Decoder_old_id_3\ * 
              !\ADC_SA1:AMuxHw_2_Decoder_old_id_2\ * 
              \ADC_SA1:AMuxHw_2_Decoder_old_id_1\ * 
              \ADC_SA1:AMuxHw_2_Decoder_old_id_0\
        );
        Output = \ADC_SA1:AMuxHw_2_Decoder_one_hot_27\ (fanout=1)

    MacroCell: Name=\ADC_SA1:AMuxHw_2_Decoder_one_hot_28\, Mode=(D-Register)
        Total # of inputs        : 7
        Total # of product terms : 1
        List of special equations: 
            Clock  = (\ADC_SA1:clock\) => Global
            Clock Enable: True
        Main Equation            : 1 pterm
        (
              \ADC_SA1:AMuxHw_2_Decoder_is_active\ * 
              !\ADC_SA1:AMuxHw_2_Decoder_old_id_5\ * 
              \ADC_SA1:AMuxHw_2_Decoder_old_id_4\ * 
              \ADC_SA1:AMuxHw_2_Decoder_old_id_3\ * 
              \ADC_SA1:AMuxHw_2_Decoder_old_id_2\ * 
              !\ADC_SA1:AMuxHw_2_Decoder_old_id_1\ * 
              !\ADC_SA1:AMuxHw_2_Decoder_old_id_0\
        );
        Output = \ADC_SA1:AMuxHw_2_Decoder_one_hot_28\ (fanout=1)

    MacroCell: Name=\ADC_SA1:AMuxHw_2_Decoder_one_hot_29\, Mode=(D-Register)
        Total # of inputs        : 7
        Total # of product terms : 1
        List of special equations: 
            Clock  = (\ADC_SA1:clock\) => Global
            Clock Enable: True
        Main Equation            : 1 pterm
        (
              \ADC_SA1:AMuxHw_2_Decoder_is_active\ * 
              !\ADC_SA1:AMuxHw_2_Decoder_old_id_5\ * 
              \ADC_SA1:AMuxHw_2_Decoder_old_id_4\ * 
              \ADC_SA1:AMuxHw_2_Decoder_old_id_3\ * 
              \ADC_SA1:AMuxHw_2_Decoder_old_id_2\ * 
              !\ADC_SA1:AMuxHw_2_Decoder_old_id_1\ * 
              \ADC_SA1:AMuxHw_2_Decoder_old_id_0\
        );
        Output = \ADC_SA1:AMuxHw_2_Decoder_one_hot_29\ (fanout=1)

    MacroCell: Name=\ADC_SA1:AMuxHw_2_Decoder_one_hot_30\, Mode=(D-Register)
        Total # of inputs        : 7
        Total # of product terms : 1
        List of special equations: 
            Clock  = (\ADC_SA1:clock\) => Global
            Clock Enable: True
        Main Equation            : 1 pterm
        (
              \ADC_SA1:AMuxHw_2_Decoder_is_active\ * 
              !\ADC_SA1:AMuxHw_2_Decoder_old_id_5\ * 
              \ADC_SA1:AMuxHw_2_Decoder_old_id_4\ * 
              \ADC_SA1:AMuxHw_2_Decoder_old_id_3\ * 
              \ADC_SA1:AMuxHw_2_Decoder_old_id_2\ * 
              \ADC_SA1:AMuxHw_2_Decoder_old_id_1\ * 
              !\ADC_SA1:AMuxHw_2_Decoder_old_id_0\
        );
        Output = \ADC_SA1:AMuxHw_2_Decoder_one_hot_30\ (fanout=1)

    MacroCell: Name=\ADC_SA1:AMuxHw_2_Decoder_one_hot_31\, Mode=(D-Register)
        Total # of inputs        : 7
        Total # of product terms : 1
        List of special equations: 
            Clock  = (\ADC_SA1:clock\) => Global
            Clock Enable: True
        Main Equation            : 1 pterm
        (
              \ADC_SA1:AMuxHw_2_Decoder_is_active\ * 
              !\ADC_SA1:AMuxHw_2_Decoder_old_id_5\ * 
              \ADC_SA1:AMuxHw_2_Decoder_old_id_4\ * 
              \ADC_SA1:AMuxHw_2_Decoder_old_id_3\ * 
              \ADC_SA1:AMuxHw_2_Decoder_old_id_2\ * 
              \ADC_SA1:AMuxHw_2_Decoder_old_id_1\ * 
              \ADC_SA1:AMuxHw_2_Decoder_old_id_0\
        );
        Output = \ADC_SA1:AMuxHw_2_Decoder_one_hot_31\ (fanout=1)

    MacroCell: Name=\ADC_SA1:AMuxHw_2_Decoder_one_hot_32\, Mode=(D-Register)
        Total # of inputs        : 7
        Total # of product terms : 1
        List of special equations: 
            Clock  = (\ADC_SA1:clock\) => Global
            Clock Enable: True
        Main Equation            : 1 pterm
        (
              \ADC_SA1:AMuxHw_2_Decoder_is_active\ * 
              \ADC_SA1:AMuxHw_2_Decoder_old_id_5\ * 
              !\ADC_SA1:AMuxHw_2_Decoder_old_id_4\ * 
              !\ADC_SA1:AMuxHw_2_Decoder_old_id_3\ * 
              !\ADC_SA1:AMuxHw_2_Decoder_old_id_2\ * 
              !\ADC_SA1:AMuxHw_2_Decoder_old_id_1\ * 
              !\ADC_SA1:AMuxHw_2_Decoder_old_id_0\
        );
        Output = \ADC_SA1:AMuxHw_2_Decoder_one_hot_32\ (fanout=1)

    MacroCell: Name=\ADC_SA1:AMuxHw_2_Decoder_one_hot_33\, Mode=(D-Register)
        Total # of inputs        : 7
        Total # of product terms : 1
        List of special equations: 
            Clock  = (\ADC_SA1:clock\) => Global
            Clock Enable: True
        Main Equation            : 1 pterm
        (
              \ADC_SA1:AMuxHw_2_Decoder_is_active\ * 
              \ADC_SA1:AMuxHw_2_Decoder_old_id_5\ * 
              !\ADC_SA1:AMuxHw_2_Decoder_old_id_4\ * 
              !\ADC_SA1:AMuxHw_2_Decoder_old_id_3\ * 
              !\ADC_SA1:AMuxHw_2_Decoder_old_id_2\ * 
              !\ADC_SA1:AMuxHw_2_Decoder_old_id_1\ * 
              \ADC_SA1:AMuxHw_2_Decoder_old_id_0\
        );
        Output = \ADC_SA1:AMuxHw_2_Decoder_one_hot_33\ (fanout=1)

    MacroCell: Name=\ADC_SA1:AMuxHw_2_Decoder_one_hot_34\, Mode=(D-Register)
        Total # of inputs        : 7
        Total # of product terms : 1
        List of special equations: 
            Clock  = (\ADC_SA1:clock\) => Global
            Clock Enable: True
        Main Equation            : 1 pterm
        (
              \ADC_SA1:AMuxHw_2_Decoder_is_active\ * 
              \ADC_SA1:AMuxHw_2_Decoder_old_id_5\ * 
              !\ADC_SA1:AMuxHw_2_Decoder_old_id_4\ * 
              !\ADC_SA1:AMuxHw_2_Decoder_old_id_3\ * 
              !\ADC_SA1:AMuxHw_2_Decoder_old_id_2\ * 
              \ADC_SA1:AMuxHw_2_Decoder_old_id_1\ * 
              !\ADC_SA1:AMuxHw_2_Decoder_old_id_0\
        );
        Output = \ADC_SA1:AMuxHw_2_Decoder_one_hot_34\ (fanout=1)

    MacroCell: Name=\ADC_SA1:AMuxHw_2_Decoder_one_hot_35\, Mode=(D-Register)
        Total # of inputs        : 7
        Total # of product terms : 1
        List of special equations: 
            Clock  = (\ADC_SA1:clock\) => Global
            Clock Enable: True
        Main Equation            : 1 pterm
        (
              \ADC_SA1:AMuxHw_2_Decoder_is_active\ * 
              \ADC_SA1:AMuxHw_2_Decoder_old_id_5\ * 
              !\ADC_SA1:AMuxHw_2_Decoder_old_id_4\ * 
              !\ADC_SA1:AMuxHw_2_Decoder_old_id_3\ * 
              !\ADC_SA1:AMuxHw_2_Decoder_old_id_2\ * 
              \ADC_SA1:AMuxHw_2_Decoder_old_id_1\ * 
              \ADC_SA1:AMuxHw_2_Decoder_old_id_0\
        );
        Output = \ADC_SA1:AMuxHw_2_Decoder_one_hot_35\ (fanout=1)

    MacroCell: Name=\ADC_SA1:AMuxHw_2_Decoder_one_hot_36\, Mode=(D-Register)
        Total # of inputs        : 7
        Total # of product terms : 1
        List of special equations: 
            Clock  = (\ADC_SA1:clock\) => Global
            Clock Enable: True
        Main Equation            : 1 pterm
        (
              \ADC_SA1:AMuxHw_2_Decoder_is_active\ * 
              \ADC_SA1:AMuxHw_2_Decoder_old_id_5\ * 
              !\ADC_SA1:AMuxHw_2_Decoder_old_id_4\ * 
              !\ADC_SA1:AMuxHw_2_Decoder_old_id_3\ * 
              \ADC_SA1:AMuxHw_2_Decoder_old_id_2\ * 
              !\ADC_SA1:AMuxHw_2_Decoder_old_id_1\ * 
              !\ADC_SA1:AMuxHw_2_Decoder_old_id_0\
        );
        Output = \ADC_SA1:AMuxHw_2_Decoder_one_hot_36\ (fanout=1)

    MacroCell: Name=\ADC_SA1:AMuxHw_2_Decoder_one_hot_37\, Mode=(D-Register)
        Total # of inputs        : 7
        Total # of product terms : 1
        List of special equations: 
            Clock  = (\ADC_SA1:clock\) => Global
            Clock Enable: True
        Main Equation            : 1 pterm
        (
              \ADC_SA1:AMuxHw_2_Decoder_is_active\ * 
              \ADC_SA1:AMuxHw_2_Decoder_old_id_5\ * 
              !\ADC_SA1:AMuxHw_2_Decoder_old_id_4\ * 
              !\ADC_SA1:AMuxHw_2_Decoder_old_id_3\ * 
              \ADC_SA1:AMuxHw_2_Decoder_old_id_2\ * 
              !\ADC_SA1:AMuxHw_2_Decoder_old_id_1\ * 
              \ADC_SA1:AMuxHw_2_Decoder_old_id_0\
        );
        Output = \ADC_SA1:AMuxHw_2_Decoder_one_hot_37\ (fanout=1)

    MacroCell: Name=\ADC_SA1:AMuxHw_2_Decoder_one_hot_38\, Mode=(D-Register)
        Total # of inputs        : 7
        Total # of product terms : 1
        List of special equations: 
            Clock  = (\ADC_SA1:clock\) => Global
            Clock Enable: True
        Main Equation            : 1 pterm
        (
              \ADC_SA1:AMuxHw_2_Decoder_is_active\ * 
              \ADC_SA1:AMuxHw_2_Decoder_old_id_5\ * 
              !\ADC_SA1:AMuxHw_2_Decoder_old_id_4\ * 
              !\ADC_SA1:AMuxHw_2_Decoder_old_id_3\ * 
              \ADC_SA1:AMuxHw_2_Decoder_old_id_2\ * 
              \ADC_SA1:AMuxHw_2_Decoder_old_id_1\ * 
              !\ADC_SA1:AMuxHw_2_Decoder_old_id_0\
        );
        Output = \ADC_SA1:AMuxHw_2_Decoder_one_hot_38\ (fanout=1)

    MacroCell: Name=\ADC_SA1:AMuxHw_2_Decoder_one_hot_39\, Mode=(D-Register)
        Total # of inputs        : 7
        Total # of product terms : 1
        List of special equations: 
            Clock  = (\ADC_SA1:clock\) => Global
            Clock Enable: True
        Main Equation            : 1 pterm
        (
              \ADC_SA1:AMuxHw_2_Decoder_is_active\ * 
              \ADC_SA1:AMuxHw_2_Decoder_old_id_5\ * 
              !\ADC_SA1:AMuxHw_2_Decoder_old_id_4\ * 
              !\ADC_SA1:AMuxHw_2_Decoder_old_id_3\ * 
              \ADC_SA1:AMuxHw_2_Decoder_old_id_2\ * 
              \ADC_SA1:AMuxHw_2_Decoder_old_id_1\ * 
              \ADC_SA1:AMuxHw_2_Decoder_old_id_0\
        );
        Output = \ADC_SA1:AMuxHw_2_Decoder_one_hot_39\ (fanout=1)

    MacroCell: Name=\ADC_SA1:AMuxHw_2_Decoder_one_hot_40\, Mode=(D-Register)
        Total # of inputs        : 7
        Total # of product terms : 1
        List of special equations: 
            Clock  = (\ADC_SA1:clock\) => Global
            Clock Enable: True
        Main Equation            : 1 pterm
        (
              \ADC_SA1:AMuxHw_2_Decoder_is_active\ * 
              \ADC_SA1:AMuxHw_2_Decoder_old_id_5\ * 
              !\ADC_SA1:AMuxHw_2_Decoder_old_id_4\ * 
              \ADC_SA1:AMuxHw_2_Decoder_old_id_3\ * 
              !\ADC_SA1:AMuxHw_2_Decoder_old_id_2\ * 
              !\ADC_SA1:AMuxHw_2_Decoder_old_id_1\ * 
              !\ADC_SA1:AMuxHw_2_Decoder_old_id_0\
        );
        Output = \ADC_SA1:AMuxHw_2_Decoder_one_hot_40\ (fanout=1)

    MacroCell: Name=\ADC_SA1:AMuxHw_2_Decoder_one_hot_41\, Mode=(D-Register)
        Total # of inputs        : 7
        Total # of product terms : 1
        List of special equations: 
            Clock  = (\ADC_SA1:clock\) => Global
            Clock Enable: True
        Main Equation            : 1 pterm
        (
              \ADC_SA1:AMuxHw_2_Decoder_is_active\ * 
              \ADC_SA1:AMuxHw_2_Decoder_old_id_5\ * 
              !\ADC_SA1:AMuxHw_2_Decoder_old_id_4\ * 
              \ADC_SA1:AMuxHw_2_Decoder_old_id_3\ * 
              !\ADC_SA1:AMuxHw_2_Decoder_old_id_2\ * 
              !\ADC_SA1:AMuxHw_2_Decoder_old_id_1\ * 
              \ADC_SA1:AMuxHw_2_Decoder_old_id_0\
        );
        Output = \ADC_SA1:AMuxHw_2_Decoder_one_hot_41\ (fanout=1)

    MacroCell: Name=\ADC_SA1:AMuxHw_2_Decoder_one_hot_42\, Mode=(D-Register)
        Total # of inputs        : 7
        Total # of product terms : 1
        List of special equations: 
            Clock  = (\ADC_SA1:clock\) => Global
            Clock Enable: True
        Main Equation            : 1 pterm
        (
              \ADC_SA1:AMuxHw_2_Decoder_is_active\ * 
              \ADC_SA1:AMuxHw_2_Decoder_old_id_5\ * 
              !\ADC_SA1:AMuxHw_2_Decoder_old_id_4\ * 
              \ADC_SA1:AMuxHw_2_Decoder_old_id_3\ * 
              !\ADC_SA1:AMuxHw_2_Decoder_old_id_2\ * 
              \ADC_SA1:AMuxHw_2_Decoder_old_id_1\ * 
              !\ADC_SA1:AMuxHw_2_Decoder_old_id_0\
        );
        Output = \ADC_SA1:AMuxHw_2_Decoder_one_hot_42\ (fanout=1)

    MacroCell: Name=\ADC_SA1:AMuxHw_2_Decoder_one_hot_43\, Mode=(D-Register)
        Total # of inputs        : 7
        Total # of product terms : 1
        List of special equations: 
            Clock  = (\ADC_SA1:clock\) => Global
            Clock Enable: True
        Main Equation            : 1 pterm
        (
              \ADC_SA1:AMuxHw_2_Decoder_is_active\ * 
              \ADC_SA1:AMuxHw_2_Decoder_old_id_5\ * 
              !\ADC_SA1:AMuxHw_2_Decoder_old_id_4\ * 
              \ADC_SA1:AMuxHw_2_Decoder_old_id_3\ * 
              !\ADC_SA1:AMuxHw_2_Decoder_old_id_2\ * 
              \ADC_SA1:AMuxHw_2_Decoder_old_id_1\ * 
              \ADC_SA1:AMuxHw_2_Decoder_old_id_0\
        );
        Output = \ADC_SA1:AMuxHw_2_Decoder_one_hot_43\ (fanout=1)

    MacroCell: Name=\ADC_SA1:AMuxHw_2_Decoder_one_hot_44\, Mode=(D-Register)
        Total # of inputs        : 7
        Total # of product terms : 1
        List of special equations: 
            Clock  = (\ADC_SA1:clock\) => Global
            Clock Enable: True
        Main Equation            : 1 pterm
        (
              \ADC_SA1:AMuxHw_2_Decoder_is_active\ * 
              \ADC_SA1:AMuxHw_2_Decoder_old_id_5\ * 
              !\ADC_SA1:AMuxHw_2_Decoder_old_id_4\ * 
              \ADC_SA1:AMuxHw_2_Decoder_old_id_3\ * 
              \ADC_SA1:AMuxHw_2_Decoder_old_id_2\ * 
              !\ADC_SA1:AMuxHw_2_Decoder_old_id_1\ * 
              !\ADC_SA1:AMuxHw_2_Decoder_old_id_0\
        );
        Output = \ADC_SA1:AMuxHw_2_Decoder_one_hot_44\ (fanout=1)

    MacroCell: Name=\ADC_SA1:AMuxHw_2_Decoder_one_hot_45\, Mode=(D-Register)
        Total # of inputs        : 7
        Total # of product terms : 1
        List of special equations: 
            Clock  = (\ADC_SA1:clock\) => Global
            Clock Enable: True
        Main Equation            : 1 pterm
        (
              \ADC_SA1:AMuxHw_2_Decoder_is_active\ * 
              \ADC_SA1:AMuxHw_2_Decoder_old_id_5\ * 
              !\ADC_SA1:AMuxHw_2_Decoder_old_id_4\ * 
              \ADC_SA1:AMuxHw_2_Decoder_old_id_3\ * 
              \ADC_SA1:AMuxHw_2_Decoder_old_id_2\ * 
              !\ADC_SA1:AMuxHw_2_Decoder_old_id_1\ * 
              \ADC_SA1:AMuxHw_2_Decoder_old_id_0\
        );
        Output = \ADC_SA1:AMuxHw_2_Decoder_one_hot_45\ (fanout=1)

    MacroCell: Name=\ADC_SA1:AMuxHw_2_Decoder_one_hot_46\, Mode=(D-Register)
        Total # of inputs        : 7
        Total # of product terms : 1
        List of special equations: 
            Clock  = (\ADC_SA1:clock\) => Global
            Clock Enable: True
        Main Equation            : 1 pterm
        (
              \ADC_SA1:AMuxHw_2_Decoder_is_active\ * 
              \ADC_SA1:AMuxHw_2_Decoder_old_id_5\ * 
              !\ADC_SA1:AMuxHw_2_Decoder_old_id_4\ * 
              \ADC_SA1:AMuxHw_2_Decoder_old_id_3\ * 
              \ADC_SA1:AMuxHw_2_Decoder_old_id_2\ * 
              \ADC_SA1:AMuxHw_2_Decoder_old_id_1\ * 
              !\ADC_SA1:AMuxHw_2_Decoder_old_id_0\
        );
        Output = \ADC_SA1:AMuxHw_2_Decoder_one_hot_46\ (fanout=1)

    MacroCell: Name=\ADC_SA1:AMuxHw_2_Decoder_one_hot_47\, Mode=(D-Register)
        Total # of inputs        : 7
        Total # of product terms : 1
        List of special equations: 
            Clock  = (\ADC_SA1:clock\) => Global
            Clock Enable: True
        Main Equation            : 1 pterm
        (
              \ADC_SA1:AMuxHw_2_Decoder_is_active\ * 
              \ADC_SA1:AMuxHw_2_Decoder_old_id_5\ * 
              !\ADC_SA1:AMuxHw_2_Decoder_old_id_4\ * 
              \ADC_SA1:AMuxHw_2_Decoder_old_id_3\ * 
              \ADC_SA1:AMuxHw_2_Decoder_old_id_2\ * 
              \ADC_SA1:AMuxHw_2_Decoder_old_id_1\ * 
              \ADC_SA1:AMuxHw_2_Decoder_old_id_0\
        );
        Output = \ADC_SA1:AMuxHw_2_Decoder_one_hot_47\ (fanout=1)

    MacroCell: Name=\ADC_SA1:AMuxHw_2_Decoder_one_hot_48\, Mode=(D-Register)
        Total # of inputs        : 7
        Total # of product terms : 1
        List of special equations: 
            Clock  = (\ADC_SA1:clock\) => Global
            Clock Enable: True
        Main Equation            : 1 pterm
        (
              \ADC_SA1:AMuxHw_2_Decoder_is_active\ * 
              \ADC_SA1:AMuxHw_2_Decoder_old_id_5\ * 
              \ADC_SA1:AMuxHw_2_Decoder_old_id_4\ * 
              !\ADC_SA1:AMuxHw_2_Decoder_old_id_3\ * 
              !\ADC_SA1:AMuxHw_2_Decoder_old_id_2\ * 
              !\ADC_SA1:AMuxHw_2_Decoder_old_id_1\ * 
              !\ADC_SA1:AMuxHw_2_Decoder_old_id_0\
        );
        Output = \ADC_SA1:AMuxHw_2_Decoder_one_hot_48\ (fanout=1)

    MacroCell: Name=\ADC_SA1:AMuxHw_2_Decoder_one_hot_49\, Mode=(D-Register)
        Total # of inputs        : 7
        Total # of product terms : 1
        List of special equations: 
            Clock  = (\ADC_SA1:clock\) => Global
            Clock Enable: True
        Main Equation            : 1 pterm
        (
              \ADC_SA1:AMuxHw_2_Decoder_is_active\ * 
              \ADC_SA1:AMuxHw_2_Decoder_old_id_5\ * 
              \ADC_SA1:AMuxHw_2_Decoder_old_id_4\ * 
              !\ADC_SA1:AMuxHw_2_Decoder_old_id_3\ * 
              !\ADC_SA1:AMuxHw_2_Decoder_old_id_2\ * 
              !\ADC_SA1:AMuxHw_2_Decoder_old_id_1\ * 
              \ADC_SA1:AMuxHw_2_Decoder_old_id_0\
        );
        Output = \ADC_SA1:AMuxHw_2_Decoder_one_hot_49\ (fanout=1)

    MacroCell: Name=\ADC_SA1:AMuxHw_2_Decoder_one_hot_50\, Mode=(D-Register)
        Total # of inputs        : 7
        Total # of product terms : 1
        List of special equations: 
            Clock  = (\ADC_SA1:clock\) => Global
            Clock Enable: True
        Main Equation            : 1 pterm
        (
              \ADC_SA1:AMuxHw_2_Decoder_is_active\ * 
              \ADC_SA1:AMuxHw_2_Decoder_old_id_5\ * 
              \ADC_SA1:AMuxHw_2_Decoder_old_id_4\ * 
              !\ADC_SA1:AMuxHw_2_Decoder_old_id_3\ * 
              !\ADC_SA1:AMuxHw_2_Decoder_old_id_2\ * 
              \ADC_SA1:AMuxHw_2_Decoder_old_id_1\ * 
              !\ADC_SA1:AMuxHw_2_Decoder_old_id_0\
        );
        Output = \ADC_SA1:AMuxHw_2_Decoder_one_hot_50\ (fanout=1)

    MacroCell: Name=\ADC_SA1:AMuxHw_2_Decoder_one_hot_51\, Mode=(D-Register)
        Total # of inputs        : 7
        Total # of product terms : 1
        List of special equations: 
            Clock  = (\ADC_SA1:clock\) => Global
            Clock Enable: True
        Main Equation            : 1 pterm
        (
              \ADC_SA1:AMuxHw_2_Decoder_is_active\ * 
              \ADC_SA1:AMuxHw_2_Decoder_old_id_5\ * 
              \ADC_SA1:AMuxHw_2_Decoder_old_id_4\ * 
              !\ADC_SA1:AMuxHw_2_Decoder_old_id_3\ * 
              !\ADC_SA1:AMuxHw_2_Decoder_old_id_2\ * 
              \ADC_SA1:AMuxHw_2_Decoder_old_id_1\ * 
              \ADC_SA1:AMuxHw_2_Decoder_old_id_0\
        );
        Output = \ADC_SA1:AMuxHw_2_Decoder_one_hot_51\ (fanout=1)

    MacroCell: Name=\ADC_SA1:AMuxHw_2_Decoder_one_hot_52\, Mode=(D-Register)
        Total # of inputs        : 7
        Total # of product terms : 1
        List of special equations: 
            Clock  = (\ADC_SA1:clock\) => Global
            Clock Enable: True
        Main Equation            : 1 pterm
        (
              \ADC_SA1:AMuxHw_2_Decoder_is_active\ * 
              \ADC_SA1:AMuxHw_2_Decoder_old_id_5\ * 
              \ADC_SA1:AMuxHw_2_Decoder_old_id_4\ * 
              !\ADC_SA1:AMuxHw_2_Decoder_old_id_3\ * 
              \ADC_SA1:AMuxHw_2_Decoder_old_id_2\ * 
              !\ADC_SA1:AMuxHw_2_Decoder_old_id_1\ * 
              !\ADC_SA1:AMuxHw_2_Decoder_old_id_0\
        );
        Output = \ADC_SA1:AMuxHw_2_Decoder_one_hot_52\ (fanout=1)

    MacroCell: Name=\ADC_SA1:AMuxHw_2_Decoder_one_hot_53\, Mode=(D-Register)
        Total # of inputs        : 7
        Total # of product terms : 1
        List of special equations: 
            Clock  = (\ADC_SA1:clock\) => Global
            Clock Enable: True
        Main Equation            : 1 pterm
        (
              \ADC_SA1:AMuxHw_2_Decoder_is_active\ * 
              \ADC_SA1:AMuxHw_2_Decoder_old_id_5\ * 
              \ADC_SA1:AMuxHw_2_Decoder_old_id_4\ * 
              !\ADC_SA1:AMuxHw_2_Decoder_old_id_3\ * 
              \ADC_SA1:AMuxHw_2_Decoder_old_id_2\ * 
              !\ADC_SA1:AMuxHw_2_Decoder_old_id_1\ * 
              \ADC_SA1:AMuxHw_2_Decoder_old_id_0\
        );
        Output = \ADC_SA1:AMuxHw_2_Decoder_one_hot_53\ (fanout=1)

    MacroCell: Name=\ADC_SA1:AMuxHw_2_Decoder_one_hot_54\, Mode=(D-Register)
        Total # of inputs        : 7
        Total # of product terms : 1
        List of special equations: 
            Clock  = (\ADC_SA1:clock\) => Global
            Clock Enable: True
        Main Equation            : 1 pterm
        (
              \ADC_SA1:AMuxHw_2_Decoder_is_active\ * 
              \ADC_SA1:AMuxHw_2_Decoder_old_id_5\ * 
              \ADC_SA1:AMuxHw_2_Decoder_old_id_4\ * 
              !\ADC_SA1:AMuxHw_2_Decoder_old_id_3\ * 
              \ADC_SA1:AMuxHw_2_Decoder_old_id_2\ * 
              \ADC_SA1:AMuxHw_2_Decoder_old_id_1\ * 
              !\ADC_SA1:AMuxHw_2_Decoder_old_id_0\
        );
        Output = \ADC_SA1:AMuxHw_2_Decoder_one_hot_54\ (fanout=1)

    MacroCell: Name=\ADC_SA1:AMuxHw_2_Decoder_one_hot_55\, Mode=(D-Register)
        Total # of inputs        : 7
        Total # of product terms : 1
        List of special equations: 
            Clock  = (\ADC_SA1:clock\) => Global
            Clock Enable: True
        Main Equation            : 1 pterm
        (
              \ADC_SA1:AMuxHw_2_Decoder_is_active\ * 
              \ADC_SA1:AMuxHw_2_Decoder_old_id_5\ * 
              \ADC_SA1:AMuxHw_2_Decoder_old_id_4\ * 
              !\ADC_SA1:AMuxHw_2_Decoder_old_id_3\ * 
              \ADC_SA1:AMuxHw_2_Decoder_old_id_2\ * 
              \ADC_SA1:AMuxHw_2_Decoder_old_id_1\ * 
              \ADC_SA1:AMuxHw_2_Decoder_old_id_0\
        );
        Output = \ADC_SA1:AMuxHw_2_Decoder_one_hot_55\ (fanout=1)

    MacroCell: Name=\ADC_SA1:AMuxHw_2_Decoder_one_hot_56\, Mode=(D-Register)
        Total # of inputs        : 7
        Total # of product terms : 1
        List of special equations: 
            Clock  = (\ADC_SA1:clock\) => Global
            Clock Enable: True
        Main Equation            : 1 pterm
        (
              \ADC_SA1:AMuxHw_2_Decoder_is_active\ * 
              \ADC_SA1:AMuxHw_2_Decoder_old_id_5\ * 
              \ADC_SA1:AMuxHw_2_Decoder_old_id_4\ * 
              \ADC_SA1:AMuxHw_2_Decoder_old_id_3\ * 
              !\ADC_SA1:AMuxHw_2_Decoder_old_id_2\ * 
              !\ADC_SA1:AMuxHw_2_Decoder_old_id_1\ * 
              !\ADC_SA1:AMuxHw_2_Decoder_old_id_0\
        );
        Output = \ADC_SA1:AMuxHw_2_Decoder_one_hot_56\ (fanout=1)

    MacroCell: Name=\ADC_SA1:AMuxHw_2_Decoder_one_hot_57\, Mode=(D-Register)
        Total # of inputs        : 7
        Total # of product terms : 1
        List of special equations: 
            Clock  = (\ADC_SA1:clock\) => Global
            Clock Enable: True
        Main Equation            : 1 pterm
        (
              \ADC_SA1:AMuxHw_2_Decoder_is_active\ * 
              \ADC_SA1:AMuxHw_2_Decoder_old_id_5\ * 
              \ADC_SA1:AMuxHw_2_Decoder_old_id_4\ * 
              \ADC_SA1:AMuxHw_2_Decoder_old_id_3\ * 
              !\ADC_SA1:AMuxHw_2_Decoder_old_id_2\ * 
              !\ADC_SA1:AMuxHw_2_Decoder_old_id_1\ * 
              \ADC_SA1:AMuxHw_2_Decoder_old_id_0\
        );
        Output = \ADC_SA1:AMuxHw_2_Decoder_one_hot_57\ (fanout=1)

    MacroCell: Name=\ADC_SA1:AMuxHw_2_Decoder_one_hot_58\, Mode=(D-Register)
        Total # of inputs        : 7
        Total # of product terms : 1
        List of special equations: 
            Clock  = (\ADC_SA1:clock\) => Global
            Clock Enable: True
        Main Equation            : 1 pterm
        (
              \ADC_SA1:AMuxHw_2_Decoder_is_active\ * 
              \ADC_SA1:AMuxHw_2_Decoder_old_id_5\ * 
              \ADC_SA1:AMuxHw_2_Decoder_old_id_4\ * 
              \ADC_SA1:AMuxHw_2_Decoder_old_id_3\ * 
              !\ADC_SA1:AMuxHw_2_Decoder_old_id_2\ * 
              \ADC_SA1:AMuxHw_2_Decoder_old_id_1\ * 
              !\ADC_SA1:AMuxHw_2_Decoder_old_id_0\
        );
        Output = \ADC_SA1:AMuxHw_2_Decoder_one_hot_58\ (fanout=1)

    MacroCell: Name=\ADC_SA1:AMuxHw_2_Decoder_one_hot_59\, Mode=(D-Register)
        Total # of inputs        : 7
        Total # of product terms : 1
        List of special equations: 
            Clock  = (\ADC_SA1:clock\) => Global
            Clock Enable: True
        Main Equation            : 1 pterm
        (
              \ADC_SA1:AMuxHw_2_Decoder_is_active\ * 
              \ADC_SA1:AMuxHw_2_Decoder_old_id_5\ * 
              \ADC_SA1:AMuxHw_2_Decoder_old_id_4\ * 
              \ADC_SA1:AMuxHw_2_Decoder_old_id_3\ * 
              !\ADC_SA1:AMuxHw_2_Decoder_old_id_2\ * 
              \ADC_SA1:AMuxHw_2_Decoder_old_id_1\ * 
              \ADC_SA1:AMuxHw_2_Decoder_old_id_0\
        );
        Output = \ADC_SA1:AMuxHw_2_Decoder_one_hot_59\ (fanout=1)

    MacroCell: Name=\ADC_SA1:AMuxHw_2_Decoder_one_hot_60\, Mode=(D-Register)
        Total # of inputs        : 7
        Total # of product terms : 1
        List of special equations: 
            Clock  = (\ADC_SA1:clock\) => Global
            Clock Enable: True
        Main Equation            : 1 pterm
        (
              \ADC_SA1:AMuxHw_2_Decoder_is_active\ * 
              \ADC_SA1:AMuxHw_2_Decoder_old_id_5\ * 
              \ADC_SA1:AMuxHw_2_Decoder_old_id_4\ * 
              \ADC_SA1:AMuxHw_2_Decoder_old_id_3\ * 
              \ADC_SA1:AMuxHw_2_Decoder_old_id_2\ * 
              !\ADC_SA1:AMuxHw_2_Decoder_old_id_1\ * 
              !\ADC_SA1:AMuxHw_2_Decoder_old_id_0\
        );
        Output = \ADC_SA1:AMuxHw_2_Decoder_one_hot_60\ (fanout=1)

    MacroCell: Name=\ADC_SA1:AMuxHw_2_Decoder_one_hot_61\, Mode=(D-Register)
        Total # of inputs        : 7
        Total # of product terms : 1
        List of special equations: 
            Clock  = (\ADC_SA1:clock\) => Global
            Clock Enable: True
        Main Equation            : 1 pterm
        (
              \ADC_SA1:AMuxHw_2_Decoder_is_active\ * 
              \ADC_SA1:AMuxHw_2_Decoder_old_id_5\ * 
              \ADC_SA1:AMuxHw_2_Decoder_old_id_4\ * 
              \ADC_SA1:AMuxHw_2_Decoder_old_id_3\ * 
              \ADC_SA1:AMuxHw_2_Decoder_old_id_2\ * 
              !\ADC_SA1:AMuxHw_2_Decoder_old_id_1\ * 
              \ADC_SA1:AMuxHw_2_Decoder_old_id_0\
        );
        Output = \ADC_SA1:AMuxHw_2_Decoder_one_hot_61\ (fanout=1)

    MacroCell: Name=\ADC_SA1:AMuxHw_2_Decoder_one_hot_62\, Mode=(D-Register)
        Total # of inputs        : 7
        Total # of product terms : 1
        List of special equations: 
            Clock  = (\ADC_SA1:clock\) => Global
            Clock Enable: True
        Main Equation            : 1 pterm
        (
              \ADC_SA1:AMuxHw_2_Decoder_is_active\ * 
              \ADC_SA1:AMuxHw_2_Decoder_old_id_5\ * 
              \ADC_SA1:AMuxHw_2_Decoder_old_id_4\ * 
              \ADC_SA1:AMuxHw_2_Decoder_old_id_3\ * 
              \ADC_SA1:AMuxHw_2_Decoder_old_id_2\ * 
              \ADC_SA1:AMuxHw_2_Decoder_old_id_1\ * 
              !\ADC_SA1:AMuxHw_2_Decoder_old_id_0\
        );
        Output = \ADC_SA1:AMuxHw_2_Decoder_one_hot_62\ (fanout=1)

    MacroCell: Name=\ADC_SA1:AMuxHw_2_Decoder_one_hot_63\, Mode=(D-Register)
        Total # of inputs        : 7
        Total # of product terms : 1
        List of special equations: 
            Clock  = (\ADC_SA1:clock\) => Global
            Clock Enable: True
        Main Equation            : 1 pterm
        (
              \ADC_SA1:AMuxHw_2_Decoder_is_active\ * 
              \ADC_SA1:AMuxHw_2_Decoder_old_id_5\ * 
              \ADC_SA1:AMuxHw_2_Decoder_old_id_4\ * 
              \ADC_SA1:AMuxHw_2_Decoder_old_id_3\ * 
              \ADC_SA1:AMuxHw_2_Decoder_old_id_2\ * 
              \ADC_SA1:AMuxHw_2_Decoder_old_id_1\ * 
              \ADC_SA1:AMuxHw_2_Decoder_old_id_0\
        );
        Output = \ADC_SA1:AMuxHw_2_Decoder_one_hot_63\ (fanout=1)

    MacroCell: Name=Net_25, Mode=(D-Register)
        Total # of inputs        : 2
        Total # of product terms : 1
        List of special equations: 
            Clock  = (\ADC_SA1:clock\) => Global
            Clock Enable: PosEdge(\ADC_SA1:bSAR_SEQ:enable\)
        Main Equation            : 1 pterm
        (
              \ADC_SA1:bSAR_SEQ:bus_clk_nrq_reg\ * 
              !\ADC_SA1:bSAR_SEQ:nrq_reg\
        );
        Output = Net_25 (fanout=3)

    MacroCell: Name=\ADC_SA1:bSAR_SEQ:bus_clk_nrq_reg\, Mode=(D-Register)
        Total # of inputs        : 3
        Total # of product terms : 2
        List of special equations: 
            Clock  = (ClockBlock_BUS_CLK) => Global
            Clock Enable: True
        Main Equation            : 2 pterms
        (
              \ADC_SA1:bSAR_SEQ:bus_clk_nrq_reg\ * !Net_25
            + \ADC_SA1:Net_3935\
        );
        Output = \ADC_SA1:bSAR_SEQ:bus_clk_nrq_reg\ (fanout=3)

    MacroCell: Name=\ADC_SA1:bSAR_SEQ:nrq_reg\, Mode=(D-Register)
        Total # of inputs        : 1
        Total # of product terms : 1
        List of special equations: 
            Clock  = (\ADC_SA1:clock\) => Global
            Clock Enable: PosEdge(\ADC_SA1:bSAR_SEQ:enable\)
        Main Equation            : 1 pterm
        (
              \ADC_SA1:bSAR_SEQ:bus_clk_nrq_reg\
        );
        Output = \ADC_SA1:bSAR_SEQ:nrq_reg\ (fanout=1)

    MacroCell: Name=\UART_ESP:BUART:txn\, Mode=(D-Register)
        Total # of inputs        : 7
        Total # of product terms : 5
        List of special equations: 
            Clock  = (\UART_ESP:Net_9\) => Global
            Clock Enable: True
        Main Equation            : 5 pterms
        (
              \UART_ESP:BUART:txn\ * \UART_ESP:BUART:tx_state_1\ * 
              !\UART_ESP:BUART:tx_bitclk\
            + \UART_ESP:BUART:txn\ * \UART_ESP:BUART:tx_state_2\
            + !\UART_ESP:BUART:tx_state_1\ * \UART_ESP:BUART:tx_state_0\ * 
              !\UART_ESP:BUART:tx_shift_out\ * !\UART_ESP:BUART:tx_state_2\
            + !\UART_ESP:BUART:tx_state_1\ * \UART_ESP:BUART:tx_state_0\ * 
              !\UART_ESP:BUART:tx_state_2\ * !\UART_ESP:BUART:tx_bitclk\
            + \UART_ESP:BUART:tx_state_1\ * !\UART_ESP:BUART:tx_state_0\ * 
              !\UART_ESP:BUART:tx_shift_out\ * !\UART_ESP:BUART:tx_state_2\ * 
              !\UART_ESP:BUART:tx_counter_dp\ * \UART_ESP:BUART:tx_bitclk\
        );
        Output = \UART_ESP:BUART:txn\ (fanout=2)

    MacroCell: Name=\UART_ESP:BUART:tx_state_1\, Mode=(T-Register)
        Total # of inputs        : 6
        Total # of product terms : 3
        List of special equations: 
            Clock  = (\UART_ESP:Net_9\) => Global
            Clock Enable: True
        Main Equation            : 3 pterms
        (
              \UART_ESP:BUART:tx_state_1\ * \UART_ESP:BUART:tx_state_0\ * 
              \UART_ESP:BUART:tx_bitclk_enable_pre\ * 
              \UART_ESP:BUART:tx_state_2\
            + \UART_ESP:BUART:tx_state_1\ * !\UART_ESP:BUART:tx_state_2\ * 
              \UART_ESP:BUART:tx_counter_dp\ * \UART_ESP:BUART:tx_bitclk\
            + \UART_ESP:BUART:tx_state_0\ * !\UART_ESP:BUART:tx_state_2\ * 
              \UART_ESP:BUART:tx_bitclk\
        );
        Output = \UART_ESP:BUART:tx_state_1\ (fanout=8)

    MacroCell: Name=\UART_ESP:BUART:tx_state_0\, Mode=(T-Register)
        Total # of inputs        : 6
        Total # of product terms : 4
        List of special equations: 
            Clock  = (\UART_ESP:Net_9\) => Global
            Clock Enable: True
        Main Equation            : 4 pterms
        (
              !\UART_ESP:BUART:tx_state_1\ * !\UART_ESP:BUART:tx_state_0\ * 
              \UART_ESP:BUART:tx_bitclk_enable_pre\ * 
              !\UART_ESP:BUART:tx_fifo_empty\
            + !\UART_ESP:BUART:tx_state_1\ * !\UART_ESP:BUART:tx_state_0\ * 
              !\UART_ESP:BUART:tx_fifo_empty\ * !\UART_ESP:BUART:tx_state_2\
            + \UART_ESP:BUART:tx_state_1\ * \UART_ESP:BUART:tx_state_0\ * 
              \UART_ESP:BUART:tx_bitclk_enable_pre\ * 
              \UART_ESP:BUART:tx_fifo_empty\ * \UART_ESP:BUART:tx_state_2\
            + \UART_ESP:BUART:tx_state_0\ * !\UART_ESP:BUART:tx_state_2\ * 
              \UART_ESP:BUART:tx_bitclk\
        );
        Output = \UART_ESP:BUART:tx_state_0\ (fanout=8)

    MacroCell: Name=\UART_ESP:BUART:tx_state_2\, Mode=(T-Register)
        Total # of inputs        : 6
        Total # of product terms : 4
        List of special equations: 
            Clock  = (\UART_ESP:Net_9\) => Global
            Clock Enable: True
        Main Equation            : 4 pterms
        (
              !\UART_ESP:BUART:tx_state_1\ * !\UART_ESP:BUART:tx_state_0\ * 
              \UART_ESP:BUART:tx_bitclk_enable_pre\ * 
              \UART_ESP:BUART:tx_state_2\
            + \UART_ESP:BUART:tx_state_1\ * \UART_ESP:BUART:tx_state_0\ * 
              \UART_ESP:BUART:tx_bitclk_enable_pre\ * 
              \UART_ESP:BUART:tx_state_2\
            + \UART_ESP:BUART:tx_state_1\ * \UART_ESP:BUART:tx_state_0\ * 
              !\UART_ESP:BUART:tx_state_2\ * \UART_ESP:BUART:tx_bitclk\
            + \UART_ESP:BUART:tx_state_1\ * !\UART_ESP:BUART:tx_state_2\ * 
              \UART_ESP:BUART:tx_counter_dp\ * \UART_ESP:BUART:tx_bitclk\
        );
        Output = \UART_ESP:BUART:tx_state_2\ (fanout=7)

    MacroCell: Name=\UART_ESP:BUART:tx_bitclk\, Mode=(D-Register)
        Total # of inputs        : 4
        Total # of product terms : 2
        List of special equations: 
            Clock  = (\UART_ESP:Net_9\) => Global
            Clock Enable: True
        Main Equation            : 2 pterms
        !(
              !\UART_ESP:BUART:tx_state_1\ * !\UART_ESP:BUART:tx_state_0\ * 
              \UART_ESP:BUART:tx_state_2\
            + !\UART_ESP:BUART:tx_bitclk_enable_pre\
        );
        Output = \UART_ESP:BUART:tx_bitclk\ (fanout=4)

    MacroCell: Name=\UART_ESP:BUART:tx_ctrl_mark_last\, Mode=(T-Register)
        Total # of inputs        : 0
        Total # of product terms : 0
        List of special equations: 
            Clock  = (\UART_ESP:Net_9\) => Global
            Clock Enable: True
        Main Equation            : 0 pterms
        (
            0
        );
        Output = \UART_ESP:BUART:tx_ctrl_mark_last\ (fanout=8)

    MacroCell: Name=\UART_ESP:BUART:rx_state_0\, Mode=(T-Register)
        Total # of inputs        : 11
        Total # of product terms : 4
        List of special equations: 
            Clock  = (\UART_ESP:Net_9\) => Global
            Clock Enable: True
        Main Equation            : 4 pterms
        (
              !\UART_ESP:BUART:tx_ctrl_mark_last\ * 
              !\UART_ESP:BUART:rx_state_0\ * 
              \UART_ESP:BUART:rx_bitclk_enable\ * 
              !\UART_ESP:BUART:rx_state_3\ * \UART_ESP:BUART:rx_state_2\ * 
              !\UART_ESP:BUART:pollcount_1\ * !Net_130
            + !\UART_ESP:BUART:tx_ctrl_mark_last\ * 
              !\UART_ESP:BUART:rx_state_0\ * 
              \UART_ESP:BUART:rx_bitclk_enable\ * 
              !\UART_ESP:BUART:rx_state_3\ * \UART_ESP:BUART:rx_state_2\ * 
              !\UART_ESP:BUART:pollcount_1\ * !\UART_ESP:BUART:pollcount_0\
            + !\UART_ESP:BUART:tx_ctrl_mark_last\ * 
              \UART_ESP:BUART:rx_state_0\ * !\UART_ESP:BUART:rx_state_3\ * 
              !\UART_ESP:BUART:rx_state_2\ * !\UART_ESP:BUART:rx_count_6\ * 
              !\UART_ESP:BUART:rx_count_5\
            + !\UART_ESP:BUART:tx_ctrl_mark_last\ * 
              \UART_ESP:BUART:rx_state_0\ * !\UART_ESP:BUART:rx_state_3\ * 
              !\UART_ESP:BUART:rx_state_2\ * !\UART_ESP:BUART:rx_count_6\ * 
              !\UART_ESP:BUART:rx_count_4\
        );
        Output = \UART_ESP:BUART:rx_state_0\ (fanout=8)

    MacroCell: Name=\UART_ESP:BUART:rx_load_fifo\, Mode=(D-Register)
        Total # of inputs        : 8
        Total # of product terms : 3
        List of special equations: 
            Clock  = (\UART_ESP:Net_9\) => Global
            Clock Enable: True
        Main Equation            : 3 pterms
        (
              !\UART_ESP:BUART:tx_ctrl_mark_last\ * 
              !\UART_ESP:BUART:rx_state_0\ * 
              \UART_ESP:BUART:rx_bitclk_enable\ * \UART_ESP:BUART:rx_state_3\ * 
              !\UART_ESP:BUART:rx_state_2\
            + !\UART_ESP:BUART:tx_ctrl_mark_last\ * 
              \UART_ESP:BUART:rx_state_0\ * !\UART_ESP:BUART:rx_state_3\ * 
              !\UART_ESP:BUART:rx_state_2\ * !\UART_ESP:BUART:rx_count_6\ * 
              !\UART_ESP:BUART:rx_count_5\
            + !\UART_ESP:BUART:tx_ctrl_mark_last\ * 
              \UART_ESP:BUART:rx_state_0\ * !\UART_ESP:BUART:rx_state_3\ * 
              !\UART_ESP:BUART:rx_state_2\ * !\UART_ESP:BUART:rx_count_6\ * 
              !\UART_ESP:BUART:rx_count_4\
        );
        Output = \UART_ESP:BUART:rx_load_fifo\ (fanout=2)

    MacroCell: Name=\UART_ESP:BUART:rx_state_3\, Mode=(T-Register)
        Total # of inputs        : 8
        Total # of product terms : 3
        List of special equations: 
            Clock  = (\UART_ESP:Net_9\) => Global
            Clock Enable: True
        Main Equation            : 3 pterms
        (
              !\UART_ESP:BUART:tx_ctrl_mark_last\ * 
              !\UART_ESP:BUART:rx_state_0\ * 
              \UART_ESP:BUART:rx_bitclk_enable\ * \UART_ESP:BUART:rx_state_3\ * 
              \UART_ESP:BUART:rx_state_2\
            + !\UART_ESP:BUART:tx_ctrl_mark_last\ * 
              \UART_ESP:BUART:rx_state_0\ * !\UART_ESP:BUART:rx_state_3\ * 
              !\UART_ESP:BUART:rx_state_2\ * !\UART_ESP:BUART:rx_count_6\ * 
              !\UART_ESP:BUART:rx_count_5\
            + !\UART_ESP:BUART:tx_ctrl_mark_last\ * 
              \UART_ESP:BUART:rx_state_0\ * !\UART_ESP:BUART:rx_state_3\ * 
              !\UART_ESP:BUART:rx_state_2\ * !\UART_ESP:BUART:rx_count_6\ * 
              !\UART_ESP:BUART:rx_count_4\
        );
        Output = \UART_ESP:BUART:rx_state_3\ (fanout=7)

    MacroCell: Name=\UART_ESP:BUART:rx_state_2\, Mode=(T-Register)
        Total # of inputs        : 10
        Total # of product terms : 5
        List of special equations: 
            Clock  = (\UART_ESP:Net_9\) => Global
            Clock Enable: True
        Main Equation            : 5 pterms
        (
              !\UART_ESP:BUART:tx_ctrl_mark_last\ * 
              !\UART_ESP:BUART:rx_state_0\ * 
              \UART_ESP:BUART:rx_bitclk_enable\ * \UART_ESP:BUART:rx_state_3\
            + !\UART_ESP:BUART:tx_ctrl_mark_last\ * 
              !\UART_ESP:BUART:rx_state_0\ * 
              \UART_ESP:BUART:rx_bitclk_enable\ * \UART_ESP:BUART:rx_state_2\
            + !\UART_ESP:BUART:tx_ctrl_mark_last\ * 
              !\UART_ESP:BUART:rx_state_0\ * !\UART_ESP:BUART:rx_state_3\ * 
              !\UART_ESP:BUART:rx_state_2\ * !Net_130 * 
              \UART_ESP:BUART:rx_last\
            + !\UART_ESP:BUART:tx_ctrl_mark_last\ * 
              \UART_ESP:BUART:rx_state_0\ * !\UART_ESP:BUART:rx_state_3\ * 
              !\UART_ESP:BUART:rx_state_2\ * !\UART_ESP:BUART:rx_count_6\ * 
              !\UART_ESP:BUART:rx_count_5\
            + !\UART_ESP:BUART:tx_ctrl_mark_last\ * 
              \UART_ESP:BUART:rx_state_0\ * !\UART_ESP:BUART:rx_state_3\ * 
              !\UART_ESP:BUART:rx_state_2\ * !\UART_ESP:BUART:rx_count_6\ * 
              !\UART_ESP:BUART:rx_count_4\
        );
        Output = \UART_ESP:BUART:rx_state_2\ (fanout=7)

    MacroCell: Name=\UART_ESP:BUART:rx_bitclk_enable\, Mode=(D-Register)
        Total # of inputs        : 3
        Total # of product terms : 1
        List of special equations: 
            Clock  = (\UART_ESP:Net_9\) => Global
            Clock Enable: True
        Main Equation            : 1 pterm
        (
              !\UART_ESP:BUART:rx_count_2\ * !\UART_ESP:BUART:rx_count_1\ * 
              !\UART_ESP:BUART:rx_count_0\
        );
        Output = \UART_ESP:BUART:rx_bitclk_enable\ (fanout=6)

    MacroCell: Name=\UART_ESP:BUART:rx_state_stop1_reg\, Mode=(D-Register)
        Total # of inputs        : 4
        Total # of product terms : 1
        List of special equations: 
            Clock  = (\UART_ESP:Net_9\) => Global
            Clock Enable: True
        Main Equation            : 1 pterm
        !(
              !\UART_ESP:BUART:tx_ctrl_mark_last\ * 
              !\UART_ESP:BUART:rx_state_0\ * \UART_ESP:BUART:rx_state_3\ * 
              \UART_ESP:BUART:rx_state_2\
        );
        Output = \UART_ESP:BUART:rx_state_stop1_reg\ (fanout=1)

    MacroCell: Name=\UART_ESP:BUART:pollcount_1\, Mode=(D-Register)
        Total # of inputs        : 5
        Total # of product terms : 3
        List of special equations: 
            Clock  = (\UART_ESP:Net_9\) => Global
            Clock Enable: True
        Main Equation            : 3 pterms
        (
              !\UART_ESP:BUART:rx_count_2\ * !\UART_ESP:BUART:rx_count_1\ * 
              !\UART_ESP:BUART:pollcount_1\ * Net_130 * 
              \UART_ESP:BUART:pollcount_0\
            + !\UART_ESP:BUART:rx_count_2\ * !\UART_ESP:BUART:rx_count_1\ * 
              \UART_ESP:BUART:pollcount_1\ * !Net_130
            + !\UART_ESP:BUART:rx_count_2\ * !\UART_ESP:BUART:rx_count_1\ * 
              \UART_ESP:BUART:pollcount_1\ * !\UART_ESP:BUART:pollcount_0\
        );
        Output = \UART_ESP:BUART:pollcount_1\ (fanout=4)

    MacroCell: Name=\UART_ESP:BUART:pollcount_0\, Mode=(D-Register)
        Total # of inputs        : 4
        Total # of product terms : 2
        List of special equations: 
            Clock  = (\UART_ESP:Net_9\) => Global
            Clock Enable: True
        Main Equation            : 2 pterms
        (
              !\UART_ESP:BUART:rx_count_2\ * !\UART_ESP:BUART:rx_count_1\ * 
              !Net_130 * \UART_ESP:BUART:pollcount_0\
            + !\UART_ESP:BUART:rx_count_2\ * !\UART_ESP:BUART:rx_count_1\ * 
              Net_130 * !\UART_ESP:BUART:pollcount_0\
        );
        Output = \UART_ESP:BUART:pollcount_0\ (fanout=5)

    MacroCell: Name=\UART_ESP:BUART:rx_status_3\, Mode=(D-Register)
        Total # of inputs        : 8
        Total # of product terms : 2
        List of special equations: 
            Clock  = (\UART_ESP:Net_9\) => Global
            Clock Enable: True
        Main Equation            : 2 pterms
        (
              !\UART_ESP:BUART:tx_ctrl_mark_last\ * 
              !\UART_ESP:BUART:rx_state_0\ * 
              \UART_ESP:BUART:rx_bitclk_enable\ * \UART_ESP:BUART:rx_state_3\ * 
              \UART_ESP:BUART:rx_state_2\ * !\UART_ESP:BUART:pollcount_1\ * 
              !Net_130
            + !\UART_ESP:BUART:tx_ctrl_mark_last\ * 
              !\UART_ESP:BUART:rx_state_0\ * 
              \UART_ESP:BUART:rx_bitclk_enable\ * \UART_ESP:BUART:rx_state_3\ * 
              \UART_ESP:BUART:rx_state_2\ * !\UART_ESP:BUART:pollcount_1\ * 
              !\UART_ESP:BUART:pollcount_0\
        );
        Output = \UART_ESP:BUART:rx_status_3\ (fanout=1)

    MacroCell: Name=\UART_ESP:BUART:rx_last\, Mode=(D-Register)
        Total # of inputs        : 1
        Total # of product terms : 1
        List of special equations: 
            Clock  = (\UART_ESP:Net_9\) => Global
            Clock Enable: True
        Main Equation            : 1 pterm
        (
              Net_130
        );
        Output = \UART_ESP:BUART:rx_last\ (fanout=1)

    MacroCell: Name=\PWM:PWMUDB:runmode_enable\, Mode=(D-Register)
        Total # of inputs        : 1
        Total # of product terms : 1
        List of special equations: 
            Clock  = (Net_185) => Global
            Clock Enable: True
        Main Equation            : 1 pterm
        (
              \PWM:PWMUDB:control_7\
        );
        Output = \PWM:PWMUDB:runmode_enable\ (fanout=5)

    MacroCell: Name=\PWM:PWMUDB:prevCompare1\, Mode=(D-Register)
        Total # of inputs        : 1
        Total # of product terms : 1
        List of special equations: 
            Clock  = (Net_185) => Global
            Clock Enable: True
        Main Equation            : 1 pterm
        (
              \PWM:PWMUDB:cmp1_less\
        );
        Output = \PWM:PWMUDB:prevCompare1\ (fanout=1)

    MacroCell: Name=\PWM:PWMUDB:prevCompare2\, Mode=(D-Register)
        Total # of inputs        : 1
        Total # of product terms : 1
        List of special equations: 
            Clock  = (Net_185) => Global
            Clock Enable: True
        Main Equation            : 1 pterm
        (
              \PWM:PWMUDB:cmp2_less\
        );
        Output = \PWM:PWMUDB:prevCompare2\ (fanout=1)

    MacroCell: Name=\PWM:PWMUDB:status_0\, Mode=(D-Register)
        Total # of inputs        : 2
        Total # of product terms : 1
        List of special equations: 
            Clock  = (Net_185) => Global
            Clock Enable: True
        Main Equation            : 1 pterm
        (
              !\PWM:PWMUDB:prevCompare1\ * \PWM:PWMUDB:cmp1_less\
        );
        Output = \PWM:PWMUDB:status_0\ (fanout=1)

    MacroCell: Name=\PWM:PWMUDB:status_1\, Mode=(D-Register)
        Total # of inputs        : 2
        Total # of product terms : 1
        List of special equations: 
            Clock  = (Net_185) => Global
            Clock Enable: True
        Main Equation            : 1 pterm
        (
              !\PWM:PWMUDB:prevCompare2\ * \PWM:PWMUDB:cmp2_less\
        );
        Output = \PWM:PWMUDB:status_1\ (fanout=1)

    MacroCell: Name=Net_160, Mode=(D-Register)
        Total # of inputs        : 2
        Total # of product terms : 1
        List of special equations: 
            Clock  = (Net_185) => Global
            Clock Enable: True
        Main Equation            : 1 pterm
        (
              \PWM:PWMUDB:runmode_enable\ * \PWM:PWMUDB:cmp1_less\
        );
        Output = Net_160 (fanout=1)

    MacroCell: Name=Net_161, Mode=(D-Register)
        Total # of inputs        : 2
        Total # of product terms : 1
        List of special equations: 
            Clock  = (Net_185) => Global
            Clock Enable: True
        Main Equation            : 1 pterm
        (
              \PWM:PWMUDB:runmode_enable\ * \PWM:PWMUDB:cmp2_less\
        );
        Output = Net_161 (fanout=1)
    </CYPRESSTAG>
    <CYPRESSTAG name="Datapath listing">

    ------------------------------------------------------------
    Datapath listing
    ------------------------------------------------------------

    datapathcell: Name =\UART_PSOC:BUART:sTX:TxShifter:u0\
        PORT MAP (
            clock => \UART_PSOC:Net_9\ ,
            cs_addr_2 => \UART_PSOC:BUART:tx_state_1\ ,
            cs_addr_1 => \UART_PSOC:BUART:tx_state_0\ ,
            cs_addr_0 => \UART_PSOC:BUART:tx_bitclk_enable_pre\ ,
            so_comb => \UART_PSOC:BUART:tx_shift_out\ ,
            f0_bus_stat_comb => \UART_PSOC:BUART:tx_fifo_notfull\ ,
            f0_blk_stat_comb => \UART_PSOC:BUART:tx_fifo_empty\ );
        Properties:
        {
            a0_init = "00000000"
            a1_init = "00000000"
            ce0_sync = 1
            ce1_sync = 1
            cl0_sync = 1
            cl1_sync = 1
            cmsb_sync = 1
            co_msb_sync = 1
            cy_dpconfig = "0000000000000000000000000000000000000000000000000000000011000000000000000000000000000010010000000000000000000000000000000000000011111111000000001111111111111111000000000000000001000100111100000000000000001100"
            d0_init = "00000000"
            d1_init = "00000000"
            f0_blk_sync = 1
            f0_bus_sync = 1
            f1_blk_sync = 1
            f1_bus_sync = 1
            ff0_sync = 1
            ff1_sync = 1
            ov_msb_sync = 1
            so_sync = 1
            z0_sync = 1
            z1_sync = 1
        }
        Clock Polarity: Active High
        Clock Enable: True

    datapathcell: Name =\UART_PSOC:BUART:sTX:sCLOCK:TxBitClkGen\
        PORT MAP (
            clock => \UART_PSOC:Net_9\ ,
            cs_addr_0 => \UART_PSOC:BUART:counter_load_not\ ,
            ce0_reg => \UART_PSOC:BUART:tx_bitclk_enable_pre\ ,
            ce1_reg => \UART_PSOC:BUART:tx_counter_dp\ );
        Properties:
        {
            a0_init = "00000000"
            a1_init = "00000000"
            ce0_sync = 1
            ce1_sync = 1
            cl0_sync = 1
            cl1_sync = 1
            cmsb_sync = 1
            co_msb_sync = 1
            cy_dpconfig = "1010100001000000001000000100000000000000000000000000000000000000000000000000000000000000000000000000000000000000000000000000000011111111000000001111111100000111001000000100000000000101111100000000000000001000"
            d0_init = "00000000"
            d1_init = "00000000"
            f0_blk_sync = 1
            f0_bus_sync = 1
            f1_blk_sync = 1
            f1_bus_sync = 1
            ff0_sync = 1
            ff1_sync = 1
            ov_msb_sync = 1
            so_sync = 1
            z0_sync = 1
            z1_sync = 1
        }
        Clock Polarity: Active High
        Clock Enable: True

    datapathcell: Name =\UART_PSOC:BUART:sRX:RxShifter:u0\
        PORT MAP (
            clock => \UART_PSOC:Net_9\ ,
            cs_addr_2 => \UART_PSOC:BUART:tx_ctrl_mark_last\ ,
            cs_addr_1 => \UART_PSOC:BUART:rx_state_0\ ,
            cs_addr_0 => \UART_PSOC:BUART:rx_bitclk_enable\ ,
            route_si => \UART_PSOC:BUART:rx_postpoll\ ,
            f0_load => \UART_PSOC:BUART:rx_load_fifo\ ,
            f0_bus_stat_comb => \UART_PSOC:BUART:rx_fifonotempty\ ,
            f0_blk_stat_comb => \UART_PSOC:BUART:rx_fifofull\ );
        Properties:
        {
            a0_init = "00000000"
            a1_init = "00000000"
            ce0_sync = 1
            ce1_sync = 1
            cl0_sync = 1
            cl1_sync = 1
            cmsb_sync = 1
            co_msb_sync = 1
            cy_dpconfig = "0000000000000000000000000000000000000000000000000000001001000000000100000000000000010000001100000001000000000000000100100001000011111111000000001111111111111111101000000110001001000001111100000000000000001100"
            d0_init = "00000000"
            d1_init = "00000000"
            f0_blk_sync = 1
            f0_bus_sync = 1
            f1_blk_sync = 1
            f1_bus_sync = 1
            ff0_sync = 1
            ff1_sync = 1
            ov_msb_sync = 1
            so_sync = 1
            z0_sync = 1
            z1_sync = 1
        }
        Clock Polarity: Active High
        Clock Enable: True

    datapathcell: Name =\UART_ESP:BUART:sTX:TxShifter:u0\
        PORT MAP (
            clock => \UART_ESP:Net_9\ ,
            cs_addr_2 => \UART_ESP:BUART:tx_state_1\ ,
            cs_addr_1 => \UART_ESP:BUART:tx_state_0\ ,
            cs_addr_0 => \UART_ESP:BUART:tx_bitclk_enable_pre\ ,
            so_comb => \UART_ESP:BUART:tx_shift_out\ ,
            f0_bus_stat_comb => \UART_ESP:BUART:tx_fifo_notfull\ ,
            f0_blk_stat_comb => \UART_ESP:BUART:tx_fifo_empty\ );
        Properties:
        {
            a0_init = "00000000"
            a1_init = "00000000"
            ce0_sync = 1
            ce1_sync = 1
            cl0_sync = 1
            cl1_sync = 1
            cmsb_sync = 1
            co_msb_sync = 1
            cy_dpconfig = "0000000000000000000000000000000000000000000000000000000011000000000000000000000000000010010000000000000000000000000000000000000011111111000000001111111111111111000000000000000001000100111100000000000000001100"
            d0_init = "00000000"
            d1_init = "00000000"
            f0_blk_sync = 1
            f0_bus_sync = 1
            f1_blk_sync = 1
            f1_bus_sync = 1
            ff0_sync = 1
            ff1_sync = 1
            ov_msb_sync = 1
            so_sync = 1
            z0_sync = 1
            z1_sync = 1
        }
        Clock Polarity: Active High
        Clock Enable: True

    datapathcell: Name =\UART_ESP:BUART:sTX:sCLOCK:TxBitClkGen\
        PORT MAP (
            clock => \UART_ESP:Net_9\ ,
            cs_addr_0 => \UART_ESP:BUART:counter_load_not\ ,
            ce0_reg => \UART_ESP:BUART:tx_bitclk_enable_pre\ ,
            ce1_reg => \UART_ESP:BUART:tx_counter_dp\ );
        Properties:
        {
            a0_init = "00000000"
            a1_init = "00000000"
            ce0_sync = 1
            ce1_sync = 1
            cl0_sync = 1
            cl1_sync = 1
            cmsb_sync = 1
            co_msb_sync = 1
            cy_dpconfig = "1010100001000000001000000100000000000000000000000000000000000000000000000000000000000000000000000000000000000000000000000000000011111111000000001111111100000111001000000100000000000101111100000000000000001000"
            d0_init = "00000000"
            d1_init = "00000000"
            f0_blk_sync = 1
            f0_bus_sync = 1
            f1_blk_sync = 1
            f1_bus_sync = 1
            ff0_sync = 1
            ff1_sync = 1
            ov_msb_sync = 1
            so_sync = 1
            z0_sync = 1
            z1_sync = 1
        }
        Clock Polarity: Active High
        Clock Enable: True

    datapathcell: Name =\UART_ESP:BUART:sRX:RxShifter:u0\
        PORT MAP (
            clock => \UART_ESP:Net_9\ ,
            cs_addr_2 => \UART_ESP:BUART:tx_ctrl_mark_last\ ,
            cs_addr_1 => \UART_ESP:BUART:rx_state_0\ ,
            cs_addr_0 => \UART_ESP:BUART:rx_bitclk_enable\ ,
            route_si => \UART_ESP:BUART:rx_postpoll\ ,
            f0_load => \UART_ESP:BUART:rx_load_fifo\ ,
            f0_bus_stat_comb => \UART_ESP:BUART:rx_fifonotempty\ ,
            f0_blk_stat_comb => \UART_ESP:BUART:rx_fifofull\ );
        Properties:
        {
            a0_init = "00000000"
            a1_init = "00000000"
            ce0_sync = 1
            ce1_sync = 1
            cl0_sync = 1
            cl1_sync = 1
            cmsb_sync = 1
            co_msb_sync = 1
            cy_dpconfig = "0000000000000000000000000000000000000000000000000000001001000000000100000000000000010000001100000001000000000000000100100001000011111111000000001111111111111111101000000110001001000001111100000000000000001100"
            d0_init = "00000000"
            d1_init = "00000000"
            f0_blk_sync = 1
            f0_bus_sync = 1
            f1_blk_sync = 1
            f1_bus_sync = 1
            ff0_sync = 1
            ff1_sync = 1
            ov_msb_sync = 1
            so_sync = 1
            z0_sync = 1
            z1_sync = 1
        }
        Clock Polarity: Active High
        Clock Enable: True

    datapathcell: Name =\PWM:PWMUDB:sP16:pwmdp:u0\
        PORT MAP (
            clock => Net_185 ,
            cs_addr_2 => \PWM:PWMUDB:tc_i\ ,
            cs_addr_1 => \PWM:PWMUDB:runmode_enable\ ,
            chain_out => \PWM:PWMUDB:sP16:pwmdp:carry\ );
        Properties:
        {
            a0_init = "00000000"
            a1_init = "00000000"
            ce0_sync = 1
            ce1_sync = 1
            cl0_sync = 1
            cl1_sync = 1
            cmsb_sync = 1
            co_msb_sync = 1
            cy_dpconfig = "0000000001000000000000001100000001000000010000000000000011000000000000001100000000000000110000000000000011000000000000001100000011111111000000001111111111111111101000000000000000000100000000000000000000011000"
            d0_init = "00000000"
            d1_init = "00000000"
            f0_blk_sync = 1
            f0_bus_sync = 1
            f1_blk_sync = 1
            f1_bus_sync = 1
            ff0_sync = 1
            ff1_sync = 1
            ov_msb_sync = 1
            so_sync = 1
            z0_sync = 1
            z1_sync = 1
        }
        Clock Polarity: Active High
        Clock Enable: True
        Next in chain : \PWM:PWMUDB:sP16:pwmdp:u1\

    datapathcell: Name =\PWM:PWMUDB:sP16:pwmdp:u1\
        PORT MAP (
            clock => Net_185 ,
            cs_addr_2 => \PWM:PWMUDB:tc_i\ ,
            cs_addr_1 => \PWM:PWMUDB:runmode_enable\ ,
            cl0_comb => \PWM:PWMUDB:cmp1_less\ ,
            z0_comb => \PWM:PWMUDB:tc_i\ ,
            cl1_comb => \PWM:PWMUDB:cmp2_less\ ,
            f1_blk_stat_comb => \PWM:PWMUDB:status_3\ ,
            chain_in => \PWM:PWMUDB:sP16:pwmdp:carry\ );
        Properties:
        {
            a0_init = "00000000"
            a1_init = "00000000"
            ce0_sync = 1
            ce1_sync = 1
            cl0_sync = 1
            cl1_sync = 1
            cmsb_sync = 1
            co_msb_sync = 1
            cy_dpconfig = "0000000001000000000000001100000001000000010000000000000011000000000000001100000000000000110000000000000011000000000000001100000011111111000000001111111111111111101011110000000000000100000011110000000000011000"
            d0_init = "00000000"
            d1_init = "00000000"
            f0_blk_sync = 1
            f0_bus_sync = 1
            f1_blk_sync = 1
            f1_bus_sync = 1
            ff0_sync = 1
            ff1_sync = 1
            ov_msb_sync = 1
            so_sync = 1
            z0_sync = 1
            z1_sync = 1
        }
        Clock Polarity: Active High
        Clock Enable: True
        Previous in chain : \PWM:PWMUDB:sP16:pwmdp:u0\
    </CYPRESSTAG>
    <CYPRESSTAG name="Status register listing">

    ------------------------------------------------------------
    Status register listing
    ------------------------------------------------------------

    statuscell: Name =\ADC_SA1:bSAR_SEQ:EOCSts\
        PORT MAP (
            clock => \ADC_SA1:clock\ ,
            status_0 => Net_25 ,
            clk_en => \ADC_SA1:bSAR_SEQ:enable\ );
        Properties:
        {
            cy_force_order = 1
            cy_md_select = "00000001"
        }
        Clock Polarity: Active High
        Clock Enable: PosEdge(\ADC_SA1:bSAR_SEQ:enable\)
    </CYPRESSTAG>
    <CYPRESSTAG name="StatusI register listing">

    ------------------------------------------------------------
    StatusI register listing
    ------------------------------------------------------------

    statusicell: Name =\UART_PSOC:BUART:sTX:TxSts\
        PORT MAP (
            clock => \UART_PSOC:Net_9\ ,
            status_3 => \UART_PSOC:BUART:tx_fifo_notfull\ ,
            status_2 => \UART_PSOC:BUART:tx_status_2\ ,
            status_1 => \UART_PSOC:BUART:tx_fifo_empty\ ,
            status_0 => \UART_PSOC:BUART:tx_status_0\ );
        Properties:
        {
            cy_force_order = 1
            cy_int_mask = "1111111"
            cy_md_select = "0000001"
        }
        Clock Polarity: Active High
        Clock Enable: True

    statusicell: Name =\UART_PSOC:BUART:sRX:RxSts\
        PORT MAP (
            clock => \UART_PSOC:Net_9\ ,
            status_5 => \UART_PSOC:BUART:rx_status_5\ ,
            status_4 => \UART_PSOC:BUART:rx_status_4\ ,
            status_3 => \UART_PSOC:BUART:rx_status_3\ );
        Properties:
        {
            cy_force_order = 1
            cy_int_mask = "1111111"
            cy_md_select = "1011111"
        }
        Clock Polarity: Active High
        Clock Enable: True

    statusicell: Name =\UART_ESP:BUART:sTX:TxSts\
        PORT MAP (
            clock => \UART_ESP:Net_9\ ,
            status_3 => \UART_ESP:BUART:tx_fifo_notfull\ ,
            status_2 => \UART_ESP:BUART:tx_status_2\ ,
            status_1 => \UART_ESP:BUART:tx_fifo_empty\ ,
            status_0 => \UART_ESP:BUART:tx_status_0\ );
        Properties:
        {
            cy_force_order = 1
            cy_int_mask = "1111111"
            cy_md_select = "0000001"
        }
        Clock Polarity: Active High
        Clock Enable: True

    statusicell: Name =\UART_ESP:BUART:sRX:RxSts\
        PORT MAP (
            clock => \UART_ESP:Net_9\ ,
            status_5 => \UART_ESP:BUART:rx_status_5\ ,
            status_4 => \UART_ESP:BUART:rx_status_4\ ,
            status_3 => \UART_ESP:BUART:rx_status_3\ ,
            interrupt => Net_133 );
        Properties:
        {
            cy_force_order = 1
            cy_int_mask = "1111111"
            cy_md_select = "1011111"
        }
        Clock Polarity: Active High
        Clock Enable: True

    statusicell: Name =\PWM:PWMUDB:genblk8:stsreg\
        PORT MAP (
            clock => Net_185 ,
            status_3 => \PWM:PWMUDB:status_3\ ,
            status_2 => \PWM:PWMUDB:status_2\ ,
            status_1 => \PWM:PWMUDB:status_1\ ,
            status_0 => \PWM:PWMUDB:status_0\ );
        Properties:
        {
            cy_force_order = 1
            cy_int_mask = "1111111"
            cy_md_select = "0100111"
        }
        Clock Polarity: Active High
        Clock Enable: True
    </CYPRESSTAG>
    <CYPRESSTAG name="Sync listing">

    ------------------------------------------------------------
    Sync listing
    ------------------------------------------------------------

    synccell: Name =\ADC_SA1:Sync:genblk1[0]:INST\
        PORT MAP (
            clock => ClockBlock_BUS_CLK ,
            in => \ADC_SA1:nrq\ ,
            out => \ADC_SA1:Net_3935\ );
        Clock Polarity: Active High
        Clock Enable: True
    </CYPRESSTAG>
    <CYPRESSTAG name="Control register listing">

    ------------------------------------------------------------
    Control register listing
    ------------------------------------------------------------

    controlcell: Name =\ADC_SA1:bSAR_SEQ:CtrlReg\
        PORT MAP (
            clock => \ADC_SA1:clock\ ,
            control_7 => \ADC_SA1:bSAR_SEQ:control_7\ ,
            control_6 => \ADC_SA1:bSAR_SEQ:control_6\ ,
            control_5 => \ADC_SA1:bSAR_SEQ:control_5\ ,
            control_4 => \ADC_SA1:bSAR_SEQ:control_4\ ,
            control_3 => \ADC_SA1:bSAR_SEQ:control_3\ ,
            control_2 => \ADC_SA1:bSAR_SEQ:control_2\ ,
            control_1 => \ADC_SA1:bSAR_SEQ:load_period\ ,
            control_0 => \ADC_SA1:bSAR_SEQ:enable\ );
        Properties:
        {
            cy_ctrl_mode_0 = "00000111"
            cy_ctrl_mode_1 = "00000110"
            cy_ext_reset = 0
            cy_force_order = 1
            cy_init_value = "00000000"
        }
        Clock Polarity: Active High
        Clock Enable: True

    controlcell: Name =\PWM:PWMUDB:genblk1:ctrlreg\
        PORT MAP (
            clock => Net_185 ,
            control_7 => \PWM:PWMUDB:control_7\ ,
            control_6 => \PWM:PWMUDB:control_6\ ,
            control_5 => \PWM:PWMUDB:control_5\ ,
            control_4 => \PWM:PWMUDB:control_4\ ,
            control_3 => \PWM:PWMUDB:control_3\ ,
            control_2 => \PWM:PWMUDB:control_2\ ,
            control_1 => \PWM:PWMUDB:control_1\ ,
            control_0 => \PWM:PWMUDB:control_0\ );
        Properties:
        {
            cy_ctrl_mode_0 = "11111111"
            cy_ctrl_mode_1 = "00000000"
            cy_ext_reset = 0
            cy_force_order = 1
            cy_init_value = "00000000"
        }
        Clock Polarity: Active High
        Clock Enable: True

    controlcell: Name =\resetTimerpH:Sync:ctrl_reg\
        PORT MAP (
            control_7 => \resetTimerpH:control_7\ ,
            control_6 => \resetTimerpH:control_6\ ,
            control_5 => \resetTimerpH:control_5\ ,
            control_4 => \resetTimerpH:control_4\ ,
            control_3 => \resetTimerpH:control_3\ ,
            control_2 => \resetTimerpH:control_2\ ,
            control_1 => \resetTimerpH:control_1\ ,
            control_0 => Net_168 );
        Properties:
        {
            cy_ctrl_mode_0 = "00000000"
            cy_ctrl_mode_1 = "00000000"
            cy_ext_reset = 0
            cy_force_order = 1
            cy_init_value = "00000000"
        }
        Clock Enable: True
    </CYPRESSTAG>
    <CYPRESSTAG name="Count7 listing">

    ------------------------------------------------------------
    Count7 listing
    ------------------------------------------------------------

    count7cell: Name =\UART_PSOC:BUART:sRX:RxBitCounter\
        PORT MAP (
            clock => \UART_PSOC:Net_9\ ,
            load => \UART_PSOC:BUART:rx_counter_load\ ,
            count_6 => MODIN6_6 ,
            count_5 => MODIN6_5 ,
            count_4 => MODIN6_4 ,
            count_3 => MODIN6_3 ,
            count_2 => \UART_PSOC:BUART:rx_count_2\ ,
            count_1 => \UART_PSOC:BUART:rx_count_1\ ,
            count_0 => \UART_PSOC:BUART:rx_count_0\ ,
            tc => \UART_PSOC:BUART:rx_count7_tc\ );
        Properties:
        {
            cy_alt_mode = 0
            cy_init_value = "0000000"
            cy_period = "1110010"
            cy_route_en = 1
            cy_route_ld = 1
        }
        Clock Polarity: Active High
        Clock Enable: True

    count7cell: Name =\ADC_SA1:bSAR_SEQ:ChannelCounter\
        PORT MAP (
            clock => \ADC_SA1:clock\ ,
            load => \ADC_SA1:bSAR_SEQ:load_period\ ,
            enable => \ADC_SA1:bSAR_SEQ:cnt_enable\ ,
            count_6 => \ADC_SA1:bSAR_SEQ:count_6\ ,
            count_5 => \ADC_SA1:ch_addr_5\ ,
            count_4 => \ADC_SA1:ch_addr_4\ ,
            count_3 => \ADC_SA1:ch_addr_3\ ,
            count_2 => \ADC_SA1:ch_addr_2\ ,
            count_1 => \ADC_SA1:ch_addr_1\ ,
            count_0 => \ADC_SA1:ch_addr_0\ ,
            tc => \ADC_SA1:bSAR_SEQ:cnt_tc\ ,
            clk_en => \ADC_SA1:bSAR_SEQ:enable\ );
        Properties:
        {
            cy_alt_mode = 0
            cy_init_value = "0000000"
            cy_period = "0000010"
            cy_route_en = 1
            cy_route_ld = 1
        }
        Clock Polarity: Active High
        Clock Enable: PosEdge(\ADC_SA1:bSAR_SEQ:enable\)

    count7cell: Name =\UART_ESP:BUART:sRX:RxBitCounter\
        PORT MAP (
            clock => \UART_ESP:Net_9\ ,
            load => \UART_ESP:BUART:rx_counter_load\ ,
            count_6 => \UART_ESP:BUART:rx_count_6\ ,
            count_5 => \UART_ESP:BUART:rx_count_5\ ,
            count_4 => \UART_ESP:BUART:rx_count_4\ ,
            count_3 => \UART_ESP:BUART:rx_count_3\ ,
            count_2 => \UART_ESP:BUART:rx_count_2\ ,
            count_1 => \UART_ESP:BUART:rx_count_1\ ,
            count_0 => \UART_ESP:BUART:rx_count_0\ ,
            tc => \UART_ESP:BUART:rx_count7_tc\ );
        Properties:
        {
            cy_alt_mode = 0
            cy_init_value = "0000000"
            cy_period = "1110010"
            cy_route_en = 1
            cy_route_ld = 1
        }
        Clock Polarity: Active High
        Clock Enable: True
    </CYPRESSTAG>
    <CYPRESSTAG name="DRQ listing">

    ------------------------------------------------------------
    DRQ listing
    ------------------------------------------------------------

    drqcell: Name =\ADC_SA1:TempBuf\
        PORT MAP (
            dmareq => \ADC_SA1:Net_3830\ ,
            termin => zero ,
            termout => \ADC_SA1:Net_3698\ );
        Properties:
        {
            drq_type = "00"
            num_tds = 0
        }

    drqcell: Name =\ADC_SA1:FinalBuf\
        PORT MAP (
            dmareq => \ADC_SA1:Net_3698\ ,
            termin => zero ,
            termout => \ADC_SA1:nrq\ );
        Properties:
        {
            drq_type = "00"
            num_tds = 0
        }
    </CYPRESSTAG>
    <CYPRESSTAG name="Interrupt listing">

    ------------------------------------------------------------
    Interrupt listing
    ------------------------------------------------------------

    interrupt: Name =\ADC_SA1:IRQ\
        PORT MAP (
            interrupt => Net_25 );
        Properties:
        {
            int_type = "10"
            is_nmi = 0
        }

    interrupt: Name =isr_rx2
        PORT MAP (
            interrupt => Net_133 );
        Properties:
        {
            int_type = "10"
            is_nmi = 0
        }

    interrupt: Name =int_pH
        PORT MAP (
            interrupt => Net_173 );
        Properties:
        {
            int_type = "10"
            is_nmi = 0
        }
    </CYPRESSTAG>
</CYPRESSTAG>
<CYPRESSTAG name="Technology mapping summary" expanded>

------------------------------------------------------------
Technology mapping summary
------------------------------------------------------------

Resource Type                 : Used : Free :  Max :  % Used
============================================================
Digital Clocks                :    5 :    3 :    8 : 62.50 %
Analog Clocks                 :    0 :    4 :    4 :  0.00 %
CapSense Buffers              :    0 :    2 :    2 :  0.00 %
Digital Filter Block          :    0 :    1 :    1 :  0.00 %
Interrupts                    :    3 :   29 :   32 :  9.38 %
IO                            :   16 :   32 :   48 : 33.33 %
Segment LCD                   :    0 :    1 :    1 :  0.00 %
CAN 2.0b                      :    0 :    1 :    1 :  0.00 %
I2C                           :    0 :    1 :    1 :  0.00 %
USB                           :    0 :    1 :    1 :  0.00 %
DMA Channels                  :    2 :   22 :   24 :  8.33 %
Timer                         :    1 :    3 :    4 : 25.00 %
UDB                           :      :      :      :        
  Macrocells                  :  133 :   59 :  192 : 69.27 %
  Unique P-terms              :  184 :  200 :  384 : 47.92 %
  Total P-terms               :  202 :      :      :        
  Datapath Cells              :    8 :   16 :   24 : 33.33 %
  Status Cells                :   10 :   14 :   24 : 41.67 %
    Status Registers          :    1 :      :      :        
    StatusI Registers         :    5 :      :      :        
    Sync Cells (x1)           :    1 :      :      :        
    Routed Count7 Load/Enable :    3 :      :      :        
  Control Cells               :    6 :   18 :   24 : 25.00 %
    Control Registers         :    3 :      :      :        
    Count7 Cells              :    3 :      :      :        
Opamp                         :    0 :    4 :    4 :  0.00 %
Comparator                    :    0 :    4 :    4 :  0.00 %
Delta-Sigma ADC               :    0 :    1 :    1 :  0.00 %
LPF                           :    0 :    2 :    2 :  0.00 %
SAR ADC                       :    1 :    1 :    2 : 50.00 %
Analog (SC/CT) Blocks         :    0 :    4 :    4 :  0.00 %
DAC                           :      :      :      :        
  VIDAC                       :    0 :    4 :    4 :  0.00 %
</CYPRESSTAG>
Technology Mapping: Elapsed time ==> 0s.369ms
Tech Mapping phase: Elapsed time ==> 0s.482ms
</CYPRESSTAG>
<CYPRESSTAG name="Analog Placement">
Info: apr.M0002: Analog signal "Net_30" is connected to one terminal only. (App=cydsfit)
Info: apr.M0002: Analog signal "Net_32" is connected to one terminal only. (App=cydsfit)
Info: apr.M0002: Analog signal "Net_34" is connected to one terminal only. (App=cydsfit)
Info: apr.M0002: Analog signal "Net_35" is connected to one terminal only. (App=cydsfit)
Info: apr.M0002: Analog signal "Net_37" is connected to one terminal only. (App=cydsfit)
Info: apr.M0002: Analog signal "Net_39" is connected to one terminal only. (App=cydsfit)
Info: apr.M0002: Analog signal "Net_40" is connected to one terminal only. (App=cydsfit)
Info: apr.M0002: Analog signal "Net_42" is connected to one terminal only. (App=cydsfit)
Info: apr.M0002: Analog signal "Net_44" is connected to one terminal only. (App=cydsfit)
Info: apr.M0002: Analog signal "Net_45" is connected to one terminal only. (App=cydsfit)
Info: apr.M0002: Analog signal "Net_47" is connected to one terminal only. (App=cydsfit)
Info: apr.M0002: Analog signal "Net_49" is connected to one terminal only. (App=cydsfit)
Info: apr.M0002: Analog signal "Net_50" is connected to one terminal only. (App=cydsfit)
Info: apr.M0002: Analog signal "Net_52" is connected to one terminal only. (App=cydsfit)
Info: apr.M0002: Analog signal "Net_54" is connected to one terminal only. (App=cydsfit)
Info: apr.M0002: Analog signal "Net_55" is connected to one terminal only. (App=cydsfit)
Info: apr.M0002: Analog signal "Net_57" is connected to one terminal only. (App=cydsfit)
Info: apr.M0002: Analog signal "Net_59" is connected to one terminal only. (App=cydsfit)
Info: apr.M0002: Analog signal "Net_60" is connected to one terminal only. (App=cydsfit)
Info: apr.M0002: Analog signal "Net_62" is connected to one terminal only. (App=cydsfit)
Info: apr.M0002: Analog signal "Net_64" is connected to one terminal only. (App=cydsfit)
Info: apr.M0002: Analog signal "Net_65" is connected to one terminal only. (App=cydsfit)
Info: apr.M0002: Analog signal "Net_67" is connected to one terminal only. (App=cydsfit)
Info: apr.M0002: Analog signal "Net_69" is connected to one terminal only. (App=cydsfit)
Info: apr.M0002: Analog signal "Net_70" is connected to one terminal only. (App=cydsfit)
Info: apr.M0002: Analog signal "Net_72" is connected to one terminal only. (App=cydsfit)
Info: apr.M0002: Analog signal "Net_74" is connected to one terminal only. (App=cydsfit)
Info: apr.M0002: Analog signal "Net_75" is connected to one terminal only. (App=cydsfit)
Info: apr.M0002: Analog signal "Net_77" is connected to one terminal only. (App=cydsfit)
Info: apr.M0002: Analog signal "Net_79" is connected to one terminal only. (App=cydsfit)
Info: apr.M0002: Analog signal "Net_80" is connected to one terminal only. (App=cydsfit)
Info: apr.M0002: Analog signal "Net_82" is connected to one terminal only. (App=cydsfit)
Info: apr.M0002: Analog signal "Net_84" is connected to one terminal only. (App=cydsfit)
Info: apr.M0002: Analog signal "Net_85" is connected to one terminal only. (App=cydsfit)
Info: apr.M0002: Analog signal "Net_87" is connected to one terminal only. (App=cydsfit)
Info: apr.M0002: Analog signal "Net_89" is connected to one terminal only. (App=cydsfit)
Info: apr.M0002: Analog signal "Net_90" is connected to one terminal only. (App=cydsfit)
Info: apr.M0002: Analog signal "Net_92" is connected to one terminal only. (App=cydsfit)
Info: apr.M0002: Analog signal "Net_94" is connected to one terminal only. (App=cydsfit)
Info: apr.M0002: Analog signal "Net_95" is connected to one terminal only. (App=cydsfit)
Info: apr.M0002: Analog signal "Net_97" is connected to one terminal only. (App=cydsfit)
Info: apr.M0002: Analog signal "Net_99" is connected to one terminal only. (App=cydsfit)
Info: apr.M0002: Analog signal "Net_100" is connected to one terminal only. (App=cydsfit)
Info: apr.M0002: Analog signal "Net_102" is connected to one terminal only. (App=cydsfit)
Info: apr.M0002: Analog signal "Net_104" is connected to one terminal only. (App=cydsfit)
Info: apr.M0002: Analog signal "Net_105" is connected to one terminal only. (App=cydsfit)
Info: apr.M0002: Analog signal "Net_106" is connected to one terminal only. (App=cydsfit)
Info: apr.M0002: Analog signal "Net_107" is connected to one terminal only. (App=cydsfit)
Info: apr.M0002: Analog signal "Net_108" is connected to one terminal only. (App=cydsfit)
Info: apr.M0002: Analog signal "Net_109" is connected to one terminal only. (App=cydsfit)
Info: apr.M0002: Analog signal "Net_110" is connected to one terminal only. (App=cydsfit)
Info: apr.M0002: Analog signal "Net_111" is connected to one terminal only. (App=cydsfit)
Info: apr.M0002: Analog signal "Net_112" is connected to one terminal only. (App=cydsfit)
Info: apr.M0002: Analog signal "Net_113" is connected to one terminal only. (App=cydsfit)
Info: apr.M0002: Analog signal "Net_114" is connected to one terminal only. (App=cydsfit)
Info: apr.M0002: Analog signal "Net_115" is connected to one terminal only. (App=cydsfit)
Info: apr.M0002: Analog signal "Net_116" is connected to one terminal only. (App=cydsfit)
Info: apr.M0002: Analog signal "Net_117" is connected to one terminal only. (App=cydsfit)
Info: apr.M0002: Analog signal "Net_118" is connected to one terminal only. (App=cydsfit)
Info: apr.M0002: Analog signal "Net_119" is connected to one terminal only. (App=cydsfit)
Info: apr.M0002: Analog signal "Net_120" is connected to one terminal only. (App=cydsfit)
Initial Analog Placement Results:
IO_4@[IOP=(2)][IoId=(4)] : Pin_Bomba(0) (fixed)
IO_1@[IOP=(2)][IoId=(1)] : Pin_LED(0) (fixed)
IO_0@[IOP=(2)][IoId=(0)] : Pin_LED_R(0) (fixed)
IO_2@[IOP=(2)][IoId=(2)] : Pin_LED_V(0) (fixed)
IO_2@[IOP=(0)][IoId=(2)] : Pin_PH(0) (fixed)
IO_1@[IOP=(0)][IoId=(1)] : Pin_S_A(0) (fixed)
IO_0@[IOP=(0)][IoId=(0)] : Pin_S_A_1(0) (fixed)
IO_6@[IOP=(12)][IoId=(6)] : Rx_1(0) (fixed)
IO_2@[IOP=(12)][IoId=(2)] : Rx_2(0) (fixed)
IO_7@[IOP=(12)][IoId=(7)] : Tx_1(0) (fixed)
IO_3@[IOP=(12)][IoId=(3)] : Tx_2(0) (fixed)
IO_4@[IOP=(3)][IoId=(4)] : pHe(0) (fixed)
IO_5@[IOP=(3)][IoId=(5)] : pHr(0) (fixed)
SAR[1]@[FFB(SAR,1)] : \ADC_SA1:SAR:ADC_SAR\
Vref[13]@[FFB(Vref,13)] : \ADC_SA1:SAR:vRef_Vdda_1\
Log: apr.M0058: The analog placement iterative improvement is 48% done. (App=cydsfit)
Analog Placement Results:
IO_4@[IOP=(2)][IoId=(4)] : Pin_Bomba(0) (fixed)
IO_1@[IOP=(2)][IoId=(1)] : Pin_LED(0) (fixed)
IO_0@[IOP=(2)][IoId=(0)] : Pin_LED_R(0) (fixed)
IO_2@[IOP=(2)][IoId=(2)] : Pin_LED_V(0) (fixed)
IO_2@[IOP=(0)][IoId=(2)] : Pin_PH(0) (fixed)
IO_1@[IOP=(0)][IoId=(1)] : Pin_S_A(0) (fixed)
IO_0@[IOP=(0)][IoId=(0)] : Pin_S_A_1(0) (fixed)
IO_6@[IOP=(12)][IoId=(6)] : Rx_1(0) (fixed)
IO_2@[IOP=(12)][IoId=(2)] : Rx_2(0) (fixed)
IO_7@[IOP=(12)][IoId=(7)] : Tx_1(0) (fixed)
IO_3@[IOP=(12)][IoId=(3)] : Tx_2(0) (fixed)
IO_4@[IOP=(3)][IoId=(4)] : pHe(0) (fixed)
IO_5@[IOP=(3)][IoId=(5)] : pHr(0) (fixed)
SAR[0]@[FFB(SAR,0)] : \ADC_SA1:SAR:ADC_SAR\
Vref[13]@[FFB(Vref,13)] : \ADC_SA1:SAR:vRef_Vdda_1\

Analog Placement phase: Elapsed time ==> 2s.333ms
</CYPRESSTAG>
<CYPRESSTAG name="Analog Routing">
Analog Routing phase: Elapsed time ==> 0s.024ms
</CYPRESSTAG>
<CYPRESSTAG name="Analog Code Generation">
============ Analog Final Answer Routes ============
Dump of CyAnalogRoutingResultsDB
Map of net to items {
  Net: \ADC_SA1:Net_2803\ {
    sar_0_vplus
  }
  Net: Net_26 {
    p0_0
  }
  Net: Net_27 {
    p0_1
  }
  Net: Net_29 {
    p0_2
  }
  Net: Net_30 {
  }
  Net: Net_32 {
  }
  Net: Net_34 {
  }
  Net: Net_35 {
  }
  Net: Net_37 {
  }
  Net: Net_39 {
  }
  Net: Net_40 {
  }
  Net: Net_42 {
  }
  Net: Net_44 {
  }
  Net: Net_45 {
  }
  Net: Net_47 {
  }
  Net: Net_49 {
  }
  Net: Net_50 {
  }
  Net: Net_52 {
  }
  Net: Net_54 {
  }
  Net: Net_55 {
  }
  Net: Net_57 {
  }
  Net: Net_59 {
  }
  Net: Net_60 {
  }
  Net: Net_62 {
  }
  Net: Net_64 {
  }
  Net: Net_65 {
  }
  Net: Net_67 {
  }
  Net: Net_69 {
  }
  Net: Net_70 {
  }
  Net: Net_72 {
  }
  Net: Net_74 {
  }
  Net: Net_75 {
  }
  Net: Net_77 {
  }
  Net: Net_79 {
  }
  Net: Net_80 {
  }
  Net: Net_82 {
  }
  Net: Net_84 {
  }
  Net: Net_85 {
  }
  Net: Net_87 {
  }
  Net: Net_89 {
  }
  Net: Net_90 {
  }
  Net: Net_92 {
  }
  Net: Net_94 {
  }
  Net: Net_95 {
  }
  Net: Net_97 {
  }
  Net: Net_99 {
  }
  Net: Net_100 {
  }
  Net: Net_102 {
  }
  Net: Net_104 {
  }
  Net: Net_105 {
  }
  Net: Net_106 {
  }
  Net: Net_107 {
  }
  Net: Net_108 {
  }
  Net: Net_109 {
  }
  Net: Net_110 {
  }
  Net: Net_111 {
  }
  Net: Net_112 {
  }
  Net: Net_113 {
  }
  Net: Net_114 {
  }
  Net: Net_115 {
  }
  Net: Net_116 {
  }
  Net: Net_117 {
  }
  Net: Net_118 {
  }
  Net: Net_119 {
  }
  Net: Net_120 {
  }
  Net: \ADC_SA1:SAR:Net_126\ {
    sar_0_vrefhi
    sar_0_vminus_x_sar_0_vrefhi
    sar_0_vminus
  }
  Net: \ADC_SA1:SAR:Net_209\ {
  }
  Net: \ADC_SA1:SAR:Net_235\ {
    common_sar_vref_vdda/2
    common_sar_vref_vdda/2_x_sar_0_vref_vdda_vdda_2
    sar_0_vref_vdda_vdda_2
    sar_0_vref_x_sar_0_vref_vdda_vdda_2
    sar_0_vref
  }
  Net: AmuxNet::\ADC_SA1:AMuxHw_2\ {
    sar_0_vplus
    agl5_x_sar_0_vplus
    agl5
    agl5_x_p0_1
    agl4_x_sar_0_vplus
    agl4
    agl4_x_p0_0
    agl6_x_sar_0_vplus
    agl6
    agl6_x_p0_2
    p0_1
    p0_0
    p0_2
  }
}
Map of item to net {
  sar_0_vrefhi                                     -> \ADC_SA1:SAR:Net_126\
  sar_0_vminus_x_sar_0_vrefhi                      -> \ADC_SA1:SAR:Net_126\
  sar_0_vminus                                     -> \ADC_SA1:SAR:Net_126\
  common_sar_vref_vdda/2                           -> \ADC_SA1:SAR:Net_235\
  common_sar_vref_vdda/2_x_sar_0_vref_vdda_vdda_2  -> \ADC_SA1:SAR:Net_235\
  sar_0_vref_vdda_vdda_2                           -> \ADC_SA1:SAR:Net_235\
  sar_0_vref_x_sar_0_vref_vdda_vdda_2              -> \ADC_SA1:SAR:Net_235\
  sar_0_vref                                       -> \ADC_SA1:SAR:Net_235\
  sar_0_vplus                                      -> \ADC_SA1:Net_2803\
  p0_0                                             -> Net_26
  p0_1                                             -> Net_27
  p0_2                                             -> Net_29
  agl5_x_sar_0_vplus                               -> AmuxNet::\ADC_SA1:AMuxHw_2\
  agl5                                             -> AmuxNet::\ADC_SA1:AMuxHw_2\
  agl5_x_p0_1                                      -> AmuxNet::\ADC_SA1:AMuxHw_2\
  agl4_x_sar_0_vplus                               -> AmuxNet::\ADC_SA1:AMuxHw_2\
  agl4                                             -> AmuxNet::\ADC_SA1:AMuxHw_2\
  agl4_x_p0_0                                      -> AmuxNet::\ADC_SA1:AMuxHw_2\
  agl6_x_sar_0_vplus                               -> AmuxNet::\ADC_SA1:AMuxHw_2\
  agl6                                             -> AmuxNet::\ADC_SA1:AMuxHw_2\
  agl6_x_p0_2                                      -> AmuxNet::\ADC_SA1:AMuxHw_2\
}
Mux Info {
  Mux: \ADC_SA1:AMuxHw_2\ {
     Mouth: \ADC_SA1:Net_2803\
     Guts:  AmuxNet::\ADC_SA1:AMuxHw_2\
     IsSingleSwitching: False
     IsStaticSwitching: True
     IsAtMostOneSwitch: True
    Arm: 0 {
      Net:   Net_26
      Outer: agl4_x_p0_0
      Inner: agl4_x_sar_0_vplus
      Path {
        p0_0
        agl4_x_p0_0
        agl4
        agl4_x_sar_0_vplus
        sar_0_vplus
      }
    }
    Arm: 1 {
      Net:   Net_27
      Outer: agl5_x_p0_1
      Inner: agl5_x_sar_0_vplus
      Path {
        p0_1
        agl5_x_p0_1
        agl5
        agl5_x_sar_0_vplus
        sar_0_vplus
      }
    }
    Arm: 2 {
      Net:   Net_29
      Outer: agl6_x_p0_2
      Inner: agl6_x_sar_0_vplus
      Path {
        p0_2
        agl6_x_p0_2
        agl6
        agl6_x_sar_0_vplus
        sar_0_vplus
      }
    }
    Arm: 3 {
      Net:   Net_30
      Outer: __open__
      Inner: __open__
      Path {
      }
    }
    Arm: 4 {
      Net:   Net_32
      Outer: __open__
      Inner: __open__
      Path {
      }
    }
    Arm: 5 {
      Net:   Net_34
      Outer: __open__
      Inner: __open__
      Path {
      }
    }
    Arm: 6 {
      Net:   Net_35
      Outer: __open__
      Inner: __open__
      Path {
      }
    }
    Arm: 7 {
      Net:   Net_37
      Outer: __open__
      Inner: __open__
      Path {
      }
    }
    Arm: 8 {
      Net:   Net_39
      Outer: __open__
      Inner: __open__
      Path {
      }
    }
    Arm: 9 {
      Net:   Net_40
      Outer: __open__
      Inner: __open__
      Path {
      }
    }
    Arm: 10 {
      Net:   Net_42
      Outer: __open__
      Inner: __open__
      Path {
      }
    }
    Arm: 11 {
      Net:   Net_44
      Outer: __open__
      Inner: __open__
      Path {
      }
    }
    Arm: 12 {
      Net:   Net_45
      Outer: __open__
      Inner: __open__
      Path {
      }
    }
    Arm: 13 {
      Net:   Net_47
      Outer: __open__
      Inner: __open__
      Path {
      }
    }
    Arm: 14 {
      Net:   Net_49
      Outer: __open__
      Inner: __open__
      Path {
      }
    }
    Arm: 15 {
      Net:   Net_50
      Outer: __open__
      Inner: __open__
      Path {
      }
    }
    Arm: 16 {
      Net:   Net_52
      Outer: __open__
      Inner: __open__
      Path {
      }
    }
    Arm: 17 {
      Net:   Net_54
      Outer: __open__
      Inner: __open__
      Path {
      }
    }
    Arm: 18 {
      Net:   Net_55
      Outer: __open__
      Inner: __open__
      Path {
      }
    }
    Arm: 19 {
      Net:   Net_57
      Outer: __open__
      Inner: __open__
      Path {
      }
    }
    Arm: 20 {
      Net:   Net_59
      Outer: __open__
      Inner: __open__
      Path {
      }
    }
    Arm: 21 {
      Net:   Net_60
      Outer: __open__
      Inner: __open__
      Path {
      }
    }
    Arm: 22 {
      Net:   Net_62
      Outer: __open__
      Inner: __open__
      Path {
      }
    }
    Arm: 23 {
      Net:   Net_64
      Outer: __open__
      Inner: __open__
      Path {
      }
    }
    Arm: 24 {
      Net:   Net_65
      Outer: __open__
      Inner: __open__
      Path {
      }
    }
    Arm: 25 {
      Net:   Net_67
      Outer: __open__
      Inner: __open__
      Path {
      }
    }
    Arm: 26 {
      Net:   Net_69
      Outer: __open__
      Inner: __open__
      Path {
      }
    }
    Arm: 27 {
      Net:   Net_70
      Outer: __open__
      Inner: __open__
      Path {
      }
    }
    Arm: 28 {
      Net:   Net_72
      Outer: __open__
      Inner: __open__
      Path {
      }
    }
    Arm: 29 {
      Net:   Net_74
      Outer: __open__
      Inner: __open__
      Path {
      }
    }
    Arm: 30 {
      Net:   Net_75
      Outer: __open__
      Inner: __open__
      Path {
      }
    }
    Arm: 31 {
      Net:   Net_77
      Outer: __open__
      Inner: __open__
      Path {
      }
    }
    Arm: 32 {
      Net:   Net_79
      Outer: __open__
      Inner: __open__
      Path {
      }
    }
    Arm: 33 {
      Net:   Net_80
      Outer: __open__
      Inner: __open__
      Path {
      }
    }
    Arm: 34 {
      Net:   Net_82
      Outer: __open__
      Inner: __open__
      Path {
      }
    }
    Arm: 35 {
      Net:   Net_84
      Outer: __open__
      Inner: __open__
      Path {
      }
    }
    Arm: 36 {
      Net:   Net_85
      Outer: __open__
      Inner: __open__
      Path {
      }
    }
    Arm: 37 {
      Net:   Net_87
      Outer: __open__
      Inner: __open__
      Path {
      }
    }
    Arm: 38 {
      Net:   Net_89
      Outer: __open__
      Inner: __open__
      Path {
      }
    }
    Arm: 39 {
      Net:   Net_90
      Outer: __open__
      Inner: __open__
      Path {
      }
    }
    Arm: 40 {
      Net:   Net_92
      Outer: __open__
      Inner: __open__
      Path {
      }
    }
    Arm: 41 {
      Net:   Net_94
      Outer: __open__
      Inner: __open__
      Path {
      }
    }
    Arm: 42 {
      Net:   Net_95
      Outer: __open__
      Inner: __open__
      Path {
      }
    }
    Arm: 43 {
      Net:   Net_97
      Outer: __open__
      Inner: __open__
      Path {
      }
    }
    Arm: 44 {
      Net:   Net_99
      Outer: __open__
      Inner: __open__
      Path {
      }
    }
    Arm: 45 {
      Net:   Net_100
      Outer: __open__
      Inner: __open__
      Path {
      }
    }
    Arm: 46 {
      Net:   Net_102
      Outer: __open__
      Inner: __open__
      Path {
      }
    }
    Arm: 47 {
      Net:   Net_104
      Outer: __open__
      Inner: __open__
      Path {
      }
    }
    Arm: 48 {
      Net:   Net_105
      Outer: __open__
      Inner: __open__
      Path {
      }
    }
    Arm: 49 {
      Net:   Net_106
      Outer: __open__
      Inner: __open__
      Path {
      }
    }
    Arm: 50 {
      Net:   Net_107
      Outer: __open__
      Inner: __open__
      Path {
      }
    }
    Arm: 51 {
      Net:   Net_108
      Outer: __open__
      Inner: __open__
      Path {
      }
    }
    Arm: 52 {
      Net:   Net_109
      Outer: __open__
      Inner: __open__
      Path {
      }
    }
    Arm: 53 {
      Net:   Net_110
      Outer: __open__
      Inner: __open__
      Path {
      }
    }
    Arm: 54 {
      Net:   Net_111
      Outer: __open__
      Inner: __open__
      Path {
      }
    }
    Arm: 55 {
      Net:   Net_112
      Outer: __open__
      Inner: __open__
      Path {
      }
    }
    Arm: 56 {
      Net:   Net_113
      Outer: __open__
      Inner: __open__
      Path {
      }
    }
    Arm: 57 {
      Net:   Net_114
      Outer: __open__
      Inner: __open__
      Path {
      }
    }
    Arm: 58 {
      Net:   Net_115
      Outer: __open__
      Inner: __open__
      Path {
      }
    }
    Arm: 59 {
      Net:   Net_116
      Outer: __open__
      Inner: __open__
      Path {
      }
    }
    Arm: 60 {
      Net:   Net_117
      Outer: __open__
      Inner: __open__
      Path {
      }
    }
    Arm: 61 {
      Net:   Net_118
      Outer: __open__
      Inner: __open__
      Path {
      }
    }
    Arm: 62 {
      Net:   Net_119
      Outer: __open__
      Inner: __open__
      Path {
      }
    }
    Arm: 63 {
      Net:   Net_120
      Outer: __open__
      Inner: __open__
      Path {
      }
    }
  }
}
Dump of CyP35AnalogRoutingResultsDB
IsVddaHalfUsedForComp = False
IsVddaHalfUsedForSar0 = True
IsVddaHalfUsedForSar1 = False
Analog Code Generation phase: Elapsed time ==> 0s.280ms
</CYPRESSTAG>
<CYPRESSTAG name="Digital Placement">
<CYPRESSTAG name="Detailed placement messages">
I2076: Total run-time: 3.8 sec.

</CYPRESSTAG>
<CYPRESSTAG name="PLD Packing">
<CYPRESSTAG name="PLD Packing Summary" expanded>

------------------------------------------------------------
PLD Packing Summary
------------------------------------------------------------
            Resource Type : Used : Free :  Max :  % Used
    ====================================================
                     PLDs :   44 :    4 :   48 :  91.67%

<CYPRESSTAG name="PLD Statistics">

        PLD Resource Type :     Average/LAB
    =======================================
                   Inputs :            8.25
                   Pterms :            4.34
               Macrocells :            3.02
</CYPRESSTAG>
<CYPRESSTAG name="Packed PLD Contents">
Packed PLD Contents not displayed at this verbose level.</CYPRESSTAG>
</CYPRESSTAG>
PLD Packing: Elapsed time ==> 0s.022ms
</CYPRESSTAG>
<CYPRESSTAG name="Partitioning">
<CYPRESSTAG name="Initial Partitioning Summary">
Initial Partitioning Summary not displayed at this verbose level.</CYPRESSTAG>
<CYPRESSTAG name="Final Partitioning Summary">
Final Partitioning Summary not displayed at this verbose level.</CYPRESSTAG>
Partitioning: Elapsed time ==> 0s.192ms
</CYPRESSTAG>
<CYPRESSTAG name="Final Placement Summary">

------------------------------------------------------------
Final Placement Summary
------------------------------------------------------------

       Resource Type :      Count : Avg Inputs : Avg Outputs
    ========================================================
                 UDB :         22 :      11.45 :       6.05
<CYPRESSTAG name="Final Placement Details">
<CYPRESSTAG name="Component Details">

------------------------------------------------------------
Component Placement Details
------------------------------------------------------------
UDB [UDB=(0,0)] contents:
LAB@[UDB=(0,0)][LB=0] #macrocells=4, #inputs=11, #pterms=7
{
    [McSlotId=0]:     MacroCell: Name=\UART_PSOC:BUART:rx_state_0\, Mode=(T-Register) @ [UDB=(0,0)][LB=0][MC=0]
        Total # of inputs        : 11
        Total # of product terms : 4
        List of special equations: 
            Clock  = (\UART_PSOC:Net_9\) => Global
            Clock Enable: True
        Main Equation            : 4 pterms
        (
              !\UART_PSOC:BUART:tx_ctrl_mark_last\ * 
              !\UART_PSOC:BUART:rx_state_0\ * 
              \UART_PSOC:BUART:rx_bitclk_enable\ * 
              !\UART_PSOC:BUART:rx_state_3\ * \UART_PSOC:BUART:rx_state_2\ * 
              !Net_5 * !MODIN3_1
            + !\UART_PSOC:BUART:tx_ctrl_mark_last\ * 
              !\UART_PSOC:BUART:rx_state_0\ * 
              \UART_PSOC:BUART:rx_bitclk_enable\ * 
              !\UART_PSOC:BUART:rx_state_3\ * \UART_PSOC:BUART:rx_state_2\ * 
              !MODIN3_1 * !MODIN3_0
            + !\UART_PSOC:BUART:tx_ctrl_mark_last\ * 
              \UART_PSOC:BUART:rx_state_0\ * !\UART_PSOC:BUART:rx_state_3\ * 
              !\UART_PSOC:BUART:rx_state_2\ * !MODIN6_6 * !MODIN6_5
            + !\UART_PSOC:BUART:tx_ctrl_mark_last\ * 
              \UART_PSOC:BUART:rx_state_0\ * !\UART_PSOC:BUART:rx_state_3\ * 
              !\UART_PSOC:BUART:rx_state_2\ * !MODIN6_6 * !MODIN6_4
        );
        Output = \UART_PSOC:BUART:rx_state_0\ (fanout=8)
        Properties               : 
        {
        }

    [McSlotId=1]:     MacroCell: Name=\UART_PSOC:BUART:rx_load_fifo\, Mode=(D-Register) @ [UDB=(0,0)][LB=0][MC=1]
        Total # of inputs        : 8
        Total # of product terms : 3
        List of special equations: 
            Clock  = (\UART_PSOC:Net_9\) => Global
            Clock Enable: True
        Main Equation            : 3 pterms
        (
              !\UART_PSOC:BUART:tx_ctrl_mark_last\ * 
              !\UART_PSOC:BUART:rx_state_0\ * 
              \UART_PSOC:BUART:rx_bitclk_enable\ * 
              \UART_PSOC:BUART:rx_state_3\ * !\UART_PSOC:BUART:rx_state_2\
            + !\UART_PSOC:BUART:tx_ctrl_mark_last\ * 
              \UART_PSOC:BUART:rx_state_0\ * !\UART_PSOC:BUART:rx_state_3\ * 
              !\UART_PSOC:BUART:rx_state_2\ * !MODIN6_6 * !MODIN6_5
            + !\UART_PSOC:BUART:tx_ctrl_mark_last\ * 
              \UART_PSOC:BUART:rx_state_0\ * !\UART_PSOC:BUART:rx_state_3\ * 
              !\UART_PSOC:BUART:rx_state_2\ * !MODIN6_6 * !MODIN6_4
        );
        Output = \UART_PSOC:BUART:rx_load_fifo\ (fanout=2)
        Properties               : 
        {
        }

    [McSlotId=2]:     MacroCell: Name=\UART_PSOC:BUART:rx_state_3\, Mode=(T-Register) @ [UDB=(0,0)][LB=0][MC=2]
        Total # of inputs        : 8
        Total # of product terms : 3
        List of special equations: 
            Clock  = (\UART_PSOC:Net_9\) => Global
            Clock Enable: True
        Main Equation            : 3 pterms
        (
              !\UART_PSOC:BUART:tx_ctrl_mark_last\ * 
              !\UART_PSOC:BUART:rx_state_0\ * 
              \UART_PSOC:BUART:rx_bitclk_enable\ * 
              \UART_PSOC:BUART:rx_state_3\ * \UART_PSOC:BUART:rx_state_2\
            + !\UART_PSOC:BUART:tx_ctrl_mark_last\ * 
              \UART_PSOC:BUART:rx_state_0\ * !\UART_PSOC:BUART:rx_state_3\ * 
              !\UART_PSOC:BUART:rx_state_2\ * !MODIN6_6 * !MODIN6_5
            + !\UART_PSOC:BUART:tx_ctrl_mark_last\ * 
              \UART_PSOC:BUART:rx_state_0\ * !\UART_PSOC:BUART:rx_state_3\ * 
              !\UART_PSOC:BUART:rx_state_2\ * !MODIN6_6 * !MODIN6_4
        );
        Output = \UART_PSOC:BUART:rx_state_3\ (fanout=7)
        Properties               : 
        {
        }

    [McSlotId=3]:     MacroCell: Name=\UART_PSOC:BUART:rx_state_stop1_reg\, Mode=(D-Register) @ [UDB=(0,0)][LB=0][MC=3]
        Total # of inputs        : 4
        Total # of product terms : 1
        List of special equations: 
            Clock  = (\UART_PSOC:Net_9\) => Global
            Clock Enable: True
        Main Equation            : 1 pterm
        !(
              !\UART_PSOC:BUART:tx_ctrl_mark_last\ * 
              !\UART_PSOC:BUART:rx_state_0\ * \UART_PSOC:BUART:rx_state_3\ * 
              \UART_PSOC:BUART:rx_state_2\
        );
        Output = \UART_PSOC:BUART:rx_state_stop1_reg\ (fanout=1)
        Properties               : 
        {
        }
}

LAB@[UDB=(0,0)][LB=1] #macrocells=3, #inputs=10, #pterms=7
{
    [McSlotId=0]:     MacroCell: Name=\UART_PSOC:BUART:rx_state_2\, Mode=(T-Register) @ [UDB=(0,0)][LB=1][MC=0]
        Total # of inputs        : 10
        Total # of product terms : 5
        List of special equations: 
            Clock  = (\UART_PSOC:Net_9\) => Global
            Clock Enable: True
        Main Equation            : 5 pterms
        (
              !\UART_PSOC:BUART:tx_ctrl_mark_last\ * 
              !\UART_PSOC:BUART:rx_state_0\ * 
              \UART_PSOC:BUART:rx_bitclk_enable\ * 
              \UART_PSOC:BUART:rx_state_3\
            + !\UART_PSOC:BUART:tx_ctrl_mark_last\ * 
              !\UART_PSOC:BUART:rx_state_0\ * 
              \UART_PSOC:BUART:rx_bitclk_enable\ * 
              \UART_PSOC:BUART:rx_state_2\
            + !\UART_PSOC:BUART:tx_ctrl_mark_last\ * 
              !\UART_PSOC:BUART:rx_state_0\ * !\UART_PSOC:BUART:rx_state_3\ * 
              !\UART_PSOC:BUART:rx_state_2\ * !Net_5 * 
              \UART_PSOC:BUART:rx_last\
            + !\UART_PSOC:BUART:tx_ctrl_mark_last\ * 
              \UART_PSOC:BUART:rx_state_0\ * !\UART_PSOC:BUART:rx_state_3\ * 
              !\UART_PSOC:BUART:rx_state_2\ * !MODIN6_6 * !MODIN6_5
            + !\UART_PSOC:BUART:tx_ctrl_mark_last\ * 
              \UART_PSOC:BUART:rx_state_0\ * !\UART_PSOC:BUART:rx_state_3\ * 
              !\UART_PSOC:BUART:rx_state_2\ * !MODIN6_6 * !MODIN6_4
        );
        Output = \UART_PSOC:BUART:rx_state_2\ (fanout=7)
        Properties               : 
        {
        }

    [McSlotId=1]: (empty)
    [McSlotId=2]:     MacroCell: Name=\UART_PSOC:BUART:rx_counter_load\, Mode=(Combinatorial) @ [UDB=(0,0)][LB=1][MC=2]
        Total # of inputs        : 4
        Total # of product terms : 1
            Clock Enable: True
        Main Equation            : 1 pterm
        (
              !\UART_PSOC:BUART:tx_ctrl_mark_last\ * 
              !\UART_PSOC:BUART:rx_state_0\ * !\UART_PSOC:BUART:rx_state_3\ * 
              !\UART_PSOC:BUART:rx_state_2\
        );
        Output = \UART_PSOC:BUART:rx_counter_load\ (fanout=2)
        Properties               : 
        {
        }

    [McSlotId=3]:     MacroCell: Name=\UART_PSOC:BUART:rx_last\, Mode=(D-Register) @ [UDB=(0,0)][LB=1][MC=3]
        Total # of inputs        : 1
        Total # of product terms : 1
        List of special equations: 
            Clock  = (\UART_PSOC:Net_9\) => Global
            Clock Enable: True
        Main Equation            : 1 pterm
        (
              Net_5
        );
        Output = \UART_PSOC:BUART:rx_last\ (fanout=1)
        Properties               : 
        {
        }
}

count7cell: Name =\UART_PSOC:BUART:sRX:RxBitCounter\
    PORT MAP (
        clock => \UART_PSOC:Net_9\ ,
        load => \UART_PSOC:BUART:rx_counter_load\ ,
        count_6 => MODIN6_6 ,
        count_5 => MODIN6_5 ,
        count_4 => MODIN6_4 ,
        count_3 => MODIN6_3 ,
        count_2 => \UART_PSOC:BUART:rx_count_2\ ,
        count_1 => \UART_PSOC:BUART:rx_count_1\ ,
        count_0 => \UART_PSOC:BUART:rx_count_0\ ,
        tc => \UART_PSOC:BUART:rx_count7_tc\ );
    Properties:
    {
        cy_alt_mode = 0
        cy_init_value = "0000000"
        cy_period = "1110010"
        cy_route_en = 1
        cy_route_ld = 1
    }
    Clock Polarity: Active High
    Clock Enable: True

UDB [UDB=(0,1)] contents:
LAB@[UDB=(0,1)][LB=0] #macrocells=4, #inputs=5, #pterms=4
{
    [McSlotId=0]:     MacroCell: Name=Net_25, Mode=(D-Register) @ [UDB=(0,1)][LB=0][MC=0]
        Total # of inputs        : 2
        Total # of product terms : 1
        List of special equations: 
            Clock  = (\ADC_SA1:clock\) => Global
            Clock Enable: PosEdge(\ADC_SA1:bSAR_SEQ:enable\)
        Main Equation            : 1 pterm
        (
              \ADC_SA1:bSAR_SEQ:bus_clk_nrq_reg\ * 
              !\ADC_SA1:bSAR_SEQ:nrq_reg\
        );
        Output = Net_25 (fanout=3)
        Properties               : 
        {
        }

    [McSlotId=1]:     MacroCell: Name=\ADC_SA1:bSAR_SEQ:nrq_reg\, Mode=(D-Register) @ [UDB=(0,1)][LB=0][MC=1]
        Total # of inputs        : 1
        Total # of product terms : 1
        List of special equations: 
            Clock  = (\ADC_SA1:clock\) => Global
            Clock Enable: PosEdge(\ADC_SA1:bSAR_SEQ:enable\)
        Main Equation            : 1 pterm
        (
              \ADC_SA1:bSAR_SEQ:bus_clk_nrq_reg\
        );
        Output = \ADC_SA1:bSAR_SEQ:nrq_reg\ (fanout=1)
        Properties               : 
        {
        }

    [McSlotId=2]:     MacroCell: Name=Net_9, Mode=(Combinatorial) @ [UDB=(0,1)][LB=0][MC=2]
        Total # of inputs        : 1
        Total # of product terms : 1
            Clock Enable: True
        Main Equation            : 1 pterm
        (
              !\UART_PSOC:BUART:txn\
        );
        Output = Net_9 (fanout=1)
        Properties               : 
        {
        }

    [McSlotId=3]:     MacroCell: Name=\UART_PSOC:BUART:rx_status_5\, Mode=(Combinatorial) @ [UDB=(0,1)][LB=0][MC=3]
        Total # of inputs        : 2
        Total # of product terms : 1
            Clock Enable: True
        Main Equation            : 1 pterm
        (
              \UART_PSOC:BUART:rx_fifonotempty\ * 
              \UART_PSOC:BUART:rx_state_stop1_reg\
        );
        Output = \UART_PSOC:BUART:rx_status_5\ (fanout=1)
        Properties               : 
        {
        }
}

LAB@[UDB=(0,1)][LB=1] #macrocells=3, #inputs=10, #pterms=7
{
    [McSlotId=0]:     MacroCell: Name=MODIN3_1, Mode=(D-Register) @ [UDB=(0,1)][LB=1][MC=0]
        Total # of inputs        : 5
        Total # of product terms : 3
        List of special equations: 
            Clock  = (\UART_PSOC:Net_9\) => Global
            Clock Enable: True
        Main Equation            : 3 pterms
        (
              !\UART_PSOC:BUART:rx_count_2\ * !\UART_PSOC:BUART:rx_count_1\ * 
              !Net_5 * MODIN3_1
            + !\UART_PSOC:BUART:rx_count_2\ * !\UART_PSOC:BUART:rx_count_1\ * 
              Net_5 * !MODIN3_1 * MODIN3_0
            + !\UART_PSOC:BUART:rx_count_2\ * !\UART_PSOC:BUART:rx_count_1\ * 
              MODIN3_1 * !MODIN3_0
        );
        Output = MODIN3_1 (fanout=4)
        Properties               : 
        {
        }

    [McSlotId=1]: (empty)
    [McSlotId=2]:     MacroCell: Name=\UART_PSOC:BUART:rx_postpoll\, Mode=(Combinatorial) @ [UDB=(0,1)][LB=1][MC=2]
        Total # of inputs        : 3
        Total # of product terms : 2
            Clock Enable: True
        Main Equation            : 2 pterms
        (
              Net_5 * MODIN3_0
            + MODIN3_1
        );
        Output = \UART_PSOC:BUART:rx_postpoll\ (fanout=1)
        Properties               : 
        {
        }

    [McSlotId=3]:     MacroCell: Name=\UART_PSOC:BUART:rx_status_3\, Mode=(D-Register) @ [UDB=(0,1)][LB=1][MC=3]
        Total # of inputs        : 8
        Total # of product terms : 2
        List of special equations: 
            Clock  = (\UART_PSOC:Net_9\) => Global
            Clock Enable: True
        Main Equation            : 2 pterms
        (
              !\UART_PSOC:BUART:tx_ctrl_mark_last\ * 
              !\UART_PSOC:BUART:rx_state_0\ * 
              \UART_PSOC:BUART:rx_bitclk_enable\ * 
              \UART_PSOC:BUART:rx_state_3\ * \UART_PSOC:BUART:rx_state_2\ * 
              !Net_5 * !MODIN3_1
            + !\UART_PSOC:BUART:tx_ctrl_mark_last\ * 
              !\UART_PSOC:BUART:rx_state_0\ * 
              \UART_PSOC:BUART:rx_bitclk_enable\ * 
              \UART_PSOC:BUART:rx_state_3\ * \UART_PSOC:BUART:rx_state_2\ * 
              !MODIN3_1 * !MODIN3_0
        );
        Output = \UART_PSOC:BUART:rx_status_3\ (fanout=1)
        Properties               : 
        {
        }
}

datapathcell: Name =\UART_PSOC:BUART:sRX:RxShifter:u0\
    PORT MAP (
        clock => \UART_PSOC:Net_9\ ,
        cs_addr_2 => \UART_PSOC:BUART:tx_ctrl_mark_last\ ,
        cs_addr_1 => \UART_PSOC:BUART:rx_state_0\ ,
        cs_addr_0 => \UART_PSOC:BUART:rx_bitclk_enable\ ,
        route_si => \UART_PSOC:BUART:rx_postpoll\ ,
        f0_load => \UART_PSOC:BUART:rx_load_fifo\ ,
        f0_bus_stat_comb => \UART_PSOC:BUART:rx_fifonotempty\ ,
        f0_blk_stat_comb => \UART_PSOC:BUART:rx_fifofull\ );
    Properties:
    {
        a0_init = "00000000"
        a1_init = "00000000"
        ce0_sync = 1
        ce1_sync = 1
        cl0_sync = 1
        cl1_sync = 1
        cmsb_sync = 1
        co_msb_sync = 1
        cy_dpconfig = "0000000000000000000000000000000000000000000000000000001001000000000100000000000000010000001100000001000000000000000100100001000011111111000000001111111111111111101000000110001001000001111100000000000000001100"
        d0_init = "00000000"
        d1_init = "00000000"
        f0_blk_sync = 1
        f0_bus_sync = 1
        f1_blk_sync = 1
        f1_bus_sync = 1
        ff0_sync = 1
        ff1_sync = 1
        ov_msb_sync = 1
        so_sync = 1
        z0_sync = 1
        z1_sync = 1
    }
    Clock Polarity: Active High
    Clock Enable: True

statusicell: Name =\UART_PSOC:BUART:sRX:RxSts\
    PORT MAP (
        clock => \UART_PSOC:Net_9\ ,
        status_5 => \UART_PSOC:BUART:rx_status_5\ ,
        status_4 => \UART_PSOC:BUART:rx_status_4\ ,
        status_3 => \UART_PSOC:BUART:rx_status_3\ );
    Properties:
    {
        cy_force_order = 1
        cy_int_mask = "1111111"
        cy_md_select = "1011111"
    }
    Clock Polarity: Active High
    Clock Enable: True

UDB [UDB=(0,2)] contents:
LAB@[UDB=(0,2)][LB=0] #macrocells=3, #inputs=7, #pterms=4
{
    [McSlotId=0]:     MacroCell: Name=\UART_PSOC:BUART:rx_status_4\, Mode=(Combinatorial) @ [UDB=(0,2)][LB=0][MC=0]
        Total # of inputs        : 2
        Total # of product terms : 1
            Clock Enable: True
        Main Equation            : 1 pterm
        (
              \UART_PSOC:BUART:rx_load_fifo\ * \UART_PSOC:BUART:rx_fifofull\
        );
        Output = \UART_PSOC:BUART:rx_status_4\ (fanout=1)
        Properties               : 
        {
        }

    [McSlotId=1]: (empty)
    [McSlotId=2]:     MacroCell: Name=MODIN3_0, Mode=(D-Register) @ [UDB=(0,2)][LB=0][MC=2]
        Total # of inputs        : 4
        Total # of product terms : 2
        List of special equations: 
            Clock  = (\UART_PSOC:Net_9\) => Global
            Clock Enable: True
        Main Equation            : 2 pterms
        (
              !\UART_PSOC:BUART:rx_count_2\ * !\UART_PSOC:BUART:rx_count_1\ * 
              !Net_5 * MODIN3_0
            + !\UART_PSOC:BUART:rx_count_2\ * !\UART_PSOC:BUART:rx_count_1\ * 
              Net_5 * !MODIN3_0
        );
        Output = MODIN3_0 (fanout=5)
        Properties               : 
        {
        }

    [McSlotId=3]:     MacroCell: Name=\UART_PSOC:BUART:rx_bitclk_enable\, Mode=(D-Register) @ [UDB=(0,2)][LB=0][MC=3]
        Total # of inputs        : 3
        Total # of product terms : 1
        List of special equations: 
            Clock  = (\UART_PSOC:Net_9\) => Global
            Clock Enable: True
        Main Equation            : 1 pterm
        (
              !\UART_PSOC:BUART:rx_count_2\ * !\UART_PSOC:BUART:rx_count_1\ * 
              !\UART_PSOC:BUART:rx_count_0\
        );
        Output = \UART_PSOC:BUART:rx_bitclk_enable\ (fanout=6)
        Properties               : 
        {
        }
}

LAB@[UDB=(0,2)][LB=1] #macrocells=4, #inputs=7, #pterms=4
{
    [McSlotId=0]:     MacroCell: Name=\ADC_SA1:AMuxHw_2_Decoder_one_hot_40\, Mode=(D-Register) @ [UDB=(0,2)][LB=1][MC=0]
        Total # of inputs        : 7
        Total # of product terms : 1
        List of special equations: 
            Clock  = (\ADC_SA1:clock\) => Global
            Clock Enable: True
        Main Equation            : 1 pterm
        (
              \ADC_SA1:AMuxHw_2_Decoder_is_active\ * 
              \ADC_SA1:AMuxHw_2_Decoder_old_id_5\ * 
              !\ADC_SA1:AMuxHw_2_Decoder_old_id_4\ * 
              \ADC_SA1:AMuxHw_2_Decoder_old_id_3\ * 
              !\ADC_SA1:AMuxHw_2_Decoder_old_id_2\ * 
              !\ADC_SA1:AMuxHw_2_Decoder_old_id_1\ * 
              !\ADC_SA1:AMuxHw_2_Decoder_old_id_0\
        );
        Output = \ADC_SA1:AMuxHw_2_Decoder_one_hot_40\ (fanout=1)
        Properties               : 
        {
        }

    [McSlotId=1]:     MacroCell: Name=\ADC_SA1:AMuxHw_2_Decoder_one_hot_12\, Mode=(D-Register) @ [UDB=(0,2)][LB=1][MC=1]
        Total # of inputs        : 7
        Total # of product terms : 1
        List of special equations: 
            Clock  = (\ADC_SA1:clock\) => Global
            Clock Enable: True
        Main Equation            : 1 pterm
        (
              \ADC_SA1:AMuxHw_2_Decoder_is_active\ * 
              !\ADC_SA1:AMuxHw_2_Decoder_old_id_5\ * 
              !\ADC_SA1:AMuxHw_2_Decoder_old_id_4\ * 
              \ADC_SA1:AMuxHw_2_Decoder_old_id_3\ * 
              \ADC_SA1:AMuxHw_2_Decoder_old_id_2\ * 
              !\ADC_SA1:AMuxHw_2_Decoder_old_id_1\ * 
              !\ADC_SA1:AMuxHw_2_Decoder_old_id_0\
        );
        Output = \ADC_SA1:AMuxHw_2_Decoder_one_hot_12\ (fanout=1)
        Properties               : 
        {
        }

    [McSlotId=2]:     MacroCell: Name=\ADC_SA1:AMuxHw_2_Decoder_one_hot_29\, Mode=(D-Register) @ [UDB=(0,2)][LB=1][MC=2]
        Total # of inputs        : 7
        Total # of product terms : 1
        List of special equations: 
            Clock  = (\ADC_SA1:clock\) => Global
            Clock Enable: True
        Main Equation            : 1 pterm
        (
              \ADC_SA1:AMuxHw_2_Decoder_is_active\ * 
              !\ADC_SA1:AMuxHw_2_Decoder_old_id_5\ * 
              \ADC_SA1:AMuxHw_2_Decoder_old_id_4\ * 
              \ADC_SA1:AMuxHw_2_Decoder_old_id_3\ * 
              \ADC_SA1:AMuxHw_2_Decoder_old_id_2\ * 
              !\ADC_SA1:AMuxHw_2_Decoder_old_id_1\ * 
              \ADC_SA1:AMuxHw_2_Decoder_old_id_0\
        );
        Output = \ADC_SA1:AMuxHw_2_Decoder_one_hot_29\ (fanout=1)
        Properties               : 
        {
        }

    [McSlotId=3]:     MacroCell: Name=\ADC_SA1:AMuxHw_2_Decoder_one_hot_16\, Mode=(D-Register) @ [UDB=(0,2)][LB=1][MC=3]
        Total # of inputs        : 7
        Total # of product terms : 1
        List of special equations: 
            Clock  = (\ADC_SA1:clock\) => Global
            Clock Enable: True
        Main Equation            : 1 pterm
        (
              \ADC_SA1:AMuxHw_2_Decoder_is_active\ * 
              !\ADC_SA1:AMuxHw_2_Decoder_old_id_5\ * 
              \ADC_SA1:AMuxHw_2_Decoder_old_id_4\ * 
              !\ADC_SA1:AMuxHw_2_Decoder_old_id_3\ * 
              !\ADC_SA1:AMuxHw_2_Decoder_old_id_2\ * 
              !\ADC_SA1:AMuxHw_2_Decoder_old_id_1\ * 
              !\ADC_SA1:AMuxHw_2_Decoder_old_id_0\
        );
        Output = \ADC_SA1:AMuxHw_2_Decoder_one_hot_16\ (fanout=1)
        Properties               : 
        {
        }
}

controlcell: Name =\ADC_SA1:bSAR_SEQ:CtrlReg\
    PORT MAP (
        clock => \ADC_SA1:clock\ ,
        control_7 => \ADC_SA1:bSAR_SEQ:control_7\ ,
        control_6 => \ADC_SA1:bSAR_SEQ:control_6\ ,
        control_5 => \ADC_SA1:bSAR_SEQ:control_5\ ,
        control_4 => \ADC_SA1:bSAR_SEQ:control_4\ ,
        control_3 => \ADC_SA1:bSAR_SEQ:control_3\ ,
        control_2 => \ADC_SA1:bSAR_SEQ:control_2\ ,
        control_1 => \ADC_SA1:bSAR_SEQ:load_period\ ,
        control_0 => \ADC_SA1:bSAR_SEQ:enable\ );
    Properties:
    {
        cy_ctrl_mode_0 = "00000111"
        cy_ctrl_mode_1 = "00000110"
        cy_ext_reset = 0
        cy_force_order = 1
        cy_init_value = "00000000"
    }
    Clock Polarity: Active High
    Clock Enable: True

UDB [UDB=(0,3)] contents:
LAB@[UDB=(0,3)][LB=0] #macrocells=4, #inputs=10, #pterms=4
{
    [McSlotId=0]:     MacroCell: Name=\ADC_SA1:AMuxHw_2_Decoder_one_hot_49\, Mode=(D-Register) @ [UDB=(0,3)][LB=0][MC=0]
        Total # of inputs        : 7
        Total # of product terms : 1
        List of special equations: 
            Clock  = (\ADC_SA1:clock\) => Global
            Clock Enable: True
        Main Equation            : 1 pterm
        (
              \ADC_SA1:AMuxHw_2_Decoder_is_active\ * 
              \ADC_SA1:AMuxHw_2_Decoder_old_id_5\ * 
              \ADC_SA1:AMuxHw_2_Decoder_old_id_4\ * 
              !\ADC_SA1:AMuxHw_2_Decoder_old_id_3\ * 
              !\ADC_SA1:AMuxHw_2_Decoder_old_id_2\ * 
              !\ADC_SA1:AMuxHw_2_Decoder_old_id_1\ * 
              \ADC_SA1:AMuxHw_2_Decoder_old_id_0\
        );
        Output = \ADC_SA1:AMuxHw_2_Decoder_one_hot_49\ (fanout=1)
        Properties               : 
        {
        }

    [McSlotId=1]:     MacroCell: Name=\ADC_SA1:AMuxHw_2_Decoder_old_id_5\, Mode=(D-Register) @ [UDB=(0,3)][LB=0][MC=1]
        Total # of inputs        : 1
        Total # of product terms : 1
        List of special equations: 
            Clock  = (\ADC_SA1:clock\) => Global
            Clock Enable: True
        Main Equation            : 1 pterm
        (
              \ADC_SA1:ch_addr_5\
        );
        Output = \ADC_SA1:AMuxHw_2_Decoder_old_id_5\ (fanout=66)
        Properties               : 
        {
        }

    [McSlotId=2]:     MacroCell: Name=\ADC_SA1:AMuxHw_2_Decoder_old_id_0\, Mode=(D-Register) @ [UDB=(0,3)][LB=0][MC=2]
        Total # of inputs        : 1
        Total # of product terms : 1
        List of special equations: 
            Clock  = (\ADC_SA1:clock\) => Global
            Clock Enable: True
        Main Equation            : 1 pterm
        (
              \ADC_SA1:ch_addr_0\
        );
        Output = \ADC_SA1:AMuxHw_2_Decoder_old_id_0\ (fanout=65)
        Properties               : 
        {
        }

    [McSlotId=3]:     MacroCell: Name=\ADC_SA1:AMuxHw_2_Decoder_old_id_1\, Mode=(D-Register) @ [UDB=(0,3)][LB=0][MC=3]
        Total # of inputs        : 1
        Total # of product terms : 1
        List of special equations: 
            Clock  = (\ADC_SA1:clock\) => Global
            Clock Enable: True
        Main Equation            : 1 pterm
        (
              \ADC_SA1:ch_addr_1\
        );
        Output = \ADC_SA1:AMuxHw_2_Decoder_old_id_1\ (fanout=65)
        Properties               : 
        {
        }
}

LAB@[UDB=(0,3)][LB=1] #macrocells=2, #inputs=2, #pterms=1
{
    [McSlotId=0]:     MacroCell: Name=\UART_PSOC:BUART:tx_ctrl_mark_last\, Mode=(T-Register) @ [UDB=(0,3)][LB=1][MC=0]
        Total # of inputs        : 0
        Total # of product terms : 0
        List of special equations: 
            Clock  = (\UART_PSOC:Net_9\) => Global
            Clock Enable: True
        Main Equation            : 0 pterms
        (
            0
        );
        Output = \UART_PSOC:BUART:tx_ctrl_mark_last\ (fanout=8)
        Properties               : 
        {
        }

    [McSlotId=1]: (empty)
    [McSlotId=2]:     MacroCell: Name=\ADC_SA1:bSAR_SEQ:cnt_enable\, Mode=(Combinatorial) @ [UDB=(0,3)][LB=1][MC=2]
        Total # of inputs        : 2
        Total # of product terms : 1
            Clock Enable: True
        Main Equation            : 1 pterm
        !(
              !Net_24 * !\ADC_SA1:bSAR_SEQ:load_period\
        );
        Output = \ADC_SA1:bSAR_SEQ:cnt_enable\ (fanout=2)
        Properties               : 
        {
        }

    [McSlotId=3]: (empty)
}

count7cell: Name =\ADC_SA1:bSAR_SEQ:ChannelCounter\
    PORT MAP (
        clock => \ADC_SA1:clock\ ,
        load => \ADC_SA1:bSAR_SEQ:load_period\ ,
        enable => \ADC_SA1:bSAR_SEQ:cnt_enable\ ,
        count_6 => \ADC_SA1:bSAR_SEQ:count_6\ ,
        count_5 => \ADC_SA1:ch_addr_5\ ,
        count_4 => \ADC_SA1:ch_addr_4\ ,
        count_3 => \ADC_SA1:ch_addr_3\ ,
        count_2 => \ADC_SA1:ch_addr_2\ ,
        count_1 => \ADC_SA1:ch_addr_1\ ,
        count_0 => \ADC_SA1:ch_addr_0\ ,
        tc => \ADC_SA1:bSAR_SEQ:cnt_tc\ ,
        clk_en => \ADC_SA1:bSAR_SEQ:enable\ );
    Properties:
    {
        cy_alt_mode = 0
        cy_init_value = "0000000"
        cy_period = "0000010"
        cy_route_en = 1
        cy_route_ld = 1
    }
    Clock Polarity: Active High
    Clock Enable: PosEdge(\ADC_SA1:bSAR_SEQ:enable\)

UDB [UDB=(0,4)] contents:
LAB@[UDB=(0,4)][LB=0] #macrocells=2, #inputs=12, #pterms=6
{
    [McSlotId=0]: (empty)
    [McSlotId=1]:     MacroCell: Name=\ADC_SA1:AMuxHw_2_Decoder_is_active\, Mode=(Combinatorial) @ [UDB=(0,4)][LB=0][MC=1]
        Total # of inputs        : 9
        Total # of product terms : 5
            Clock Enable: True
        Main Equation            : 5 pterms
        !(
              !\ADC_SA1:AMuxHw_2_Decoder_old_id_5\ * \ADC_SA1:ch_addr_5\
            + !\ADC_SA1:AMuxHw_2_Decoder_old_id_4\ * \ADC_SA1:ch_addr_4\
            + !\ADC_SA1:AMuxHw_2_Decoder_old_id_3\ * \ADC_SA1:ch_addr_3\
            + !\ADC_SA1:AMuxHw_2_Decoder_old_id_2\ * \ADC_SA1:ch_addr_2\
            + \ADC_SA1:AMuxHw_2_Decoder_is_active_split\
        );
        Output = \ADC_SA1:AMuxHw_2_Decoder_is_active\ (fanout=64)
        Properties               : 
        {
            soft = 1
        }

    [McSlotId=2]:     MacroCell: Name=\ADC_SA1:AMuxHw_2_Decoder_one_hot_7\, Mode=(D-Register) @ [UDB=(0,4)][LB=0][MC=2]
        Total # of inputs        : 7
        Total # of product terms : 1
        List of special equations: 
            Clock  = (\ADC_SA1:clock\) => Global
            Clock Enable: True
        Main Equation            : 1 pterm
        (
              \ADC_SA1:AMuxHw_2_Decoder_is_active\ * 
              !\ADC_SA1:AMuxHw_2_Decoder_old_id_5\ * 
              !\ADC_SA1:AMuxHw_2_Decoder_old_id_4\ * 
              !\ADC_SA1:AMuxHw_2_Decoder_old_id_3\ * 
              \ADC_SA1:AMuxHw_2_Decoder_old_id_2\ * 
              \ADC_SA1:AMuxHw_2_Decoder_old_id_1\ * 
              \ADC_SA1:AMuxHw_2_Decoder_old_id_0\
        );
        Output = \ADC_SA1:AMuxHw_2_Decoder_one_hot_7\ (fanout=1)
        Properties               : 
        {
        }

    [McSlotId=3]: (empty)
}

LAB@[UDB=(0,4)][LB=1] #macrocells=1, #inputs=12, #pterms=8
{
    [McSlotId=0]:     MacroCell: Name=\ADC_SA1:AMuxHw_2_Decoder_is_active_split\, Mode=(Combinatorial) @ [UDB=(0,4)][LB=1][MC=0]
        Total # of inputs        : 12
        Total # of product terms : 8
            Clock Enable: True
        Main Equation            : 8 pterms
        (
              \ADC_SA1:AMuxHw_2_Decoder_old_id_5\ * !\ADC_SA1:ch_addr_5\
            + \ADC_SA1:AMuxHw_2_Decoder_old_id_4\ * !\ADC_SA1:ch_addr_4\
            + \ADC_SA1:AMuxHw_2_Decoder_old_id_3\ * !\ADC_SA1:ch_addr_3\
            + \ADC_SA1:AMuxHw_2_Decoder_old_id_2\ * !\ADC_SA1:ch_addr_2\
            + !\ADC_SA1:AMuxHw_2_Decoder_old_id_1\ * \ADC_SA1:ch_addr_1\
            + \ADC_SA1:AMuxHw_2_Decoder_old_id_1\ * !\ADC_SA1:ch_addr_1\
            + !\ADC_SA1:AMuxHw_2_Decoder_old_id_0\ * \ADC_SA1:ch_addr_0\
            + \ADC_SA1:AMuxHw_2_Decoder_old_id_0\ * !\ADC_SA1:ch_addr_0\
        );
        Output = \ADC_SA1:AMuxHw_2_Decoder_is_active_split\ (fanout=1)
        Properties               : 
        {
        }

    [McSlotId=1]: (empty)
    [McSlotId=2]: (empty)
    [McSlotId=3]: (empty)
}

statuscell: Name =\ADC_SA1:bSAR_SEQ:EOCSts\
    PORT MAP (
        clock => \ADC_SA1:clock\ ,
        status_0 => Net_25 ,
        clk_en => \ADC_SA1:bSAR_SEQ:enable\ );
    Properties:
    {
        cy_force_order = 1
        cy_md_select = "00000001"
    }
    Clock Polarity: Active High
    Clock Enable: PosEdge(\ADC_SA1:bSAR_SEQ:enable\)

UDB [UDB=(0,5)] is empty.
UDB [UDB=(1,0)] contents:
LAB@[UDB=(1,0)][LB=0] #macrocells=3, #inputs=7, #pterms=3
{
    [McSlotId=0]:     MacroCell: Name=\ADC_SA1:AMuxHw_2_Decoder_one_hot_58\, Mode=(D-Register) @ [UDB=(1,0)][LB=0][MC=0]
        Total # of inputs        : 7
        Total # of product terms : 1
        List of special equations: 
            Clock  = (\ADC_SA1:clock\) => Global
            Clock Enable: True
        Main Equation            : 1 pterm
        (
              \ADC_SA1:AMuxHw_2_Decoder_is_active\ * 
              \ADC_SA1:AMuxHw_2_Decoder_old_id_5\ * 
              \ADC_SA1:AMuxHw_2_Decoder_old_id_4\ * 
              \ADC_SA1:AMuxHw_2_Decoder_old_id_3\ * 
              !\ADC_SA1:AMuxHw_2_Decoder_old_id_2\ * 
              \ADC_SA1:AMuxHw_2_Decoder_old_id_1\ * 
              !\ADC_SA1:AMuxHw_2_Decoder_old_id_0\
        );
        Output = \ADC_SA1:AMuxHw_2_Decoder_one_hot_58\ (fanout=1)
        Properties               : 
        {
        }

    [McSlotId=1]: (empty)
    [McSlotId=2]:     MacroCell: Name=\ADC_SA1:AMuxHw_2_Decoder_one_hot_44\, Mode=(D-Register) @ [UDB=(1,0)][LB=0][MC=2]
        Total # of inputs        : 7
        Total # of product terms : 1
        List of special equations: 
            Clock  = (\ADC_SA1:clock\) => Global
            Clock Enable: True
        Main Equation            : 1 pterm
        (
              \ADC_SA1:AMuxHw_2_Decoder_is_active\ * 
              \ADC_SA1:AMuxHw_2_Decoder_old_id_5\ * 
              !\ADC_SA1:AMuxHw_2_Decoder_old_id_4\ * 
              \ADC_SA1:AMuxHw_2_Decoder_old_id_3\ * 
              \ADC_SA1:AMuxHw_2_Decoder_old_id_2\ * 
              !\ADC_SA1:AMuxHw_2_Decoder_old_id_1\ * 
              !\ADC_SA1:AMuxHw_2_Decoder_old_id_0\
        );
        Output = \ADC_SA1:AMuxHw_2_Decoder_one_hot_44\ (fanout=1)
        Properties               : 
        {
        }

    [McSlotId=3]:     MacroCell: Name=\ADC_SA1:AMuxHw_2_Decoder_one_hot_54\, Mode=(D-Register) @ [UDB=(1,0)][LB=0][MC=3]
        Total # of inputs        : 7
        Total # of product terms : 1
        List of special equations: 
            Clock  = (\ADC_SA1:clock\) => Global
            Clock Enable: True
        Main Equation            : 1 pterm
        (
              \ADC_SA1:AMuxHw_2_Decoder_is_active\ * 
              \ADC_SA1:AMuxHw_2_Decoder_old_id_5\ * 
              \ADC_SA1:AMuxHw_2_Decoder_old_id_4\ * 
              !\ADC_SA1:AMuxHw_2_Decoder_old_id_3\ * 
              \ADC_SA1:AMuxHw_2_Decoder_old_id_2\ * 
              \ADC_SA1:AMuxHw_2_Decoder_old_id_1\ * 
              !\ADC_SA1:AMuxHw_2_Decoder_old_id_0\
        );
        Output = \ADC_SA1:AMuxHw_2_Decoder_one_hot_54\ (fanout=1)
        Properties               : 
        {
        }
}

LAB@[UDB=(1,0)][LB=1] #macrocells=4, #inputs=7, #pterms=4
{
    [McSlotId=0]:     MacroCell: Name=\ADC_SA1:AMuxHw_2_Decoder_one_hot_59\, Mode=(D-Register) @ [UDB=(1,0)][LB=1][MC=0]
        Total # of inputs        : 7
        Total # of product terms : 1
        List of special equations: 
            Clock  = (\ADC_SA1:clock\) => Global
            Clock Enable: True
        Main Equation            : 1 pterm
        (
              \ADC_SA1:AMuxHw_2_Decoder_is_active\ * 
              \ADC_SA1:AMuxHw_2_Decoder_old_id_5\ * 
              \ADC_SA1:AMuxHw_2_Decoder_old_id_4\ * 
              \ADC_SA1:AMuxHw_2_Decoder_old_id_3\ * 
              !\ADC_SA1:AMuxHw_2_Decoder_old_id_2\ * 
              \ADC_SA1:AMuxHw_2_Decoder_old_id_1\ * 
              \ADC_SA1:AMuxHw_2_Decoder_old_id_0\
        );
        Output = \ADC_SA1:AMuxHw_2_Decoder_one_hot_59\ (fanout=1)
        Properties               : 
        {
        }

    [McSlotId=1]:     MacroCell: Name=\ADC_SA1:AMuxHw_2_Decoder_one_hot_38\, Mode=(D-Register) @ [UDB=(1,0)][LB=1][MC=1]
        Total # of inputs        : 7
        Total # of product terms : 1
        List of special equations: 
            Clock  = (\ADC_SA1:clock\) => Global
            Clock Enable: True
        Main Equation            : 1 pterm
        (
              \ADC_SA1:AMuxHw_2_Decoder_is_active\ * 
              \ADC_SA1:AMuxHw_2_Decoder_old_id_5\ * 
              !\ADC_SA1:AMuxHw_2_Decoder_old_id_4\ * 
              !\ADC_SA1:AMuxHw_2_Decoder_old_id_3\ * 
              \ADC_SA1:AMuxHw_2_Decoder_old_id_2\ * 
              \ADC_SA1:AMuxHw_2_Decoder_old_id_1\ * 
              !\ADC_SA1:AMuxHw_2_Decoder_old_id_0\
        );
        Output = \ADC_SA1:AMuxHw_2_Decoder_one_hot_38\ (fanout=1)
        Properties               : 
        {
        }

    [McSlotId=2]:     MacroCell: Name=\ADC_SA1:AMuxHw_2_Decoder_one_hot_14\, Mode=(D-Register) @ [UDB=(1,0)][LB=1][MC=2]
        Total # of inputs        : 7
        Total # of product terms : 1
        List of special equations: 
            Clock  = (\ADC_SA1:clock\) => Global
            Clock Enable: True
        Main Equation            : 1 pterm
        (
              \ADC_SA1:AMuxHw_2_Decoder_is_active\ * 
              !\ADC_SA1:AMuxHw_2_Decoder_old_id_5\ * 
              !\ADC_SA1:AMuxHw_2_Decoder_old_id_4\ * 
              \ADC_SA1:AMuxHw_2_Decoder_old_id_3\ * 
              \ADC_SA1:AMuxHw_2_Decoder_old_id_2\ * 
              \ADC_SA1:AMuxHw_2_Decoder_old_id_1\ * 
              !\ADC_SA1:AMuxHw_2_Decoder_old_id_0\
        );
        Output = \ADC_SA1:AMuxHw_2_Decoder_one_hot_14\ (fanout=1)
        Properties               : 
        {
        }

    [McSlotId=3]:     MacroCell: Name=\ADC_SA1:AMuxHw_2_Decoder_one_hot_27\, Mode=(D-Register) @ [UDB=(1,0)][LB=1][MC=3]
        Total # of inputs        : 7
        Total # of product terms : 1
        List of special equations: 
            Clock  = (\ADC_SA1:clock\) => Global
            Clock Enable: True
        Main Equation            : 1 pterm
        (
              \ADC_SA1:AMuxHw_2_Decoder_is_active\ * 
              !\ADC_SA1:AMuxHw_2_Decoder_old_id_5\ * 
              \ADC_SA1:AMuxHw_2_Decoder_old_id_4\ * 
              \ADC_SA1:AMuxHw_2_Decoder_old_id_3\ * 
              !\ADC_SA1:AMuxHw_2_Decoder_old_id_2\ * 
              \ADC_SA1:AMuxHw_2_Decoder_old_id_1\ * 
              \ADC_SA1:AMuxHw_2_Decoder_old_id_0\
        );
        Output = \ADC_SA1:AMuxHw_2_Decoder_one_hot_27\ (fanout=1)
        Properties               : 
        {
        }
}

UDB [UDB=(1,1)] contents:
LAB@[UDB=(1,1)][LB=0] #macrocells=2, #inputs=4, #pterms=3
{
    [McSlotId=0]: (empty)
    [McSlotId=1]:     MacroCell: Name=\ADC_SA1:bSAR_SEQ:bus_clk_nrq_reg\, Mode=(D-Register) @ [UDB=(1,1)][LB=0][MC=1]
        Total # of inputs        : 3
        Total # of product terms : 2
        List of special equations: 
            Clock  = (ClockBlock_BUS_CLK) => Global
            Clock Enable: True
        Main Equation            : 2 pterms
        (
              \ADC_SA1:bSAR_SEQ:bus_clk_nrq_reg\ * !Net_25
            + \ADC_SA1:Net_3935\
        );
        Output = \ADC_SA1:bSAR_SEQ:bus_clk_nrq_reg\ (fanout=3)
        Properties               : 
        {
        }

    [McSlotId=2]:     MacroCell: Name=\UART_PSOC:BUART:tx_status_2\, Mode=(Combinatorial) @ [UDB=(1,1)][LB=0][MC=2]
        Total # of inputs        : 1
        Total # of product terms : 1
            Clock Enable: True
        Main Equation            : 1 pterm
        (
              !\UART_PSOC:BUART:tx_fifo_notfull\
        );
        Output = \UART_PSOC:BUART:tx_status_2\ (fanout=1)
        Properties               : 
        {
        }

    [McSlotId=3]: (empty)
}

LAB@[UDB=(1,1)][LB=1] #macrocells=3, #inputs=7, #pterms=8
{
    [McSlotId=0]:     MacroCell: Name=\UART_PSOC:BUART:tx_state_2\, Mode=(T-Register) @ [UDB=(1,1)][LB=1][MC=0]
        Total # of inputs        : 6
        Total # of product terms : 4
        List of special equations: 
            Clock  = (\UART_PSOC:Net_9\) => Global
            Clock Enable: True
        Main Equation            : 4 pterms
        (
              !\UART_PSOC:BUART:tx_state_1\ * !\UART_PSOC:BUART:tx_state_0\ * 
              \UART_PSOC:BUART:tx_bitclk_enable_pre\ * 
              \UART_PSOC:BUART:tx_state_2\
            + \UART_PSOC:BUART:tx_state_1\ * \UART_PSOC:BUART:tx_state_0\ * 
              \UART_PSOC:BUART:tx_bitclk_enable_pre\ * 
              \UART_PSOC:BUART:tx_state_2\
            + \UART_PSOC:BUART:tx_state_1\ * \UART_PSOC:BUART:tx_state_0\ * 
              !\UART_PSOC:BUART:tx_state_2\ * \UART_PSOC:BUART:tx_bitclk\
            + \UART_PSOC:BUART:tx_state_1\ * !\UART_PSOC:BUART:tx_state_2\ * 
              \UART_PSOC:BUART:tx_counter_dp\ * \UART_PSOC:BUART:tx_bitclk\
        );
        Output = \UART_PSOC:BUART:tx_state_2\ (fanout=7)
        Properties               : 
        {
        }

    [McSlotId=1]:     MacroCell: Name=\UART_PSOC:BUART:tx_state_1\, Mode=(T-Register) @ [UDB=(1,1)][LB=1][MC=1]
        Total # of inputs        : 6
        Total # of product terms : 3
        List of special equations: 
            Clock  = (\UART_PSOC:Net_9\) => Global
            Clock Enable: True
        Main Equation            : 3 pterms
        (
              \UART_PSOC:BUART:tx_state_1\ * \UART_PSOC:BUART:tx_state_0\ * 
              \UART_PSOC:BUART:tx_bitclk_enable_pre\ * 
              \UART_PSOC:BUART:tx_state_2\
            + \UART_PSOC:BUART:tx_state_1\ * !\UART_PSOC:BUART:tx_state_2\ * 
              \UART_PSOC:BUART:tx_counter_dp\ * \UART_PSOC:BUART:tx_bitclk\
            + \UART_PSOC:BUART:tx_state_0\ * !\UART_PSOC:BUART:tx_state_2\ * 
              \UART_PSOC:BUART:tx_bitclk\
        );
        Output = \UART_PSOC:BUART:tx_state_1\ (fanout=8)
        Properties               : 
        {
        }

    [McSlotId=2]: (empty)
    [McSlotId=3]:     MacroCell: Name=\UART_PSOC:BUART:tx_state_0\, Mode=(T-Register) @ [UDB=(1,1)][LB=1][MC=3]
        Total # of inputs        : 6
        Total # of product terms : 4
        List of special equations: 
            Clock  = (\UART_PSOC:Net_9\) => Global
            Clock Enable: True
        Main Equation            : 4 pterms
        (
              !\UART_PSOC:BUART:tx_state_1\ * !\UART_PSOC:BUART:tx_state_0\ * 
              \UART_PSOC:BUART:tx_bitclk_enable_pre\ * 
              !\UART_PSOC:BUART:tx_fifo_empty\
            + !\UART_PSOC:BUART:tx_state_1\ * !\UART_PSOC:BUART:tx_state_0\ * 
              !\UART_PSOC:BUART:tx_fifo_empty\ * 
              !\UART_PSOC:BUART:tx_state_2\
            + \UART_PSOC:BUART:tx_state_1\ * \UART_PSOC:BUART:tx_state_0\ * 
              \UART_PSOC:BUART:tx_bitclk_enable_pre\ * 
              \UART_PSOC:BUART:tx_fifo_empty\ * \UART_PSOC:BUART:tx_state_2\
            + \UART_PSOC:BUART:tx_state_0\ * !\UART_PSOC:BUART:tx_state_2\ * 
              \UART_PSOC:BUART:tx_bitclk\
        );
        Output = \UART_PSOC:BUART:tx_state_0\ (fanout=8)
        Properties               : 
        {
        }
}

UDB [UDB=(1,2)] contents:
LAB@[UDB=(1,2)][LB=0] #macrocells=3, #inputs=8, #pterms=7
{
    [McSlotId=0]:     MacroCell: Name=\UART_PSOC:BUART:txn\, Mode=(D-Register) @ [UDB=(1,2)][LB=0][MC=0]
        Total # of inputs        : 7
        Total # of product terms : 5
        List of special equations: 
            Clock  = (\UART_PSOC:Net_9\) => Global
            Clock Enable: True
        Main Equation            : 5 pterms
        (
              \UART_PSOC:BUART:txn\ * \UART_PSOC:BUART:tx_state_1\ * 
              !\UART_PSOC:BUART:tx_bitclk\
            + \UART_PSOC:BUART:txn\ * \UART_PSOC:BUART:tx_state_2\
            + !\UART_PSOC:BUART:tx_state_1\ * \UART_PSOC:BUART:tx_state_0\ * 
              !\UART_PSOC:BUART:tx_shift_out\ * !\UART_PSOC:BUART:tx_state_2\
            + !\UART_PSOC:BUART:tx_state_1\ * \UART_PSOC:BUART:tx_state_0\ * 
              !\UART_PSOC:BUART:tx_state_2\ * !\UART_PSOC:BUART:tx_bitclk\
            + \UART_PSOC:BUART:tx_state_1\ * !\UART_PSOC:BUART:tx_state_0\ * 
              !\UART_PSOC:BUART:tx_shift_out\ * !\UART_PSOC:BUART:tx_state_2\ * 
              !\UART_PSOC:BUART:tx_counter_dp\ * \UART_PSOC:BUART:tx_bitclk\
        );
        Output = \UART_PSOC:BUART:txn\ (fanout=2)
        Properties               : 
        {
        }

    [McSlotId=1]:     MacroCell: Name=\UART_PSOC:BUART:tx_bitclk\, Mode=(D-Register) @ [UDB=(1,2)][LB=0][MC=1]
        Total # of inputs        : 4
        Total # of product terms : 2
        List of special equations: 
            Clock  = (\UART_PSOC:Net_9\) => Global
            Clock Enable: True
        Main Equation            : 2 pterms
        !(
              !\UART_PSOC:BUART:tx_state_1\ * !\UART_PSOC:BUART:tx_state_0\ * 
              \UART_PSOC:BUART:tx_state_2\
            + !\UART_PSOC:BUART:tx_bitclk_enable_pre\
        );
        Output = \UART_PSOC:BUART:tx_bitclk\ (fanout=4)
        Properties               : 
        {
        }

    [McSlotId=2]:     MacroCell: Name=__ONE__, Mode=(Combinatorial) @ [UDB=(1,2)][LB=0][MC=2]
        Total # of inputs        : 0
        Total # of product terms : 0
            Clock Enable: True
        Main Equation            : 0 pterms
        !(
            0
        );
        Output = __ONE__ (fanout=1)
        Properties               : 
        {
        }

    [McSlotId=3]: (empty)
}

LAB@[UDB=(1,2)][LB=1] #macrocells=2, #inputs=6, #pterms=3
{
    [McSlotId=0]: (empty)
    [McSlotId=1]: (empty)
    [McSlotId=2]:     MacroCell: Name=\UART_PSOC:BUART:counter_load_not\, Mode=(Combinatorial) @ [UDB=(1,2)][LB=1][MC=2]
        Total # of inputs        : 4
        Total # of product terms : 2
            Clock Enable: True
        Main Equation            : 2 pterms
        !(
              !\UART_PSOC:BUART:tx_state_1\ * !\UART_PSOC:BUART:tx_state_0\ * 
              \UART_PSOC:BUART:tx_bitclk_enable_pre\
            + !\UART_PSOC:BUART:tx_state_1\ * !\UART_PSOC:BUART:tx_state_0\ * 
              !\UART_PSOC:BUART:tx_state_2\
        );
        Output = \UART_PSOC:BUART:counter_load_not\ (fanout=1)
        Properties               : 
        {
        }

    [McSlotId=3]:     MacroCell: Name=\UART_ESP:BUART:rx_status_4\, Mode=(Combinatorial) @ [UDB=(1,2)][LB=1][MC=3]
        Total # of inputs        : 2
        Total # of product terms : 1
            Clock Enable: True
        Main Equation            : 1 pterm
        (
              \UART_ESP:BUART:rx_load_fifo\ * \UART_ESP:BUART:rx_fifofull\
        );
        Output = \UART_ESP:BUART:rx_status_4\ (fanout=1)
        Properties               : 
        {
        }
}

datapathcell: Name =\UART_ESP:BUART:sRX:RxShifter:u0\
    PORT MAP (
        clock => \UART_ESP:Net_9\ ,
        cs_addr_2 => \UART_ESP:BUART:tx_ctrl_mark_last\ ,
        cs_addr_1 => \UART_ESP:BUART:rx_state_0\ ,
        cs_addr_0 => \UART_ESP:BUART:rx_bitclk_enable\ ,
        route_si => \UART_ESP:BUART:rx_postpoll\ ,
        f0_load => \UART_ESP:BUART:rx_load_fifo\ ,
        f0_bus_stat_comb => \UART_ESP:BUART:rx_fifonotempty\ ,
        f0_blk_stat_comb => \UART_ESP:BUART:rx_fifofull\ );
    Properties:
    {
        a0_init = "00000000"
        a1_init = "00000000"
        ce0_sync = 1
        ce1_sync = 1
        cl0_sync = 1
        cl1_sync = 1
        cmsb_sync = 1
        co_msb_sync = 1
        cy_dpconfig = "0000000000000000000000000000000000000000000000000000001001000000000100000000000000010000001100000001000000000000000100100001000011111111000000001111111111111111101000000110001001000001111100000000000000001100"
        d0_init = "00000000"
        d1_init = "00000000"
        f0_blk_sync = 1
        f0_bus_sync = 1
        f1_blk_sync = 1
        f1_bus_sync = 1
        ff0_sync = 1
        ff1_sync = 1
        ov_msb_sync = 1
        so_sync = 1
        z0_sync = 1
        z1_sync = 1
    }
    Clock Polarity: Active High
    Clock Enable: True

statusicell: Name =\UART_ESP:BUART:sRX:RxSts\
    PORT MAP (
        clock => \UART_ESP:Net_9\ ,
        status_5 => \UART_ESP:BUART:rx_status_5\ ,
        status_4 => \UART_ESP:BUART:rx_status_4\ ,
        status_3 => \UART_ESP:BUART:rx_status_3\ ,
        interrupt => Net_133 );
    Properties:
    {
        cy_force_order = 1
        cy_int_mask = "1111111"
        cy_md_select = "1011111"
    }
    Clock Polarity: Active High
    Clock Enable: True

UDB [UDB=(1,3)] contents:
LAB@[UDB=(1,3)][LB=0] #macrocells=4, #inputs=8, #pterms=4
{
    [McSlotId=0]:     MacroCell: Name=\ADC_SA1:AMuxHw_2_Decoder_one_hot_51\, Mode=(D-Register) @ [UDB=(1,3)][LB=0][MC=0]
        Total # of inputs        : 7
        Total # of product terms : 1
        List of special equations: 
            Clock  = (\ADC_SA1:clock\) => Global
            Clock Enable: True
        Main Equation            : 1 pterm
        (
              \ADC_SA1:AMuxHw_2_Decoder_is_active\ * 
              \ADC_SA1:AMuxHw_2_Decoder_old_id_5\ * 
              \ADC_SA1:AMuxHw_2_Decoder_old_id_4\ * 
              !\ADC_SA1:AMuxHw_2_Decoder_old_id_3\ * 
              !\ADC_SA1:AMuxHw_2_Decoder_old_id_2\ * 
              \ADC_SA1:AMuxHw_2_Decoder_old_id_1\ * 
              \ADC_SA1:AMuxHw_2_Decoder_old_id_0\
        );
        Output = \ADC_SA1:AMuxHw_2_Decoder_one_hot_51\ (fanout=1)
        Properties               : 
        {
        }

    [McSlotId=1]:     MacroCell: Name=\ADC_SA1:AMuxHw_2_Decoder_one_hot_55\, Mode=(D-Register) @ [UDB=(1,3)][LB=0][MC=1]
        Total # of inputs        : 7
        Total # of product terms : 1
        List of special equations: 
            Clock  = (\ADC_SA1:clock\) => Global
            Clock Enable: True
        Main Equation            : 1 pterm
        (
              \ADC_SA1:AMuxHw_2_Decoder_is_active\ * 
              \ADC_SA1:AMuxHw_2_Decoder_old_id_5\ * 
              \ADC_SA1:AMuxHw_2_Decoder_old_id_4\ * 
              !\ADC_SA1:AMuxHw_2_Decoder_old_id_3\ * 
              \ADC_SA1:AMuxHw_2_Decoder_old_id_2\ * 
              \ADC_SA1:AMuxHw_2_Decoder_old_id_1\ * 
              \ADC_SA1:AMuxHw_2_Decoder_old_id_0\
        );
        Output = \ADC_SA1:AMuxHw_2_Decoder_one_hot_55\ (fanout=1)
        Properties               : 
        {
        }

    [McSlotId=2]:     MacroCell: Name=\ADC_SA1:AMuxHw_2_Decoder_one_hot_30\, Mode=(D-Register) @ [UDB=(1,3)][LB=0][MC=2]
        Total # of inputs        : 7
        Total # of product terms : 1
        List of special equations: 
            Clock  = (\ADC_SA1:clock\) => Global
            Clock Enable: True
        Main Equation            : 1 pterm
        (
              \ADC_SA1:AMuxHw_2_Decoder_is_active\ * 
              !\ADC_SA1:AMuxHw_2_Decoder_old_id_5\ * 
              \ADC_SA1:AMuxHw_2_Decoder_old_id_4\ * 
              \ADC_SA1:AMuxHw_2_Decoder_old_id_3\ * 
              \ADC_SA1:AMuxHw_2_Decoder_old_id_2\ * 
              \ADC_SA1:AMuxHw_2_Decoder_old_id_1\ * 
              !\ADC_SA1:AMuxHw_2_Decoder_old_id_0\
        );
        Output = \ADC_SA1:AMuxHw_2_Decoder_one_hot_30\ (fanout=1)
        Properties               : 
        {
        }

    [McSlotId=3]:     MacroCell: Name=\ADC_SA1:AMuxHw_2_Decoder_old_id_3\, Mode=(D-Register) @ [UDB=(1,3)][LB=0][MC=3]
        Total # of inputs        : 1
        Total # of product terms : 1
        List of special equations: 
            Clock  = (\ADC_SA1:clock\) => Global
            Clock Enable: True
        Main Equation            : 1 pterm
        (
              \ADC_SA1:ch_addr_3\
        );
        Output = \ADC_SA1:AMuxHw_2_Decoder_old_id_3\ (fanout=66)
        Properties               : 
        {
        }
}

LAB@[UDB=(1,3)][LB=1] #macrocells=3, #inputs=12, #pterms=4
{
    [McSlotId=0]: (empty)
    [McSlotId=1]:     MacroCell: Name=\UART_ESP:BUART:rx_postpoll\, Mode=(Combinatorial) @ [UDB=(1,3)][LB=1][MC=1]
        Total # of inputs        : 3
        Total # of product terms : 2
            Clock Enable: True
        Main Equation            : 2 pterms
        (
              \UART_ESP:BUART:pollcount_1\
            + Net_130 * \UART_ESP:BUART:pollcount_0\
        );
        Output = \UART_ESP:BUART:rx_postpoll\ (fanout=1)
        Properties               : 
        {
        }

    [McSlotId=2]:     MacroCell: Name=\ADC_SA1:AMuxHw_2_Decoder_one_hot_6\, Mode=(D-Register) @ [UDB=(1,3)][LB=1][MC=2]
        Total # of inputs        : 7
        Total # of product terms : 1
        List of special equations: 
            Clock  = (\ADC_SA1:clock\) => Global
            Clock Enable: True
        Main Equation            : 1 pterm
        (
              \ADC_SA1:AMuxHw_2_Decoder_is_active\ * 
              !\ADC_SA1:AMuxHw_2_Decoder_old_id_5\ * 
              !\ADC_SA1:AMuxHw_2_Decoder_old_id_4\ * 
              !\ADC_SA1:AMuxHw_2_Decoder_old_id_3\ * 
              \ADC_SA1:AMuxHw_2_Decoder_old_id_2\ * 
              \ADC_SA1:AMuxHw_2_Decoder_old_id_1\ * 
              !\ADC_SA1:AMuxHw_2_Decoder_old_id_0\
        );
        Output = \ADC_SA1:AMuxHw_2_Decoder_one_hot_6\ (fanout=1)
        Properties               : 
        {
        }

    [McSlotId=3]:     MacroCell: Name=\UART_ESP:BUART:rx_status_5\, Mode=(Combinatorial) @ [UDB=(1,3)][LB=1][MC=3]
        Total # of inputs        : 2
        Total # of product terms : 1
            Clock Enable: True
        Main Equation            : 1 pterm
        (
              \UART_ESP:BUART:rx_fifonotempty\ * 
              \UART_ESP:BUART:rx_state_stop1_reg\
        );
        Output = \UART_ESP:BUART:rx_status_5\ (fanout=1)
        Properties               : 
        {
        }
}

UDB [UDB=(1,4)] contents:
LAB@[UDB=(1,4)][LB=0] #macrocells=4, #inputs=7, #pterms=4
{
    [McSlotId=0]:     MacroCell: Name=\ADC_SA1:AMuxHw_2_Decoder_one_hot_50\, Mode=(D-Register) @ [UDB=(1,4)][LB=0][MC=0]
        Total # of inputs        : 7
        Total # of product terms : 1
        List of special equations: 
            Clock  = (\ADC_SA1:clock\) => Global
            Clock Enable: True
        Main Equation            : 1 pterm
        (
              \ADC_SA1:AMuxHw_2_Decoder_is_active\ * 
              \ADC_SA1:AMuxHw_2_Decoder_old_id_5\ * 
              \ADC_SA1:AMuxHw_2_Decoder_old_id_4\ * 
              !\ADC_SA1:AMuxHw_2_Decoder_old_id_3\ * 
              !\ADC_SA1:AMuxHw_2_Decoder_old_id_2\ * 
              \ADC_SA1:AMuxHw_2_Decoder_old_id_1\ * 
              !\ADC_SA1:AMuxHw_2_Decoder_old_id_0\
        );
        Output = \ADC_SA1:AMuxHw_2_Decoder_one_hot_50\ (fanout=1)
        Properties               : 
        {
        }

    [McSlotId=1]:     MacroCell: Name=\ADC_SA1:AMuxHw_2_Decoder_one_hot_18\, Mode=(D-Register) @ [UDB=(1,4)][LB=0][MC=1]
        Total # of inputs        : 7
        Total # of product terms : 1
        List of special equations: 
            Clock  = (\ADC_SA1:clock\) => Global
            Clock Enable: True
        Main Equation            : 1 pterm
        (
              \ADC_SA1:AMuxHw_2_Decoder_is_active\ * 
              !\ADC_SA1:AMuxHw_2_Decoder_old_id_5\ * 
              \ADC_SA1:AMuxHw_2_Decoder_old_id_4\ * 
              !\ADC_SA1:AMuxHw_2_Decoder_old_id_3\ * 
              !\ADC_SA1:AMuxHw_2_Decoder_old_id_2\ * 
              \ADC_SA1:AMuxHw_2_Decoder_old_id_1\ * 
              !\ADC_SA1:AMuxHw_2_Decoder_old_id_0\
        );
        Output = \ADC_SA1:AMuxHw_2_Decoder_one_hot_18\ (fanout=1)
        Properties               : 
        {
        }

    [McSlotId=2]:     MacroCell: Name=\ADC_SA1:AMuxHw_2_Decoder_one_hot_8\, Mode=(D-Register) @ [UDB=(1,4)][LB=0][MC=2]
        Total # of inputs        : 7
        Total # of product terms : 1
        List of special equations: 
            Clock  = (\ADC_SA1:clock\) => Global
            Clock Enable: True
        Main Equation            : 1 pterm
        (
              \ADC_SA1:AMuxHw_2_Decoder_is_active\ * 
              !\ADC_SA1:AMuxHw_2_Decoder_old_id_5\ * 
              !\ADC_SA1:AMuxHw_2_Decoder_old_id_4\ * 
              \ADC_SA1:AMuxHw_2_Decoder_old_id_3\ * 
              !\ADC_SA1:AMuxHw_2_Decoder_old_id_2\ * 
              !\ADC_SA1:AMuxHw_2_Decoder_old_id_1\ * 
              !\ADC_SA1:AMuxHw_2_Decoder_old_id_0\
        );
        Output = \ADC_SA1:AMuxHw_2_Decoder_one_hot_8\ (fanout=1)
        Properties               : 
        {
        }

    [McSlotId=3]:     MacroCell: Name=\ADC_SA1:AMuxHw_2_Decoder_one_hot_4\, Mode=(D-Register) @ [UDB=(1,4)][LB=0][MC=3]
        Total # of inputs        : 7
        Total # of product terms : 1
        List of special equations: 
            Clock  = (\ADC_SA1:clock\) => Global
            Clock Enable: True
        Main Equation            : 1 pterm
        (
              \ADC_SA1:AMuxHw_2_Decoder_is_active\ * 
              !\ADC_SA1:AMuxHw_2_Decoder_old_id_5\ * 
              !\ADC_SA1:AMuxHw_2_Decoder_old_id_4\ * 
              !\ADC_SA1:AMuxHw_2_Decoder_old_id_3\ * 
              \ADC_SA1:AMuxHw_2_Decoder_old_id_2\ * 
              !\ADC_SA1:AMuxHw_2_Decoder_old_id_1\ * 
              !\ADC_SA1:AMuxHw_2_Decoder_old_id_0\
        );
        Output = \ADC_SA1:AMuxHw_2_Decoder_one_hot_4\ (fanout=1)
        Properties               : 
        {
        }
}

LAB@[UDB=(1,4)][LB=1] #macrocells=4, #inputs=8, #pterms=4
{
    [McSlotId=0]:     MacroCell: Name=\ADC_SA1:AMuxHw_2_Decoder_old_id_2\, Mode=(D-Register) @ [UDB=(1,4)][LB=1][MC=0]
        Total # of inputs        : 1
        Total # of product terms : 1
        List of special equations: 
            Clock  = (\ADC_SA1:clock\) => Global
            Clock Enable: True
        Main Equation            : 1 pterm
        (
              \ADC_SA1:ch_addr_2\
        );
        Output = \ADC_SA1:AMuxHw_2_Decoder_old_id_2\ (fanout=66)
        Properties               : 
        {
        }

    [McSlotId=1]:     MacroCell: Name=\ADC_SA1:AMuxHw_2_Decoder_one_hot_31\, Mode=(D-Register) @ [UDB=(1,4)][LB=1][MC=1]
        Total # of inputs        : 7
        Total # of product terms : 1
        List of special equations: 
            Clock  = (\ADC_SA1:clock\) => Global
            Clock Enable: True
        Main Equation            : 1 pterm
        (
              \ADC_SA1:AMuxHw_2_Decoder_is_active\ * 
              !\ADC_SA1:AMuxHw_2_Decoder_old_id_5\ * 
              \ADC_SA1:AMuxHw_2_Decoder_old_id_4\ * 
              \ADC_SA1:AMuxHw_2_Decoder_old_id_3\ * 
              \ADC_SA1:AMuxHw_2_Decoder_old_id_2\ * 
              \ADC_SA1:AMuxHw_2_Decoder_old_id_1\ * 
              \ADC_SA1:AMuxHw_2_Decoder_old_id_0\
        );
        Output = \ADC_SA1:AMuxHw_2_Decoder_one_hot_31\ (fanout=1)
        Properties               : 
        {
        }

    [McSlotId=2]:     MacroCell: Name=\ADC_SA1:AMuxHw_2_Decoder_one_hot_13\, Mode=(D-Register) @ [UDB=(1,4)][LB=1][MC=2]
        Total # of inputs        : 7
        Total # of product terms : 1
        List of special equations: 
            Clock  = (\ADC_SA1:clock\) => Global
            Clock Enable: True
        Main Equation            : 1 pterm
        (
              \ADC_SA1:AMuxHw_2_Decoder_is_active\ * 
              !\ADC_SA1:AMuxHw_2_Decoder_old_id_5\ * 
              !\ADC_SA1:AMuxHw_2_Decoder_old_id_4\ * 
              \ADC_SA1:AMuxHw_2_Decoder_old_id_3\ * 
              \ADC_SA1:AMuxHw_2_Decoder_old_id_2\ * 
              !\ADC_SA1:AMuxHw_2_Decoder_old_id_1\ * 
              \ADC_SA1:AMuxHw_2_Decoder_old_id_0\
        );
        Output = \ADC_SA1:AMuxHw_2_Decoder_one_hot_13\ (fanout=1)
        Properties               : 
        {
        }

    [McSlotId=3]:     MacroCell: Name=\ADC_SA1:AMuxHw_2_Decoder_one_hot_28\, Mode=(D-Register) @ [UDB=(1,4)][LB=1][MC=3]
        Total # of inputs        : 7
        Total # of product terms : 1
        List of special equations: 
            Clock  = (\ADC_SA1:clock\) => Global
            Clock Enable: True
        Main Equation            : 1 pterm
        (
              \ADC_SA1:AMuxHw_2_Decoder_is_active\ * 
              !\ADC_SA1:AMuxHw_2_Decoder_old_id_5\ * 
              \ADC_SA1:AMuxHw_2_Decoder_old_id_4\ * 
              \ADC_SA1:AMuxHw_2_Decoder_old_id_3\ * 
              \ADC_SA1:AMuxHw_2_Decoder_old_id_2\ * 
              !\ADC_SA1:AMuxHw_2_Decoder_old_id_1\ * 
              !\ADC_SA1:AMuxHw_2_Decoder_old_id_0\
        );
        Output = \ADC_SA1:AMuxHw_2_Decoder_one_hot_28\ (fanout=1)
        Properties               : 
        {
        }
}

datapathcell: Name =\UART_PSOC:BUART:sTX:sCLOCK:TxBitClkGen\
    PORT MAP (
        clock => \UART_PSOC:Net_9\ ,
        cs_addr_0 => \UART_PSOC:BUART:counter_load_not\ ,
        ce0_reg => \UART_PSOC:BUART:tx_bitclk_enable_pre\ ,
        ce1_reg => \UART_PSOC:BUART:tx_counter_dp\ );
    Properties:
    {
        a0_init = "00000000"
        a1_init = "00000000"
        ce0_sync = 1
        ce1_sync = 1
        cl0_sync = 1
        cl1_sync = 1
        cmsb_sync = 1
        co_msb_sync = 1
        cy_dpconfig = "1010100001000000001000000100000000000000000000000000000000000000000000000000000000000000000000000000000000000000000000000000000011111111000000001111111100000111001000000100000000000101111100000000000000001000"
        d0_init = "00000000"
        d1_init = "00000000"
        f0_blk_sync = 1
        f0_bus_sync = 1
        f1_blk_sync = 1
        f1_bus_sync = 1
        ff0_sync = 1
        ff1_sync = 1
        ov_msb_sync = 1
        so_sync = 1
        z0_sync = 1
        z1_sync = 1
    }
    Clock Polarity: Active High
    Clock Enable: True

synccell: Name =\ADC_SA1:Sync:genblk1[0]:INST\
    PORT MAP (
        clock => ClockBlock_BUS_CLK ,
        in => \ADC_SA1:nrq\ ,
        out => \ADC_SA1:Net_3935\ );
    Properties:
    {
    }
    Clock Polarity: Active High
    Clock Enable: True

UDB [UDB=(1,5)] is empty.
UDB [UDB=(2,0)] contents:
LAB@[UDB=(2,0)][LB=0] #macrocells=2, #inputs=9, #pterms=2
{
    [McSlotId=0]:     MacroCell: Name=\PWM:PWMUDB:status_2\, Mode=(Combinatorial) @ [UDB=(2,0)][LB=0][MC=0]
        Total # of inputs        : 2
        Total # of product terms : 1
            Clock Enable: True
        Main Equation            : 1 pterm
        (
              \PWM:PWMUDB:runmode_enable\ * \PWM:PWMUDB:tc_i\
        );
        Output = \PWM:PWMUDB:status_2\ (fanout=1)
        Properties               : 
        {
        }

    [McSlotId=1]: (empty)
    [McSlotId=2]: (empty)
    [McSlotId=3]:     MacroCell: Name=\ADC_SA1:AMuxHw_2_Decoder_one_hot_15\, Mode=(D-Register) @ [UDB=(2,0)][LB=0][MC=3]
        Total # of inputs        : 7
        Total # of product terms : 1
        List of special equations: 
            Clock  = (\ADC_SA1:clock\) => Global
            Clock Enable: True
        Main Equation            : 1 pterm
        (
              \ADC_SA1:AMuxHw_2_Decoder_is_active\ * 
              !\ADC_SA1:AMuxHw_2_Decoder_old_id_5\ * 
              !\ADC_SA1:AMuxHw_2_Decoder_old_id_4\ * 
              \ADC_SA1:AMuxHw_2_Decoder_old_id_3\ * 
              \ADC_SA1:AMuxHw_2_Decoder_old_id_2\ * 
              \ADC_SA1:AMuxHw_2_Decoder_old_id_1\ * 
              \ADC_SA1:AMuxHw_2_Decoder_old_id_0\
        );
        Output = \ADC_SA1:AMuxHw_2_Decoder_one_hot_15\ (fanout=1)
        Properties               : 
        {
        }
}

LAB@[UDB=(2,0)][LB=1] #macrocells=3, #inputs=7, #pterms=3
{
    [McSlotId=0]:     MacroCell: Name=\ADC_SA1:AMuxHw_2_Decoder_one_hot_25\, Mode=(D-Register) @ [UDB=(2,0)][LB=1][MC=0]
        Total # of inputs        : 7
        Total # of product terms : 1
        List of special equations: 
            Clock  = (\ADC_SA1:clock\) => Global
            Clock Enable: True
        Main Equation            : 1 pterm
        (
              \ADC_SA1:AMuxHw_2_Decoder_is_active\ * 
              !\ADC_SA1:AMuxHw_2_Decoder_old_id_5\ * 
              \ADC_SA1:AMuxHw_2_Decoder_old_id_4\ * 
              \ADC_SA1:AMuxHw_2_Decoder_old_id_3\ * 
              !\ADC_SA1:AMuxHw_2_Decoder_old_id_2\ * 
              !\ADC_SA1:AMuxHw_2_Decoder_old_id_1\ * 
              \ADC_SA1:AMuxHw_2_Decoder_old_id_0\
        );
        Output = \ADC_SA1:AMuxHw_2_Decoder_one_hot_25\ (fanout=1)
        Properties               : 
        {
        }

    [McSlotId=1]:     MacroCell: Name=\ADC_SA1:AMuxHw_2_Decoder_one_hot_19\, Mode=(D-Register) @ [UDB=(2,0)][LB=1][MC=1]
        Total # of inputs        : 7
        Total # of product terms : 1
        List of special equations: 
            Clock  = (\ADC_SA1:clock\) => Global
            Clock Enable: True
        Main Equation            : 1 pterm
        (
              \ADC_SA1:AMuxHw_2_Decoder_is_active\ * 
              !\ADC_SA1:AMuxHw_2_Decoder_old_id_5\ * 
              \ADC_SA1:AMuxHw_2_Decoder_old_id_4\ * 
              !\ADC_SA1:AMuxHw_2_Decoder_old_id_3\ * 
              !\ADC_SA1:AMuxHw_2_Decoder_old_id_2\ * 
              \ADC_SA1:AMuxHw_2_Decoder_old_id_1\ * 
              \ADC_SA1:AMuxHw_2_Decoder_old_id_0\
        );
        Output = \ADC_SA1:AMuxHw_2_Decoder_one_hot_19\ (fanout=1)
        Properties               : 
        {
        }

    [McSlotId=2]: (empty)
    [McSlotId=3]:     MacroCell: Name=\ADC_SA1:AMuxHw_2_Decoder_one_hot_22\, Mode=(D-Register) @ [UDB=(2,0)][LB=1][MC=3]
        Total # of inputs        : 7
        Total # of product terms : 1
        List of special equations: 
            Clock  = (\ADC_SA1:clock\) => Global
            Clock Enable: True
        Main Equation            : 1 pterm
        (
              \ADC_SA1:AMuxHw_2_Decoder_is_active\ * 
              !\ADC_SA1:AMuxHw_2_Decoder_old_id_5\ * 
              \ADC_SA1:AMuxHw_2_Decoder_old_id_4\ * 
              !\ADC_SA1:AMuxHw_2_Decoder_old_id_3\ * 
              \ADC_SA1:AMuxHw_2_Decoder_old_id_2\ * 
              \ADC_SA1:AMuxHw_2_Decoder_old_id_1\ * 
              !\ADC_SA1:AMuxHw_2_Decoder_old_id_0\
        );
        Output = \ADC_SA1:AMuxHw_2_Decoder_one_hot_22\ (fanout=1)
        Properties               : 
        {
        }
}

datapathcell: Name =\PWM:PWMUDB:sP16:pwmdp:u0\
    PORT MAP (
        clock => Net_185 ,
        cs_addr_2 => \PWM:PWMUDB:tc_i\ ,
        cs_addr_1 => \PWM:PWMUDB:runmode_enable\ ,
        chain_out => \PWM:PWMUDB:sP16:pwmdp:carry\ );
    Properties:
    {
        a0_init = "00000000"
        a1_init = "00000000"
        ce0_sync = 1
        ce1_sync = 1
        cl0_sync = 1
        cl1_sync = 1
        cmsb_sync = 1
        co_msb_sync = 1
        cy_dpconfig = "0000000001000000000000001100000001000000010000000000000011000000000000001100000000000000110000000000000011000000000000001100000011111111000000001111111111111111101000000000000000000100000000000000000000011000"
        d0_init = "00000000"
        d1_init = "00000000"
        f0_blk_sync = 1
        f0_bus_sync = 1
        f1_blk_sync = 1
        f1_bus_sync = 1
        ff0_sync = 1
        ff1_sync = 1
        ov_msb_sync = 1
        so_sync = 1
        z0_sync = 1
        z1_sync = 1
    }
    Clock Polarity: Active High
    Clock Enable: True
    Next in chain : \PWM:PWMUDB:sP16:pwmdp:u1\

UDB [UDB=(2,1)] contents:
LAB@[UDB=(2,1)][LB=0] #macrocells=4, #inputs=12, #pterms=4
{
    [McSlotId=0]:     MacroCell: Name=\ADC_SA1:AMuxHw_2_Decoder_one_hot_17\, Mode=(D-Register) @ [UDB=(2,1)][LB=0][MC=0]
        Total # of inputs        : 7
        Total # of product terms : 1
        List of special equations: 
            Clock  = (\ADC_SA1:clock\) => Global
            Clock Enable: True
        Main Equation            : 1 pterm
        (
              \ADC_SA1:AMuxHw_2_Decoder_is_active\ * 
              !\ADC_SA1:AMuxHw_2_Decoder_old_id_5\ * 
              \ADC_SA1:AMuxHw_2_Decoder_old_id_4\ * 
              !\ADC_SA1:AMuxHw_2_Decoder_old_id_3\ * 
              !\ADC_SA1:AMuxHw_2_Decoder_old_id_2\ * 
              !\ADC_SA1:AMuxHw_2_Decoder_old_id_1\ * 
              \ADC_SA1:AMuxHw_2_Decoder_old_id_0\
        );
        Output = \ADC_SA1:AMuxHw_2_Decoder_one_hot_17\ (fanout=1)
        Properties               : 
        {
        }

    [McSlotId=1]:     MacroCell: Name=\UART_PSOC:BUART:tx_status_0\, Mode=(Combinatorial) @ [UDB=(2,1)][LB=0][MC=1]
        Total # of inputs        : 5
        Total # of product terms : 1
            Clock Enable: True
        Main Equation            : 1 pterm
        (
              !\UART_PSOC:BUART:tx_state_1\ * !\UART_PSOC:BUART:tx_state_0\ * 
              \UART_PSOC:BUART:tx_bitclk_enable_pre\ * 
              \UART_PSOC:BUART:tx_fifo_empty\ * \UART_PSOC:BUART:tx_state_2\
        );
        Output = \UART_PSOC:BUART:tx_status_0\ (fanout=1)
        Properties               : 
        {
        }

    [McSlotId=2]:     MacroCell: Name=\ADC_SA1:AMuxHw_2_Decoder_one_hot_32\, Mode=(D-Register) @ [UDB=(2,1)][LB=0][MC=2]
        Total # of inputs        : 7
        Total # of product terms : 1
        List of special equations: 
            Clock  = (\ADC_SA1:clock\) => Global
            Clock Enable: True
        Main Equation            : 1 pterm
        (
              \ADC_SA1:AMuxHw_2_Decoder_is_active\ * 
              \ADC_SA1:AMuxHw_2_Decoder_old_id_5\ * 
              !\ADC_SA1:AMuxHw_2_Decoder_old_id_4\ * 
              !\ADC_SA1:AMuxHw_2_Decoder_old_id_3\ * 
              !\ADC_SA1:AMuxHw_2_Decoder_old_id_2\ * 
              !\ADC_SA1:AMuxHw_2_Decoder_old_id_1\ * 
              !\ADC_SA1:AMuxHw_2_Decoder_old_id_0\
        );
        Output = \ADC_SA1:AMuxHw_2_Decoder_one_hot_32\ (fanout=1)
        Properties               : 
        {
        }

    [McSlotId=3]:     MacroCell: Name=\ADC_SA1:AMuxHw_2_Decoder_one_hot_41\, Mode=(D-Register) @ [UDB=(2,1)][LB=0][MC=3]
        Total # of inputs        : 7
        Total # of product terms : 1
        List of special equations: 
            Clock  = (\ADC_SA1:clock\) => Global
            Clock Enable: True
        Main Equation            : 1 pterm
        (
              \ADC_SA1:AMuxHw_2_Decoder_is_active\ * 
              \ADC_SA1:AMuxHw_2_Decoder_old_id_5\ * 
              !\ADC_SA1:AMuxHw_2_Decoder_old_id_4\ * 
              \ADC_SA1:AMuxHw_2_Decoder_old_id_3\ * 
              !\ADC_SA1:AMuxHw_2_Decoder_old_id_2\ * 
              !\ADC_SA1:AMuxHw_2_Decoder_old_id_1\ * 
              \ADC_SA1:AMuxHw_2_Decoder_old_id_0\
        );
        Output = \ADC_SA1:AMuxHw_2_Decoder_one_hot_41\ (fanout=1)
        Properties               : 
        {
        }
}

LAB@[UDB=(2,1)][LB=1] #macrocells=3, #inputs=11, #pterms=3
{
    [McSlotId=0]:     MacroCell: Name=\ADC_SA1:AMuxHw_2_Decoder_one_hot_45\, Mode=(D-Register) @ [UDB=(2,1)][LB=1][MC=0]
        Total # of inputs        : 7
        Total # of product terms : 1
        List of special equations: 
            Clock  = (\ADC_SA1:clock\) => Global
            Clock Enable: True
        Main Equation            : 1 pterm
        (
              \ADC_SA1:AMuxHw_2_Decoder_is_active\ * 
              \ADC_SA1:AMuxHw_2_Decoder_old_id_5\ * 
              !\ADC_SA1:AMuxHw_2_Decoder_old_id_4\ * 
              \ADC_SA1:AMuxHw_2_Decoder_old_id_3\ * 
              \ADC_SA1:AMuxHw_2_Decoder_old_id_2\ * 
              !\ADC_SA1:AMuxHw_2_Decoder_old_id_1\ * 
              \ADC_SA1:AMuxHw_2_Decoder_old_id_0\
        );
        Output = \ADC_SA1:AMuxHw_2_Decoder_one_hot_45\ (fanout=1)
        Properties               : 
        {
        }

    [McSlotId=1]:     MacroCell: Name=\UART_ESP:BUART:rx_counter_load\, Mode=(Combinatorial) @ [UDB=(2,1)][LB=1][MC=1]
        Total # of inputs        : 4
        Total # of product terms : 1
            Clock Enable: True
        Main Equation            : 1 pterm
        (
              !\UART_ESP:BUART:tx_ctrl_mark_last\ * 
              !\UART_ESP:BUART:rx_state_0\ * !\UART_ESP:BUART:rx_state_3\ * 
              !\UART_ESP:BUART:rx_state_2\
        );
        Output = \UART_ESP:BUART:rx_counter_load\ (fanout=2)
        Properties               : 
        {
        }

    [McSlotId=2]:     MacroCell: Name=\ADC_SA1:AMuxHw_2_Decoder_one_hot_57\, Mode=(D-Register) @ [UDB=(2,1)][LB=1][MC=2]
        Total # of inputs        : 7
        Total # of product terms : 1
        List of special equations: 
            Clock  = (\ADC_SA1:clock\) => Global
            Clock Enable: True
        Main Equation            : 1 pterm
        (
              \ADC_SA1:AMuxHw_2_Decoder_is_active\ * 
              \ADC_SA1:AMuxHw_2_Decoder_old_id_5\ * 
              \ADC_SA1:AMuxHw_2_Decoder_old_id_4\ * 
              \ADC_SA1:AMuxHw_2_Decoder_old_id_3\ * 
              !\ADC_SA1:AMuxHw_2_Decoder_old_id_2\ * 
              !\ADC_SA1:AMuxHw_2_Decoder_old_id_1\ * 
              \ADC_SA1:AMuxHw_2_Decoder_old_id_0\
        );
        Output = \ADC_SA1:AMuxHw_2_Decoder_one_hot_57\ (fanout=1)
        Properties               : 
        {
        }

    [McSlotId=3]: (empty)
}

datapathcell: Name =\UART_PSOC:BUART:sTX:TxShifter:u0\
    PORT MAP (
        clock => \UART_PSOC:Net_9\ ,
        cs_addr_2 => \UART_PSOC:BUART:tx_state_1\ ,
        cs_addr_1 => \UART_PSOC:BUART:tx_state_0\ ,
        cs_addr_0 => \UART_PSOC:BUART:tx_bitclk_enable_pre\ ,
        so_comb => \UART_PSOC:BUART:tx_shift_out\ ,
        f0_bus_stat_comb => \UART_PSOC:BUART:tx_fifo_notfull\ ,
        f0_blk_stat_comb => \UART_PSOC:BUART:tx_fifo_empty\ );
    Properties:
    {
        a0_init = "00000000"
        a1_init = "00000000"
        ce0_sync = 1
        ce1_sync = 1
        cl0_sync = 1
        cl1_sync = 1
        cmsb_sync = 1
        co_msb_sync = 1
        cy_dpconfig = "0000000000000000000000000000000000000000000000000000000011000000000000000000000000000010010000000000000000000000000000000000000011111111000000001111111111111111000000000000000001000100111100000000000000001100"
        d0_init = "00000000"
        d1_init = "00000000"
        f0_blk_sync = 1
        f0_bus_sync = 1
        f1_blk_sync = 1
        f1_bus_sync = 1
        ff0_sync = 1
        ff1_sync = 1
        ov_msb_sync = 1
        so_sync = 1
        z0_sync = 1
        z1_sync = 1
    }
    Clock Polarity: Active High
    Clock Enable: True

statusicell: Name =\UART_PSOC:BUART:sTX:TxSts\
    PORT MAP (
        clock => \UART_PSOC:Net_9\ ,
        status_3 => \UART_PSOC:BUART:tx_fifo_notfull\ ,
        status_2 => \UART_PSOC:BUART:tx_status_2\ ,
        status_1 => \UART_PSOC:BUART:tx_fifo_empty\ ,
        status_0 => \UART_PSOC:BUART:tx_status_0\ );
    Properties:
    {
        cy_force_order = 1
        cy_int_mask = "1111111"
        cy_md_select = "0000001"
    }
    Clock Polarity: Active High
    Clock Enable: True

UDB [UDB=(2,2)] contents:
LAB@[UDB=(2,2)][LB=0] #macrocells=3, #inputs=12, #pterms=3
{
    [McSlotId=0]: (empty)
    [McSlotId=1]:     MacroCell: Name=\UART_ESP:BUART:tx_status_0\, Mode=(Combinatorial) @ [UDB=(2,2)][LB=0][MC=1]
        Total # of inputs        : 5
        Total # of product terms : 1
            Clock Enable: True
        Main Equation            : 1 pterm
        (
              !\UART_ESP:BUART:tx_state_1\ * !\UART_ESP:BUART:tx_state_0\ * 
              \UART_ESP:BUART:tx_bitclk_enable_pre\ * 
              \UART_ESP:BUART:tx_fifo_empty\ * \UART_ESP:BUART:tx_state_2\
        );
        Output = \UART_ESP:BUART:tx_status_0\ (fanout=1)
        Properties               : 
        {
        }

    [McSlotId=2]:     MacroCell: Name=\ADC_SA1:AMuxHw_2_Decoder_one_hot_23\, Mode=(D-Register) @ [UDB=(2,2)][LB=0][MC=2]
        Total # of inputs        : 7
        Total # of product terms : 1
        List of special equations: 
            Clock  = (\ADC_SA1:clock\) => Global
            Clock Enable: True
        Main Equation            : 1 pterm
        (
              \ADC_SA1:AMuxHw_2_Decoder_is_active\ * 
              !\ADC_SA1:AMuxHw_2_Decoder_old_id_5\ * 
              \ADC_SA1:AMuxHw_2_Decoder_old_id_4\ * 
              !\ADC_SA1:AMuxHw_2_Decoder_old_id_3\ * 
              \ADC_SA1:AMuxHw_2_Decoder_old_id_2\ * 
              \ADC_SA1:AMuxHw_2_Decoder_old_id_1\ * 
              \ADC_SA1:AMuxHw_2_Decoder_old_id_0\
        );
        Output = \ADC_SA1:AMuxHw_2_Decoder_one_hot_23\ (fanout=1)
        Properties               : 
        {
        }

    [McSlotId=3]:     MacroCell: Name=\ADC_SA1:AMuxHw_2_Decoder_one_hot_5\, Mode=(D-Register) @ [UDB=(2,2)][LB=0][MC=3]
        Total # of inputs        : 7
        Total # of product terms : 1
        List of special equations: 
            Clock  = (\ADC_SA1:clock\) => Global
            Clock Enable: True
        Main Equation            : 1 pterm
        (
              \ADC_SA1:AMuxHw_2_Decoder_is_active\ * 
              !\ADC_SA1:AMuxHw_2_Decoder_old_id_5\ * 
              !\ADC_SA1:AMuxHw_2_Decoder_old_id_4\ * 
              !\ADC_SA1:AMuxHw_2_Decoder_old_id_3\ * 
              \ADC_SA1:AMuxHw_2_Decoder_old_id_2\ * 
              !\ADC_SA1:AMuxHw_2_Decoder_old_id_1\ * 
              \ADC_SA1:AMuxHw_2_Decoder_old_id_0\
        );
        Output = \ADC_SA1:AMuxHw_2_Decoder_one_hot_5\ (fanout=1)
        Properties               : 
        {
        }
}

LAB@[UDB=(2,2)][LB=1] #macrocells=4, #inputs=11, #pterms=7
{
    [McSlotId=0]:     MacroCell: Name=\UART_ESP:BUART:rx_status_3\, Mode=(D-Register) @ [UDB=(2,2)][LB=1][MC=0]
        Total # of inputs        : 8
        Total # of product terms : 2
        List of special equations: 
            Clock  = (\UART_ESP:Net_9\) => Global
            Clock Enable: True
        Main Equation            : 2 pterms
        (
              !\UART_ESP:BUART:tx_ctrl_mark_last\ * 
              !\UART_ESP:BUART:rx_state_0\ * 
              \UART_ESP:BUART:rx_bitclk_enable\ * \UART_ESP:BUART:rx_state_3\ * 
              \UART_ESP:BUART:rx_state_2\ * !\UART_ESP:BUART:pollcount_1\ * 
              !Net_130
            + !\UART_ESP:BUART:tx_ctrl_mark_last\ * 
              !\UART_ESP:BUART:rx_state_0\ * 
              \UART_ESP:BUART:rx_bitclk_enable\ * \UART_ESP:BUART:rx_state_3\ * 
              \UART_ESP:BUART:rx_state_2\ * !\UART_ESP:BUART:pollcount_1\ * 
              !\UART_ESP:BUART:pollcount_0\
        );
        Output = \UART_ESP:BUART:rx_status_3\ (fanout=1)
        Properties               : 
        {
        }

    [McSlotId=1]:     MacroCell: Name=\UART_ESP:BUART:rx_load_fifo\, Mode=(D-Register) @ [UDB=(2,2)][LB=1][MC=1]
        Total # of inputs        : 8
        Total # of product terms : 3
        List of special equations: 
            Clock  = (\UART_ESP:Net_9\) => Global
            Clock Enable: True
        Main Equation            : 3 pterms
        (
              !\UART_ESP:BUART:tx_ctrl_mark_last\ * 
              !\UART_ESP:BUART:rx_state_0\ * 
              \UART_ESP:BUART:rx_bitclk_enable\ * \UART_ESP:BUART:rx_state_3\ * 
              !\UART_ESP:BUART:rx_state_2\
            + !\UART_ESP:BUART:tx_ctrl_mark_last\ * 
              \UART_ESP:BUART:rx_state_0\ * !\UART_ESP:BUART:rx_state_3\ * 
              !\UART_ESP:BUART:rx_state_2\ * !\UART_ESP:BUART:rx_count_6\ * 
              !\UART_ESP:BUART:rx_count_5\
            + !\UART_ESP:BUART:tx_ctrl_mark_last\ * 
              \UART_ESP:BUART:rx_state_0\ * !\UART_ESP:BUART:rx_state_3\ * 
              !\UART_ESP:BUART:rx_state_2\ * !\UART_ESP:BUART:rx_count_6\ * 
              !\UART_ESP:BUART:rx_count_4\
        );
        Output = \UART_ESP:BUART:rx_load_fifo\ (fanout=2)
        Properties               : 
        {
        }

    [McSlotId=2]:     MacroCell: Name=\UART_ESP:BUART:rx_state_3\, Mode=(T-Register) @ [UDB=(2,2)][LB=1][MC=2]
        Total # of inputs        : 8
        Total # of product terms : 3
        List of special equations: 
            Clock  = (\UART_ESP:Net_9\) => Global
            Clock Enable: True
        Main Equation            : 3 pterms
        (
              !\UART_ESP:BUART:tx_ctrl_mark_last\ * 
              !\UART_ESP:BUART:rx_state_0\ * 
              \UART_ESP:BUART:rx_bitclk_enable\ * \UART_ESP:BUART:rx_state_3\ * 
              \UART_ESP:BUART:rx_state_2\
            + !\UART_ESP:BUART:tx_ctrl_mark_last\ * 
              \UART_ESP:BUART:rx_state_0\ * !\UART_ESP:BUART:rx_state_3\ * 
              !\UART_ESP:BUART:rx_state_2\ * !\UART_ESP:BUART:rx_count_6\ * 
              !\UART_ESP:BUART:rx_count_5\
            + !\UART_ESP:BUART:tx_ctrl_mark_last\ * 
              \UART_ESP:BUART:rx_state_0\ * !\UART_ESP:BUART:rx_state_3\ * 
              !\UART_ESP:BUART:rx_state_2\ * !\UART_ESP:BUART:rx_count_6\ * 
              !\UART_ESP:BUART:rx_count_4\
        );
        Output = \UART_ESP:BUART:rx_state_3\ (fanout=7)
        Properties               : 
        {
        }

    [McSlotId=3]:     MacroCell: Name=\UART_ESP:BUART:rx_last\, Mode=(D-Register) @ [UDB=(2,2)][LB=1][MC=3]
        Total # of inputs        : 1
        Total # of product terms : 1
        List of special equations: 
            Clock  = (\UART_ESP:Net_9\) => Global
            Clock Enable: True
        Main Equation            : 1 pterm
        (
              Net_130
        );
        Output = \UART_ESP:BUART:rx_last\ (fanout=1)
        Properties               : 
        {
        }
}

statusicell: Name =\UART_ESP:BUART:sTX:TxSts\
    PORT MAP (
        clock => \UART_ESP:Net_9\ ,
        status_3 => \UART_ESP:BUART:tx_fifo_notfull\ ,
        status_2 => \UART_ESP:BUART:tx_status_2\ ,
        status_1 => \UART_ESP:BUART:tx_fifo_empty\ ,
        status_0 => \UART_ESP:BUART:tx_status_0\ );
    Properties:
    {
        cy_force_order = 1
        cy_int_mask = "1111111"
        cy_md_select = "0000001"
    }
    Clock Polarity: Active High
    Clock Enable: True

UDB [UDB=(2,3)] contents:
LAB@[UDB=(2,3)][LB=0] #macrocells=3, #inputs=12, #pterms=8
{
    [McSlotId=0]:     MacroCell: Name=\UART_ESP:BUART:tx_state_0\, Mode=(T-Register) @ [UDB=(2,3)][LB=0][MC=0]
        Total # of inputs        : 6
        Total # of product terms : 4
        List of special equations: 
            Clock  = (\UART_ESP:Net_9\) => Global
            Clock Enable: True
        Main Equation            : 4 pterms
        (
              !\UART_ESP:BUART:tx_state_1\ * !\UART_ESP:BUART:tx_state_0\ * 
              \UART_ESP:BUART:tx_bitclk_enable_pre\ * 
              !\UART_ESP:BUART:tx_fifo_empty\
            + !\UART_ESP:BUART:tx_state_1\ * !\UART_ESP:BUART:tx_state_0\ * 
              !\UART_ESP:BUART:tx_fifo_empty\ * !\UART_ESP:BUART:tx_state_2\
            + \UART_ESP:BUART:tx_state_1\ * \UART_ESP:BUART:tx_state_0\ * 
              \UART_ESP:BUART:tx_bitclk_enable_pre\ * 
              \UART_ESP:BUART:tx_fifo_empty\ * \UART_ESP:BUART:tx_state_2\
            + \UART_ESP:BUART:tx_state_0\ * !\UART_ESP:BUART:tx_state_2\ * 
              \UART_ESP:BUART:tx_bitclk\
        );
        Output = \UART_ESP:BUART:tx_state_0\ (fanout=8)
        Properties               : 
        {
        }

    [McSlotId=1]:     MacroCell: Name=\UART_ESP:BUART:pollcount_1\, Mode=(D-Register) @ [UDB=(2,3)][LB=0][MC=1]
        Total # of inputs        : 5
        Total # of product terms : 3
        List of special equations: 
            Clock  = (\UART_ESP:Net_9\) => Global
            Clock Enable: True
        Main Equation            : 3 pterms
        (
              !\UART_ESP:BUART:rx_count_2\ * !\UART_ESP:BUART:rx_count_1\ * 
              !\UART_ESP:BUART:pollcount_1\ * Net_130 * 
              \UART_ESP:BUART:pollcount_0\
            + !\UART_ESP:BUART:rx_count_2\ * !\UART_ESP:BUART:rx_count_1\ * 
              \UART_ESP:BUART:pollcount_1\ * !Net_130
            + !\UART_ESP:BUART:rx_count_2\ * !\UART_ESP:BUART:rx_count_1\ * 
              \UART_ESP:BUART:pollcount_1\ * !\UART_ESP:BUART:pollcount_0\
        );
        Output = \UART_ESP:BUART:pollcount_1\ (fanout=4)
        Properties               : 
        {
        }

    [McSlotId=2]:     MacroCell: Name=\UART_ESP:BUART:rx_bitclk_enable\, Mode=(D-Register) @ [UDB=(2,3)][LB=0][MC=2]
        Total # of inputs        : 3
        Total # of product terms : 1
        List of special equations: 
            Clock  = (\UART_ESP:Net_9\) => Global
            Clock Enable: True
        Main Equation            : 1 pterm
        (
              !\UART_ESP:BUART:rx_count_2\ * !\UART_ESP:BUART:rx_count_1\ * 
              !\UART_ESP:BUART:rx_count_0\
        );
        Output = \UART_ESP:BUART:rx_bitclk_enable\ (fanout=6)
        Properties               : 
        {
        }

    [McSlotId=3]: (empty)
}

LAB@[UDB=(2,3)][LB=1] #macrocells=4, #inputs=12, #pterms=8
{
    [McSlotId=0]:     MacroCell: Name=\UART_ESP:BUART:rx_state_2\, Mode=(T-Register) @ [UDB=(2,3)][LB=1][MC=0]
        Total # of inputs        : 10
        Total # of product terms : 5
        List of special equations: 
            Clock  = (\UART_ESP:Net_9\) => Global
            Clock Enable: True
        Main Equation            : 5 pterms
        (
              !\UART_ESP:BUART:tx_ctrl_mark_last\ * 
              !\UART_ESP:BUART:rx_state_0\ * 
              \UART_ESP:BUART:rx_bitclk_enable\ * \UART_ESP:BUART:rx_state_3\
            + !\UART_ESP:BUART:tx_ctrl_mark_last\ * 
              !\UART_ESP:BUART:rx_state_0\ * 
              \UART_ESP:BUART:rx_bitclk_enable\ * \UART_ESP:BUART:rx_state_2\
            + !\UART_ESP:BUART:tx_ctrl_mark_last\ * 
              !\UART_ESP:BUART:rx_state_0\ * !\UART_ESP:BUART:rx_state_3\ * 
              !\UART_ESP:BUART:rx_state_2\ * !Net_130 * 
              \UART_ESP:BUART:rx_last\
            + !\UART_ESP:BUART:tx_ctrl_mark_last\ * 
              \UART_ESP:BUART:rx_state_0\ * !\UART_ESP:BUART:rx_state_3\ * 
              !\UART_ESP:BUART:rx_state_2\ * !\UART_ESP:BUART:rx_count_6\ * 
              !\UART_ESP:BUART:rx_count_5\
            + !\UART_ESP:BUART:tx_ctrl_mark_last\ * 
              \UART_ESP:BUART:rx_state_0\ * !\UART_ESP:BUART:rx_state_3\ * 
              !\UART_ESP:BUART:rx_state_2\ * !\UART_ESP:BUART:rx_count_6\ * 
              !\UART_ESP:BUART:rx_count_4\
        );
        Output = \UART_ESP:BUART:rx_state_2\ (fanout=7)
        Properties               : 
        {
        }

    [McSlotId=1]:     MacroCell: Name=\UART_ESP:BUART:tx_ctrl_mark_last\, Mode=(T-Register) @ [UDB=(2,3)][LB=1][MC=1]
        Total # of inputs        : 0
        Total # of product terms : 0
        List of special equations: 
            Clock  = (\UART_ESP:Net_9\) => Global
            Clock Enable: True
        Main Equation            : 0 pterms
        (
            0
        );
        Output = \UART_ESP:BUART:tx_ctrl_mark_last\ (fanout=8)
        Properties               : 
        {
        }

    [McSlotId=2]:     MacroCell: Name=\UART_ESP:BUART:rx_state_stop1_reg\, Mode=(D-Register) @ [UDB=(2,3)][LB=1][MC=2]
        Total # of inputs        : 4
        Total # of product terms : 1
        List of special equations: 
            Clock  = (\UART_ESP:Net_9\) => Global
            Clock Enable: True
        Main Equation            : 1 pterm
        !(
              !\UART_ESP:BUART:tx_ctrl_mark_last\ * 
              !\UART_ESP:BUART:rx_state_0\ * \UART_ESP:BUART:rx_state_3\ * 
              \UART_ESP:BUART:rx_state_2\
        );
        Output = \UART_ESP:BUART:rx_state_stop1_reg\ (fanout=1)
        Properties               : 
        {
        }

    [McSlotId=3]:     MacroCell: Name=\UART_ESP:BUART:rx_state_0\, Mode=(T-Register) @ [UDB=(2,3)][LB=1][MC=3]
        Total # of inputs        : 11
        Total # of product terms : 4
        List of special equations: 
            Clock  = (\UART_ESP:Net_9\) => Global
            Clock Enable: True
        Main Equation            : 4 pterms
        (
              !\UART_ESP:BUART:tx_ctrl_mark_last\ * 
              !\UART_ESP:BUART:rx_state_0\ * 
              \UART_ESP:BUART:rx_bitclk_enable\ * 
              !\UART_ESP:BUART:rx_state_3\ * \UART_ESP:BUART:rx_state_2\ * 
              !\UART_ESP:BUART:pollcount_1\ * !Net_130
            + !\UART_ESP:BUART:tx_ctrl_mark_last\ * 
              !\UART_ESP:BUART:rx_state_0\ * 
              \UART_ESP:BUART:rx_bitclk_enable\ * 
              !\UART_ESP:BUART:rx_state_3\ * \UART_ESP:BUART:rx_state_2\ * 
              !\UART_ESP:BUART:pollcount_1\ * !\UART_ESP:BUART:pollcount_0\
            + !\UART_ESP:BUART:tx_ctrl_mark_last\ * 
              \UART_ESP:BUART:rx_state_0\ * !\UART_ESP:BUART:rx_state_3\ * 
              !\UART_ESP:BUART:rx_state_2\ * !\UART_ESP:BUART:rx_count_6\ * 
              !\UART_ESP:BUART:rx_count_5\
            + !\UART_ESP:BUART:tx_ctrl_mark_last\ * 
              \UART_ESP:BUART:rx_state_0\ * !\UART_ESP:BUART:rx_state_3\ * 
              !\UART_ESP:BUART:rx_state_2\ * !\UART_ESP:BUART:rx_count_6\ * 
              !\UART_ESP:BUART:rx_count_4\
        );
        Output = \UART_ESP:BUART:rx_state_0\ (fanout=8)
        Properties               : 
        {
        }
}

UDB [UDB=(2,4)] contents:
LAB@[UDB=(2,4)][LB=0] #macrocells=2, #inputs=8, #pterms=8
{
    [McSlotId=0]:     MacroCell: Name=\UART_ESP:BUART:tx_state_1\, Mode=(T-Register) @ [UDB=(2,4)][LB=0][MC=0]
        Total # of inputs        : 6
        Total # of product terms : 3
        List of special equations: 
            Clock  = (\UART_ESP:Net_9\) => Global
            Clock Enable: True
        Main Equation            : 3 pterms
        (
              \UART_ESP:BUART:tx_state_1\ * \UART_ESP:BUART:tx_state_0\ * 
              \UART_ESP:BUART:tx_bitclk_enable_pre\ * 
              \UART_ESP:BUART:tx_state_2\
            + \UART_ESP:BUART:tx_state_1\ * !\UART_ESP:BUART:tx_state_2\ * 
              \UART_ESP:BUART:tx_counter_dp\ * \UART_ESP:BUART:tx_bitclk\
            + \UART_ESP:BUART:tx_state_0\ * !\UART_ESP:BUART:tx_state_2\ * 
              \UART_ESP:BUART:tx_bitclk\
        );
        Output = \UART_ESP:BUART:tx_state_1\ (fanout=8)
        Properties               : 
        {
        }

    [McSlotId=1]: (empty)
    [McSlotId=2]:     MacroCell: Name=\UART_ESP:BUART:txn\, Mode=(D-Register) @ [UDB=(2,4)][LB=0][MC=2]
        Total # of inputs        : 7
        Total # of product terms : 5
        List of special equations: 
            Clock  = (\UART_ESP:Net_9\) => Global
            Clock Enable: True
        Main Equation            : 5 pterms
        (
              \UART_ESP:BUART:txn\ * \UART_ESP:BUART:tx_state_1\ * 
              !\UART_ESP:BUART:tx_bitclk\
            + \UART_ESP:BUART:txn\ * \UART_ESP:BUART:tx_state_2\
            + !\UART_ESP:BUART:tx_state_1\ * \UART_ESP:BUART:tx_state_0\ * 
              !\UART_ESP:BUART:tx_shift_out\ * !\UART_ESP:BUART:tx_state_2\
            + !\UART_ESP:BUART:tx_state_1\ * \UART_ESP:BUART:tx_state_0\ * 
              !\UART_ESP:BUART:tx_state_2\ * !\UART_ESP:BUART:tx_bitclk\
            + \UART_ESP:BUART:tx_state_1\ * !\UART_ESP:BUART:tx_state_0\ * 
              !\UART_ESP:BUART:tx_shift_out\ * !\UART_ESP:BUART:tx_state_2\ * 
              !\UART_ESP:BUART:tx_counter_dp\ * \UART_ESP:BUART:tx_bitclk\
        );
        Output = \UART_ESP:BUART:txn\ (fanout=2)
        Properties               : 
        {
        }

    [McSlotId=3]: (empty)
}

LAB@[UDB=(2,4)][LB=1] #macrocells=3, #inputs=10, #pterms=8
{
    [McSlotId=0]:     MacroCell: Name=\UART_ESP:BUART:tx_state_2\, Mode=(T-Register) @ [UDB=(2,4)][LB=1][MC=0]
        Total # of inputs        : 6
        Total # of product terms : 4
        List of special equations: 
            Clock  = (\UART_ESP:Net_9\) => Global
            Clock Enable: True
        Main Equation            : 4 pterms
        (
              !\UART_ESP:BUART:tx_state_1\ * !\UART_ESP:BUART:tx_state_0\ * 
              \UART_ESP:BUART:tx_bitclk_enable_pre\ * 
              \UART_ESP:BUART:tx_state_2\
            + \UART_ESP:BUART:tx_state_1\ * \UART_ESP:BUART:tx_state_0\ * 
              \UART_ESP:BUART:tx_bitclk_enable_pre\ * 
              \UART_ESP:BUART:tx_state_2\
            + \UART_ESP:BUART:tx_state_1\ * \UART_ESP:BUART:tx_state_0\ * 
              !\UART_ESP:BUART:tx_state_2\ * \UART_ESP:BUART:tx_bitclk\
            + \UART_ESP:BUART:tx_state_1\ * !\UART_ESP:BUART:tx_state_2\ * 
              \UART_ESP:BUART:tx_counter_dp\ * \UART_ESP:BUART:tx_bitclk\
        );
        Output = \UART_ESP:BUART:tx_state_2\ (fanout=7)
        Properties               : 
        {
        }

    [McSlotId=1]:     MacroCell: Name=\UART_ESP:BUART:tx_bitclk\, Mode=(D-Register) @ [UDB=(2,4)][LB=1][MC=1]
        Total # of inputs        : 4
        Total # of product terms : 2
        List of special equations: 
            Clock  = (\UART_ESP:Net_9\) => Global
            Clock Enable: True
        Main Equation            : 2 pterms
        !(
              !\UART_ESP:BUART:tx_state_1\ * !\UART_ESP:BUART:tx_state_0\ * 
              \UART_ESP:BUART:tx_state_2\
            + !\UART_ESP:BUART:tx_bitclk_enable_pre\
        );
        Output = \UART_ESP:BUART:tx_bitclk\ (fanout=4)
        Properties               : 
        {
        }

    [McSlotId=2]:     MacroCell: Name=\UART_ESP:BUART:pollcount_0\, Mode=(D-Register) @ [UDB=(2,4)][LB=1][MC=2]
        Total # of inputs        : 4
        Total # of product terms : 2
        List of special equations: 
            Clock  = (\UART_ESP:Net_9\) => Global
            Clock Enable: True
        Main Equation            : 2 pterms
        (
              !\UART_ESP:BUART:rx_count_2\ * !\UART_ESP:BUART:rx_count_1\ * 
              !Net_130 * \UART_ESP:BUART:pollcount_0\
            + !\UART_ESP:BUART:rx_count_2\ * !\UART_ESP:BUART:rx_count_1\ * 
              Net_130 * !\UART_ESP:BUART:pollcount_0\
        );
        Output = \UART_ESP:BUART:pollcount_0\ (fanout=5)
        Properties               : 
        {
        }

    [McSlotId=3]: (empty)
}

datapathcell: Name =\UART_ESP:BUART:sTX:TxShifter:u0\
    PORT MAP (
        clock => \UART_ESP:Net_9\ ,
        cs_addr_2 => \UART_ESP:BUART:tx_state_1\ ,
        cs_addr_1 => \UART_ESP:BUART:tx_state_0\ ,
        cs_addr_0 => \UART_ESP:BUART:tx_bitclk_enable_pre\ ,
        so_comb => \UART_ESP:BUART:tx_shift_out\ ,
        f0_bus_stat_comb => \UART_ESP:BUART:tx_fifo_notfull\ ,
        f0_blk_stat_comb => \UART_ESP:BUART:tx_fifo_empty\ );
    Properties:
    {
        a0_init = "00000000"
        a1_init = "00000000"
        ce0_sync = 1
        ce1_sync = 1
        cl0_sync = 1
        cl1_sync = 1
        cmsb_sync = 1
        co_msb_sync = 1
        cy_dpconfig = "0000000000000000000000000000000000000000000000000000000011000000000000000000000000000010010000000000000000000000000000000000000011111111000000001111111111111111000000000000000001000100111100000000000000001100"
        d0_init = "00000000"
        d1_init = "00000000"
        f0_blk_sync = 1
        f0_bus_sync = 1
        f1_blk_sync = 1
        f1_bus_sync = 1
        ff0_sync = 1
        ff1_sync = 1
        ov_msb_sync = 1
        so_sync = 1
        z0_sync = 1
        z1_sync = 1
    }
    Clock Polarity: Active High
    Clock Enable: True

UDB [UDB=(2,5)] contents:
LAB@[UDB=(2,5)][LB=0] #macrocells=2, #inputs=8, #pterms=2
{
    [McSlotId=0]:     MacroCell: Name=\ADC_SA1:AMuxHw_2_Decoder_old_id_4\, Mode=(D-Register) @ [UDB=(2,5)][LB=0][MC=0]
        Total # of inputs        : 1
        Total # of product terms : 1
        List of special equations: 
            Clock  = (\ADC_SA1:clock\) => Global
            Clock Enable: True
        Main Equation            : 1 pterm
        (
              \ADC_SA1:ch_addr_4\
        );
        Output = \ADC_SA1:AMuxHw_2_Decoder_old_id_4\ (fanout=66)
        Properties               : 
        {
        }

    [McSlotId=1]: (empty)
    [McSlotId=2]: (empty)
    [McSlotId=3]:     MacroCell: Name=\ADC_SA1:AMuxHw_2_Decoder_one_hot_3\, Mode=(D-Register) @ [UDB=(2,5)][LB=0][MC=3]
        Total # of inputs        : 7
        Total # of product terms : 1
        List of special equations: 
            Clock  = (\ADC_SA1:clock\) => Global
            Clock Enable: True
        Main Equation            : 1 pterm
        (
              \ADC_SA1:AMuxHw_2_Decoder_is_active\ * 
              !\ADC_SA1:AMuxHw_2_Decoder_old_id_5\ * 
              !\ADC_SA1:AMuxHw_2_Decoder_old_id_4\ * 
              !\ADC_SA1:AMuxHw_2_Decoder_old_id_3\ * 
              !\ADC_SA1:AMuxHw_2_Decoder_old_id_2\ * 
              \ADC_SA1:AMuxHw_2_Decoder_old_id_1\ * 
              \ADC_SA1:AMuxHw_2_Decoder_old_id_0\
        );
        Output = \ADC_SA1:AMuxHw_2_Decoder_one_hot_3\ (fanout=1)
        Properties               : 
        {
        }
}

LAB@[UDB=(2,5)][LB=1] #macrocells=3, #inputs=11, #pterms=4
{
    [McSlotId=0]:     MacroCell: Name=\ADC_SA1:AMuxHw_2_Decoder_one_hot_21\, Mode=(D-Register) @ [UDB=(2,5)][LB=1][MC=0]
        Total # of inputs        : 7
        Total # of product terms : 1
        List of special equations: 
            Clock  = (\ADC_SA1:clock\) => Global
            Clock Enable: True
        Main Equation            : 1 pterm
        (
              \ADC_SA1:AMuxHw_2_Decoder_is_active\ * 
              !\ADC_SA1:AMuxHw_2_Decoder_old_id_5\ * 
              \ADC_SA1:AMuxHw_2_Decoder_old_id_4\ * 
              !\ADC_SA1:AMuxHw_2_Decoder_old_id_3\ * 
              \ADC_SA1:AMuxHw_2_Decoder_old_id_2\ * 
              !\ADC_SA1:AMuxHw_2_Decoder_old_id_1\ * 
              \ADC_SA1:AMuxHw_2_Decoder_old_id_0\
        );
        Output = \ADC_SA1:AMuxHw_2_Decoder_one_hot_21\ (fanout=1)
        Properties               : 
        {
        }

    [McSlotId=1]:     MacroCell: Name=\ADC_SA1:AMuxHw_2_Decoder_one_hot_62\, Mode=(D-Register) @ [UDB=(2,5)][LB=1][MC=1]
        Total # of inputs        : 7
        Total # of product terms : 1
        List of special equations: 
            Clock  = (\ADC_SA1:clock\) => Global
            Clock Enable: True
        Main Equation            : 1 pterm
        (
              \ADC_SA1:AMuxHw_2_Decoder_is_active\ * 
              \ADC_SA1:AMuxHw_2_Decoder_old_id_5\ * 
              \ADC_SA1:AMuxHw_2_Decoder_old_id_4\ * 
              \ADC_SA1:AMuxHw_2_Decoder_old_id_3\ * 
              \ADC_SA1:AMuxHw_2_Decoder_old_id_2\ * 
              \ADC_SA1:AMuxHw_2_Decoder_old_id_1\ * 
              !\ADC_SA1:AMuxHw_2_Decoder_old_id_0\
        );
        Output = \ADC_SA1:AMuxHw_2_Decoder_one_hot_62\ (fanout=1)
        Properties               : 
        {
        }

    [McSlotId=2]: (empty)
    [McSlotId=3]:     MacroCell: Name=\UART_ESP:BUART:counter_load_not\, Mode=(Combinatorial) @ [UDB=(2,5)][LB=1][MC=3]
        Total # of inputs        : 4
        Total # of product terms : 2
            Clock Enable: True
        Main Equation            : 2 pterms
        !(
              !\UART_ESP:BUART:tx_state_1\ * !\UART_ESP:BUART:tx_state_0\ * 
              \UART_ESP:BUART:tx_bitclk_enable_pre\
            + !\UART_ESP:BUART:tx_state_1\ * !\UART_ESP:BUART:tx_state_0\ * 
              !\UART_ESP:BUART:tx_state_2\
        );
        Output = \UART_ESP:BUART:counter_load_not\ (fanout=1)
        Properties               : 
        {
        }
}

datapathcell: Name =\UART_ESP:BUART:sTX:sCLOCK:TxBitClkGen\
    PORT MAP (
        clock => \UART_ESP:Net_9\ ,
        cs_addr_0 => \UART_ESP:BUART:counter_load_not\ ,
        ce0_reg => \UART_ESP:BUART:tx_bitclk_enable_pre\ ,
        ce1_reg => \UART_ESP:BUART:tx_counter_dp\ );
    Properties:
    {
        a0_init = "00000000"
        a1_init = "00000000"
        ce0_sync = 1
        ce1_sync = 1
        cl0_sync = 1
        cl1_sync = 1
        cmsb_sync = 1
        co_msb_sync = 1
        cy_dpconfig = "1010100001000000001000000100000000000000000000000000000000000000000000000000000000000000000000000000000000000000000000000000000011111111000000001111111100000111001000000100000000000101111100000000000000001000"
        d0_init = "00000000"
        d1_init = "00000000"
        f0_blk_sync = 1
        f0_bus_sync = 1
        f1_blk_sync = 1
        f1_bus_sync = 1
        ff0_sync = 1
        ff1_sync = 1
        ov_msb_sync = 1
        so_sync = 1
        z0_sync = 1
        z1_sync = 1
    }
    Clock Polarity: Active High
    Clock Enable: True

count7cell: Name =\UART_ESP:BUART:sRX:RxBitCounter\
    PORT MAP (
        clock => \UART_ESP:Net_9\ ,
        load => \UART_ESP:BUART:rx_counter_load\ ,
        count_6 => \UART_ESP:BUART:rx_count_6\ ,
        count_5 => \UART_ESP:BUART:rx_count_5\ ,
        count_4 => \UART_ESP:BUART:rx_count_4\ ,
        count_3 => \UART_ESP:BUART:rx_count_3\ ,
        count_2 => \UART_ESP:BUART:rx_count_2\ ,
        count_1 => \UART_ESP:BUART:rx_count_1\ ,
        count_0 => \UART_ESP:BUART:rx_count_0\ ,
        tc => \UART_ESP:BUART:rx_count7_tc\ );
    Properties:
    {
        cy_alt_mode = 0
        cy_init_value = "0000000"
        cy_period = "1110010"
        cy_route_en = 1
        cy_route_ld = 1
    }
    Clock Polarity: Active High
    Clock Enable: True

UDB [UDB=(3,0)] contents:
LAB@[UDB=(3,0)][LB=0] #macrocells=3, #inputs=4, #pterms=3
{
    [McSlotId=0]:     MacroCell: Name=\PWM:PWMUDB:runmode_enable\, Mode=(D-Register) @ [UDB=(3,0)][LB=0][MC=0]
        Total # of inputs        : 1
        Total # of product terms : 1
        List of special equations: 
            Clock  = (Net_185) => Global
            Clock Enable: True
        Main Equation            : 1 pterm
        (
              \PWM:PWMUDB:control_7\
        );
        Output = \PWM:PWMUDB:runmode_enable\ (fanout=5)
        Properties               : 
        {
        }

    [McSlotId=1]: (empty)
    [McSlotId=2]:     MacroCell: Name=Net_160, Mode=(D-Register) @ [UDB=(3,0)][LB=0][MC=2]
        Total # of inputs        : 2
        Total # of product terms : 1
        List of special equations: 
            Clock  = (Net_185) => Global
            Clock Enable: True
        Main Equation            : 1 pterm
        (
              \PWM:PWMUDB:runmode_enable\ * \PWM:PWMUDB:cmp1_less\
        );
        Output = Net_160 (fanout=1)
        Properties               : 
        {
        }

    [McSlotId=3]:     MacroCell: Name=Net_161, Mode=(D-Register) @ [UDB=(3,0)][LB=0][MC=3]
        Total # of inputs        : 2
        Total # of product terms : 1
        List of special equations: 
            Clock  = (Net_185) => Global
            Clock Enable: True
        Main Equation            : 1 pterm
        (
              \PWM:PWMUDB:runmode_enable\ * \PWM:PWMUDB:cmp2_less\
        );
        Output = Net_161 (fanout=1)
        Properties               : 
        {
        }
}

LAB@[UDB=(3,0)][LB=1] #macrocells=4, #inputs=4, #pterms=4
{
    [McSlotId=0]:     MacroCell: Name=\PWM:PWMUDB:prevCompare1\, Mode=(D-Register) @ [UDB=(3,0)][LB=1][MC=0]
        Total # of inputs        : 1
        Total # of product terms : 1
        List of special equations: 
            Clock  = (Net_185) => Global
            Clock Enable: True
        Main Equation            : 1 pterm
        (
              \PWM:PWMUDB:cmp1_less\
        );
        Output = \PWM:PWMUDB:prevCompare1\ (fanout=1)
        Properties               : 
        {
        }

    [McSlotId=1]:     MacroCell: Name=\PWM:PWMUDB:status_0\, Mode=(D-Register) @ [UDB=(3,0)][LB=1][MC=1]
        Total # of inputs        : 2
        Total # of product terms : 1
        List of special equations: 
            Clock  = (Net_185) => Global
            Clock Enable: True
        Main Equation            : 1 pterm
        (
              !\PWM:PWMUDB:prevCompare1\ * \PWM:PWMUDB:cmp1_less\
        );
        Output = \PWM:PWMUDB:status_0\ (fanout=1)
        Properties               : 
        {
        }

    [McSlotId=2]:     MacroCell: Name=\PWM:PWMUDB:prevCompare2\, Mode=(D-Register) @ [UDB=(3,0)][LB=1][MC=2]
        Total # of inputs        : 1
        Total # of product terms : 1
        List of special equations: 
            Clock  = (Net_185) => Global
            Clock Enable: True
        Main Equation            : 1 pterm
        (
              \PWM:PWMUDB:cmp2_less\
        );
        Output = \PWM:PWMUDB:prevCompare2\ (fanout=1)
        Properties               : 
        {
        }

    [McSlotId=3]:     MacroCell: Name=\PWM:PWMUDB:status_1\, Mode=(D-Register) @ [UDB=(3,0)][LB=1][MC=3]
        Total # of inputs        : 2
        Total # of product terms : 1
        List of special equations: 
            Clock  = (Net_185) => Global
            Clock Enable: True
        Main Equation            : 1 pterm
        (
              !\PWM:PWMUDB:prevCompare2\ * \PWM:PWMUDB:cmp2_less\
        );
        Output = \PWM:PWMUDB:status_1\ (fanout=1)
        Properties               : 
        {
        }
}

datapathcell: Name =\PWM:PWMUDB:sP16:pwmdp:u1\
    PORT MAP (
        clock => Net_185 ,
        cs_addr_2 => \PWM:PWMUDB:tc_i\ ,
        cs_addr_1 => \PWM:PWMUDB:runmode_enable\ ,
        cl0_comb => \PWM:PWMUDB:cmp1_less\ ,
        z0_comb => \PWM:PWMUDB:tc_i\ ,
        cl1_comb => \PWM:PWMUDB:cmp2_less\ ,
        f1_blk_stat_comb => \PWM:PWMUDB:status_3\ ,
        chain_in => \PWM:PWMUDB:sP16:pwmdp:carry\ );
    Properties:
    {
        a0_init = "00000000"
        a1_init = "00000000"
        ce0_sync = 1
        ce1_sync = 1
        cl0_sync = 1
        cl1_sync = 1
        cmsb_sync = 1
        co_msb_sync = 1
        cy_dpconfig = "0000000001000000000000001100000001000000010000000000000011000000000000001100000000000000110000000000000011000000000000001100000011111111000000001111111111111111101011110000000000000100000011110000000000011000"
        d0_init = "00000000"
        d1_init = "00000000"
        f0_blk_sync = 1
        f0_bus_sync = 1
        f1_blk_sync = 1
        f1_bus_sync = 1
        ff0_sync = 1
        ff1_sync = 1
        ov_msb_sync = 1
        so_sync = 1
        z0_sync = 1
        z1_sync = 1
    }
    Clock Polarity: Active High
    Clock Enable: True
    Previous in chain : \PWM:PWMUDB:sP16:pwmdp:u0\

statusicell: Name =\PWM:PWMUDB:genblk8:stsreg\
    PORT MAP (
        clock => Net_185 ,
        status_3 => \PWM:PWMUDB:status_3\ ,
        status_2 => \PWM:PWMUDB:status_2\ ,
        status_1 => \PWM:PWMUDB:status_1\ ,
        status_0 => \PWM:PWMUDB:status_0\ );
    Properties:
    {
        cy_force_order = 1
        cy_int_mask = "1111111"
        cy_md_select = "0100111"
    }
    Clock Polarity: Active High
    Clock Enable: True

controlcell: Name =\PWM:PWMUDB:genblk1:ctrlreg\
    PORT MAP (
        clock => Net_185 ,
        control_7 => \PWM:PWMUDB:control_7\ ,
        control_6 => \PWM:PWMUDB:control_6\ ,
        control_5 => \PWM:PWMUDB:control_5\ ,
        control_4 => \PWM:PWMUDB:control_4\ ,
        control_3 => \PWM:PWMUDB:control_3\ ,
        control_2 => \PWM:PWMUDB:control_2\ ,
        control_1 => \PWM:PWMUDB:control_1\ ,
        control_0 => \PWM:PWMUDB:control_0\ );
    Properties:
    {
        cy_ctrl_mode_0 = "11111111"
        cy_ctrl_mode_1 = "00000000"
        cy_ext_reset = 0
        cy_force_order = 1
        cy_init_value = "00000000"
    }
    Clock Polarity: Active High
    Clock Enable: True

UDB [UDB=(3,1)] contents:
LAB@[UDB=(3,1)][LB=0] #macrocells=3, #inputs=7, #pterms=3
{
    [McSlotId=0]:     MacroCell: Name=\ADC_SA1:AMuxHw_2_Decoder_one_hot_47\, Mode=(D-Register) @ [UDB=(3,1)][LB=0][MC=0]
        Total # of inputs        : 7
        Total # of product terms : 1
        List of special equations: 
            Clock  = (\ADC_SA1:clock\) => Global
            Clock Enable: True
        Main Equation            : 1 pterm
        (
              \ADC_SA1:AMuxHw_2_Decoder_is_active\ * 
              \ADC_SA1:AMuxHw_2_Decoder_old_id_5\ * 
              !\ADC_SA1:AMuxHw_2_Decoder_old_id_4\ * 
              \ADC_SA1:AMuxHw_2_Decoder_old_id_3\ * 
              \ADC_SA1:AMuxHw_2_Decoder_old_id_2\ * 
              \ADC_SA1:AMuxHw_2_Decoder_old_id_1\ * 
              \ADC_SA1:AMuxHw_2_Decoder_old_id_0\
        );
        Output = \ADC_SA1:AMuxHw_2_Decoder_one_hot_47\ (fanout=1)
        Properties               : 
        {
        }

    [McSlotId=1]: (empty)
    [McSlotId=2]:     MacroCell: Name=\ADC_SA1:AMuxHw_2_Decoder_one_hot_39\, Mode=(D-Register) @ [UDB=(3,1)][LB=0][MC=2]
        Total # of inputs        : 7
        Total # of product terms : 1
        List of special equations: 
            Clock  = (\ADC_SA1:clock\) => Global
            Clock Enable: True
        Main Equation            : 1 pterm
        (
              \ADC_SA1:AMuxHw_2_Decoder_is_active\ * 
              \ADC_SA1:AMuxHw_2_Decoder_old_id_5\ * 
              !\ADC_SA1:AMuxHw_2_Decoder_old_id_4\ * 
              !\ADC_SA1:AMuxHw_2_Decoder_old_id_3\ * 
              \ADC_SA1:AMuxHw_2_Decoder_old_id_2\ * 
              \ADC_SA1:AMuxHw_2_Decoder_old_id_1\ * 
              \ADC_SA1:AMuxHw_2_Decoder_old_id_0\
        );
        Output = \ADC_SA1:AMuxHw_2_Decoder_one_hot_39\ (fanout=1)
        Properties               : 
        {
        }

    [McSlotId=3]:     MacroCell: Name=\ADC_SA1:AMuxHw_2_Decoder_one_hot_26\, Mode=(D-Register) @ [UDB=(3,1)][LB=0][MC=3]
        Total # of inputs        : 7
        Total # of product terms : 1
        List of special equations: 
            Clock  = (\ADC_SA1:clock\) => Global
            Clock Enable: True
        Main Equation            : 1 pterm
        (
              \ADC_SA1:AMuxHw_2_Decoder_is_active\ * 
              !\ADC_SA1:AMuxHw_2_Decoder_old_id_5\ * 
              \ADC_SA1:AMuxHw_2_Decoder_old_id_4\ * 
              \ADC_SA1:AMuxHw_2_Decoder_old_id_3\ * 
              !\ADC_SA1:AMuxHw_2_Decoder_old_id_2\ * 
              \ADC_SA1:AMuxHw_2_Decoder_old_id_1\ * 
              !\ADC_SA1:AMuxHw_2_Decoder_old_id_0\
        );
        Output = \ADC_SA1:AMuxHw_2_Decoder_one_hot_26\ (fanout=1)
        Properties               : 
        {
        }
}

LAB@[UDB=(3,1)][LB=1] #macrocells=1, #inputs=7, #pterms=1
{
    [McSlotId=0]: (empty)
    [McSlotId=1]: (empty)
    [McSlotId=2]:     MacroCell: Name=\ADC_SA1:AMuxHw_2_Decoder_one_hot_46\, Mode=(D-Register) @ [UDB=(3,1)][LB=1][MC=2]
        Total # of inputs        : 7
        Total # of product terms : 1
        List of special equations: 
            Clock  = (\ADC_SA1:clock\) => Global
            Clock Enable: True
        Main Equation            : 1 pterm
        (
              \ADC_SA1:AMuxHw_2_Decoder_is_active\ * 
              \ADC_SA1:AMuxHw_2_Decoder_old_id_5\ * 
              !\ADC_SA1:AMuxHw_2_Decoder_old_id_4\ * 
              \ADC_SA1:AMuxHw_2_Decoder_old_id_3\ * 
              \ADC_SA1:AMuxHw_2_Decoder_old_id_2\ * 
              \ADC_SA1:AMuxHw_2_Decoder_old_id_1\ * 
              !\ADC_SA1:AMuxHw_2_Decoder_old_id_0\
        );
        Output = \ADC_SA1:AMuxHw_2_Decoder_one_hot_46\ (fanout=1)
        Properties               : 
        {
        }

    [McSlotId=3]: (empty)
}

UDB [UDB=(3,2)] contents:
LAB@[UDB=(3,2)][LB=0] #macrocells=2, #inputs=8, #pterms=2
{
    [McSlotId=0]: (empty)
    [McSlotId=1]:     MacroCell: Name=\UART_ESP:BUART:tx_status_2\, Mode=(Combinatorial) @ [UDB=(3,2)][LB=0][MC=1]
        Total # of inputs        : 1
        Total # of product terms : 1
            Clock Enable: True
        Main Equation            : 1 pterm
        (
              !\UART_ESP:BUART:tx_fifo_notfull\
        );
        Output = \UART_ESP:BUART:tx_status_2\ (fanout=1)
        Properties               : 
        {
        }

    [McSlotId=2]: (empty)
    [McSlotId=3]:     MacroCell: Name=\ADC_SA1:AMuxHw_2_Decoder_one_hot_52\, Mode=(D-Register) @ [UDB=(3,2)][LB=0][MC=3]
        Total # of inputs        : 7
        Total # of product terms : 1
        List of special equations: 
            Clock  = (\ADC_SA1:clock\) => Global
            Clock Enable: True
        Main Equation            : 1 pterm
        (
              \ADC_SA1:AMuxHw_2_Decoder_is_active\ * 
              \ADC_SA1:AMuxHw_2_Decoder_old_id_5\ * 
              \ADC_SA1:AMuxHw_2_Decoder_old_id_4\ * 
              !\ADC_SA1:AMuxHw_2_Decoder_old_id_3\ * 
              \ADC_SA1:AMuxHw_2_Decoder_old_id_2\ * 
              !\ADC_SA1:AMuxHw_2_Decoder_old_id_1\ * 
              !\ADC_SA1:AMuxHw_2_Decoder_old_id_0\
        );
        Output = \ADC_SA1:AMuxHw_2_Decoder_one_hot_52\ (fanout=1)
        Properties               : 
        {
        }
}

LAB@[UDB=(3,2)][LB=1] #macrocells=3, #inputs=7, #pterms=3
{
    [McSlotId=0]:     MacroCell: Name=\ADC_SA1:AMuxHw_2_Decoder_one_hot_61\, Mode=(D-Register) @ [UDB=(3,2)][LB=1][MC=0]
        Total # of inputs        : 7
        Total # of product terms : 1
        List of special equations: 
            Clock  = (\ADC_SA1:clock\) => Global
            Clock Enable: True
        Main Equation            : 1 pterm
        (
              \ADC_SA1:AMuxHw_2_Decoder_is_active\ * 
              \ADC_SA1:AMuxHw_2_Decoder_old_id_5\ * 
              \ADC_SA1:AMuxHw_2_Decoder_old_id_4\ * 
              \ADC_SA1:AMuxHw_2_Decoder_old_id_3\ * 
              \ADC_SA1:AMuxHw_2_Decoder_old_id_2\ * 
              !\ADC_SA1:AMuxHw_2_Decoder_old_id_1\ * 
              \ADC_SA1:AMuxHw_2_Decoder_old_id_0\
        );
        Output = \ADC_SA1:AMuxHw_2_Decoder_one_hot_61\ (fanout=1)
        Properties               : 
        {
        }

    [McSlotId=1]:     MacroCell: Name=\ADC_SA1:AMuxHw_2_Decoder_one_hot_33\, Mode=(D-Register) @ [UDB=(3,2)][LB=1][MC=1]
        Total # of inputs        : 7
        Total # of product terms : 1
        List of special equations: 
            Clock  = (\ADC_SA1:clock\) => Global
            Clock Enable: True
        Main Equation            : 1 pterm
        (
              \ADC_SA1:AMuxHw_2_Decoder_is_active\ * 
              \ADC_SA1:AMuxHw_2_Decoder_old_id_5\ * 
              !\ADC_SA1:AMuxHw_2_Decoder_old_id_4\ * 
              !\ADC_SA1:AMuxHw_2_Decoder_old_id_3\ * 
              !\ADC_SA1:AMuxHw_2_Decoder_old_id_2\ * 
              !\ADC_SA1:AMuxHw_2_Decoder_old_id_1\ * 
              \ADC_SA1:AMuxHw_2_Decoder_old_id_0\
        );
        Output = \ADC_SA1:AMuxHw_2_Decoder_one_hot_33\ (fanout=1)
        Properties               : 
        {
        }

    [McSlotId=2]:     MacroCell: Name=\ADC_SA1:AMuxHw_2_Decoder_one_hot_34\, Mode=(D-Register) @ [UDB=(3,2)][LB=1][MC=2]
        Total # of inputs        : 7
        Total # of product terms : 1
        List of special equations: 
            Clock  = (\ADC_SA1:clock\) => Global
            Clock Enable: True
        Main Equation            : 1 pterm
        (
              \ADC_SA1:AMuxHw_2_Decoder_is_active\ * 
              \ADC_SA1:AMuxHw_2_Decoder_old_id_5\ * 
              !\ADC_SA1:AMuxHw_2_Decoder_old_id_4\ * 
              !\ADC_SA1:AMuxHw_2_Decoder_old_id_3\ * 
              !\ADC_SA1:AMuxHw_2_Decoder_old_id_2\ * 
              \ADC_SA1:AMuxHw_2_Decoder_old_id_1\ * 
              !\ADC_SA1:AMuxHw_2_Decoder_old_id_0\
        );
        Output = \ADC_SA1:AMuxHw_2_Decoder_one_hot_34\ (fanout=1)
        Properties               : 
        {
        }

    [McSlotId=3]: (empty)
}

UDB [UDB=(3,3)] contents:
LAB@[UDB=(3,3)][LB=0] #macrocells=4, #inputs=8, #pterms=4
{
    [McSlotId=0]:     MacroCell: Name=\ADC_SA1:AMuxHw_2_Decoder_one_hot_43\, Mode=(D-Register) @ [UDB=(3,3)][LB=0][MC=0]
        Total # of inputs        : 7
        Total # of product terms : 1
        List of special equations: 
            Clock  = (\ADC_SA1:clock\) => Global
            Clock Enable: True
        Main Equation            : 1 pterm
        (
              \ADC_SA1:AMuxHw_2_Decoder_is_active\ * 
              \ADC_SA1:AMuxHw_2_Decoder_old_id_5\ * 
              !\ADC_SA1:AMuxHw_2_Decoder_old_id_4\ * 
              \ADC_SA1:AMuxHw_2_Decoder_old_id_3\ * 
              !\ADC_SA1:AMuxHw_2_Decoder_old_id_2\ * 
              \ADC_SA1:AMuxHw_2_Decoder_old_id_1\ * 
              \ADC_SA1:AMuxHw_2_Decoder_old_id_0\
        );
        Output = \ADC_SA1:AMuxHw_2_Decoder_one_hot_43\ (fanout=1)
        Properties               : 
        {
        }

    [McSlotId=1]:     MacroCell: Name=\ADC_SA1:AMuxHw_2_Decoder_one_hot_60\, Mode=(D-Register) @ [UDB=(3,3)][LB=0][MC=1]
        Total # of inputs        : 7
        Total # of product terms : 1
        List of special equations: 
            Clock  = (\ADC_SA1:clock\) => Global
            Clock Enable: True
        Main Equation            : 1 pterm
        (
              \ADC_SA1:AMuxHw_2_Decoder_is_active\ * 
              \ADC_SA1:AMuxHw_2_Decoder_old_id_5\ * 
              \ADC_SA1:AMuxHw_2_Decoder_old_id_4\ * 
              \ADC_SA1:AMuxHw_2_Decoder_old_id_3\ * 
              \ADC_SA1:AMuxHw_2_Decoder_old_id_2\ * 
              !\ADC_SA1:AMuxHw_2_Decoder_old_id_1\ * 
              !\ADC_SA1:AMuxHw_2_Decoder_old_id_0\
        );
        Output = \ADC_SA1:AMuxHw_2_Decoder_one_hot_60\ (fanout=1)
        Properties               : 
        {
        }

    [McSlotId=2]:     MacroCell: Name=\ADC_SA1:AMuxHw_2_Decoder_one_hot_10\, Mode=(D-Register) @ [UDB=(3,3)][LB=0][MC=2]
        Total # of inputs        : 7
        Total # of product terms : 1
        List of special equations: 
            Clock  = (\ADC_SA1:clock\) => Global
            Clock Enable: True
        Main Equation            : 1 pterm
        (
              \ADC_SA1:AMuxHw_2_Decoder_is_active\ * 
              !\ADC_SA1:AMuxHw_2_Decoder_old_id_5\ * 
              !\ADC_SA1:AMuxHw_2_Decoder_old_id_4\ * 
              \ADC_SA1:AMuxHw_2_Decoder_old_id_3\ * 
              !\ADC_SA1:AMuxHw_2_Decoder_old_id_2\ * 
              \ADC_SA1:AMuxHw_2_Decoder_old_id_1\ * 
              !\ADC_SA1:AMuxHw_2_Decoder_old_id_0\
        );
        Output = \ADC_SA1:AMuxHw_2_Decoder_one_hot_10\ (fanout=1)
        Properties               : 
        {
        }

    [McSlotId=3]:     MacroCell: Name=Net_134, Mode=(Combinatorial) @ [UDB=(3,3)][LB=0][MC=3]
        Total # of inputs        : 1
        Total # of product terms : 1
            Clock Enable: True
        Main Equation            : 1 pterm
        (
              !\UART_ESP:BUART:txn\
        );
        Output = Net_134 (fanout=1)
        Properties               : 
        {
        }
}

LAB@[UDB=(3,3)][LB=1] #macrocells=2, #inputs=7, #pterms=2
{
    [McSlotId=0]:     MacroCell: Name=\ADC_SA1:AMuxHw_2_Decoder_one_hot_63\, Mode=(D-Register) @ [UDB=(3,3)][LB=1][MC=0]
        Total # of inputs        : 7
        Total # of product terms : 1
        List of special equations: 
            Clock  = (\ADC_SA1:clock\) => Global
            Clock Enable: True
        Main Equation            : 1 pterm
        (
              \ADC_SA1:AMuxHw_2_Decoder_is_active\ * 
              \ADC_SA1:AMuxHw_2_Decoder_old_id_5\ * 
              \ADC_SA1:AMuxHw_2_Decoder_old_id_4\ * 
              \ADC_SA1:AMuxHw_2_Decoder_old_id_3\ * 
              \ADC_SA1:AMuxHw_2_Decoder_old_id_2\ * 
              \ADC_SA1:AMuxHw_2_Decoder_old_id_1\ * 
              \ADC_SA1:AMuxHw_2_Decoder_old_id_0\
        );
        Output = \ADC_SA1:AMuxHw_2_Decoder_one_hot_63\ (fanout=1)
        Properties               : 
        {
        }

    [McSlotId=1]: (empty)
    [McSlotId=2]: (empty)
    [McSlotId=3]:     MacroCell: Name=\ADC_SA1:AMuxHw_2_Decoder_one_hot_53\, Mode=(D-Register) @ [UDB=(3,3)][LB=1][MC=3]
        Total # of inputs        : 7
        Total # of product terms : 1
        List of special equations: 
            Clock  = (\ADC_SA1:clock\) => Global
            Clock Enable: True
        Main Equation            : 1 pterm
        (
              \ADC_SA1:AMuxHw_2_Decoder_is_active\ * 
              \ADC_SA1:AMuxHw_2_Decoder_old_id_5\ * 
              \ADC_SA1:AMuxHw_2_Decoder_old_id_4\ * 
              !\ADC_SA1:AMuxHw_2_Decoder_old_id_3\ * 
              \ADC_SA1:AMuxHw_2_Decoder_old_id_2\ * 
              !\ADC_SA1:AMuxHw_2_Decoder_old_id_1\ * 
              \ADC_SA1:AMuxHw_2_Decoder_old_id_0\
        );
        Output = \ADC_SA1:AMuxHw_2_Decoder_one_hot_53\ (fanout=1)
        Properties               : 
        {
        }
}

UDB [UDB=(3,4)] contents:
LAB@[UDB=(3,4)][LB=0] #macrocells=4, #inputs=7, #pterms=4
{
    [McSlotId=0]:     MacroCell: Name=\ADC_SA1:AMuxHw_2_Decoder_one_hot_0\, Mode=(D-Register) @ [UDB=(3,4)][LB=0][MC=0]
        Total # of inputs        : 7
        Total # of product terms : 1
        List of special equations: 
            Clock  = (\ADC_SA1:clock\) => Global
            Clock Enable: True
        Main Equation            : 1 pterm
        (
              \ADC_SA1:AMuxHw_2_Decoder_is_active\ * 
              !\ADC_SA1:AMuxHw_2_Decoder_old_id_5\ * 
              !\ADC_SA1:AMuxHw_2_Decoder_old_id_4\ * 
              !\ADC_SA1:AMuxHw_2_Decoder_old_id_3\ * 
              !\ADC_SA1:AMuxHw_2_Decoder_old_id_2\ * 
              !\ADC_SA1:AMuxHw_2_Decoder_old_id_1\ * 
              !\ADC_SA1:AMuxHw_2_Decoder_old_id_0\
        );
        Output = \ADC_SA1:AMuxHw_2_Decoder_one_hot_0\ (fanout=1)
        Properties               : 
        {
        }

    [McSlotId=1]:     MacroCell: Name=\ADC_SA1:AMuxHw_2_Decoder_one_hot_1\, Mode=(D-Register) @ [UDB=(3,4)][LB=0][MC=1]
        Total # of inputs        : 7
        Total # of product terms : 1
        List of special equations: 
            Clock  = (\ADC_SA1:clock\) => Global
            Clock Enable: True
        Main Equation            : 1 pterm
        (
              \ADC_SA1:AMuxHw_2_Decoder_is_active\ * 
              !\ADC_SA1:AMuxHw_2_Decoder_old_id_5\ * 
              !\ADC_SA1:AMuxHw_2_Decoder_old_id_4\ * 
              !\ADC_SA1:AMuxHw_2_Decoder_old_id_3\ * 
              !\ADC_SA1:AMuxHw_2_Decoder_old_id_2\ * 
              !\ADC_SA1:AMuxHw_2_Decoder_old_id_1\ * 
              \ADC_SA1:AMuxHw_2_Decoder_old_id_0\
        );
        Output = \ADC_SA1:AMuxHw_2_Decoder_one_hot_1\ (fanout=1)
        Properties               : 
        {
        }

    [McSlotId=2]:     MacroCell: Name=\ADC_SA1:AMuxHw_2_Decoder_one_hot_48\, Mode=(D-Register) @ [UDB=(3,4)][LB=0][MC=2]
        Total # of inputs        : 7
        Total # of product terms : 1
        List of special equations: 
            Clock  = (\ADC_SA1:clock\) => Global
            Clock Enable: True
        Main Equation            : 1 pterm
        (
              \ADC_SA1:AMuxHw_2_Decoder_is_active\ * 
              \ADC_SA1:AMuxHw_2_Decoder_old_id_5\ * 
              \ADC_SA1:AMuxHw_2_Decoder_old_id_4\ * 
              !\ADC_SA1:AMuxHw_2_Decoder_old_id_3\ * 
              !\ADC_SA1:AMuxHw_2_Decoder_old_id_2\ * 
              !\ADC_SA1:AMuxHw_2_Decoder_old_id_1\ * 
              !\ADC_SA1:AMuxHw_2_Decoder_old_id_0\
        );
        Output = \ADC_SA1:AMuxHw_2_Decoder_one_hot_48\ (fanout=1)
        Properties               : 
        {
        }

    [McSlotId=3]:     MacroCell: Name=\ADC_SA1:AMuxHw_2_Decoder_one_hot_2\, Mode=(D-Register) @ [UDB=(3,4)][LB=0][MC=3]
        Total # of inputs        : 7
        Total # of product terms : 1
        List of special equations: 
            Clock  = (\ADC_SA1:clock\) => Global
            Clock Enable: True
        Main Equation            : 1 pterm
        (
              \ADC_SA1:AMuxHw_2_Decoder_is_active\ * 
              !\ADC_SA1:AMuxHw_2_Decoder_old_id_5\ * 
              !\ADC_SA1:AMuxHw_2_Decoder_old_id_4\ * 
              !\ADC_SA1:AMuxHw_2_Decoder_old_id_3\ * 
              !\ADC_SA1:AMuxHw_2_Decoder_old_id_2\ * 
              \ADC_SA1:AMuxHw_2_Decoder_old_id_1\ * 
              !\ADC_SA1:AMuxHw_2_Decoder_old_id_0\
        );
        Output = \ADC_SA1:AMuxHw_2_Decoder_one_hot_2\ (fanout=1)
        Properties               : 
        {
        }
}

LAB@[UDB=(3,4)][LB=1] #macrocells=3, #inputs=7, #pterms=3
{
    [McSlotId=0]:     MacroCell: Name=\ADC_SA1:AMuxHw_2_Decoder_one_hot_36\, Mode=(D-Register) @ [UDB=(3,4)][LB=1][MC=0]
        Total # of inputs        : 7
        Total # of product terms : 1
        List of special equations: 
            Clock  = (\ADC_SA1:clock\) => Global
            Clock Enable: True
        Main Equation            : 1 pterm
        (
              \ADC_SA1:AMuxHw_2_Decoder_is_active\ * 
              \ADC_SA1:AMuxHw_2_Decoder_old_id_5\ * 
              !\ADC_SA1:AMuxHw_2_Decoder_old_id_4\ * 
              !\ADC_SA1:AMuxHw_2_Decoder_old_id_3\ * 
              \ADC_SA1:AMuxHw_2_Decoder_old_id_2\ * 
              !\ADC_SA1:AMuxHw_2_Decoder_old_id_1\ * 
              !\ADC_SA1:AMuxHw_2_Decoder_old_id_0\
        );
        Output = \ADC_SA1:AMuxHw_2_Decoder_one_hot_36\ (fanout=1)
        Properties               : 
        {
        }

    [McSlotId=1]:     MacroCell: Name=\ADC_SA1:AMuxHw_2_Decoder_one_hot_20\, Mode=(D-Register) @ [UDB=(3,4)][LB=1][MC=1]
        Total # of inputs        : 7
        Total # of product terms : 1
        List of special equations: 
            Clock  = (\ADC_SA1:clock\) => Global
            Clock Enable: True
        Main Equation            : 1 pterm
        (
              \ADC_SA1:AMuxHw_2_Decoder_is_active\ * 
              !\ADC_SA1:AMuxHw_2_Decoder_old_id_5\ * 
              \ADC_SA1:AMuxHw_2_Decoder_old_id_4\ * 
              !\ADC_SA1:AMuxHw_2_Decoder_old_id_3\ * 
              \ADC_SA1:AMuxHw_2_Decoder_old_id_2\ * 
              !\ADC_SA1:AMuxHw_2_Decoder_old_id_1\ * 
              !\ADC_SA1:AMuxHw_2_Decoder_old_id_0\
        );
        Output = \ADC_SA1:AMuxHw_2_Decoder_one_hot_20\ (fanout=1)
        Properties               : 
        {
        }

    [McSlotId=2]:     MacroCell: Name=\ADC_SA1:AMuxHw_2_Decoder_one_hot_35\, Mode=(D-Register) @ [UDB=(3,4)][LB=1][MC=2]
        Total # of inputs        : 7
        Total # of product terms : 1
        List of special equations: 
            Clock  = (\ADC_SA1:clock\) => Global
            Clock Enable: True
        Main Equation            : 1 pterm
        (
              \ADC_SA1:AMuxHw_2_Decoder_is_active\ * 
              \ADC_SA1:AMuxHw_2_Decoder_old_id_5\ * 
              !\ADC_SA1:AMuxHw_2_Decoder_old_id_4\ * 
              !\ADC_SA1:AMuxHw_2_Decoder_old_id_3\ * 
              !\ADC_SA1:AMuxHw_2_Decoder_old_id_2\ * 
              \ADC_SA1:AMuxHw_2_Decoder_old_id_1\ * 
              \ADC_SA1:AMuxHw_2_Decoder_old_id_0\
        );
        Output = \ADC_SA1:AMuxHw_2_Decoder_one_hot_35\ (fanout=1)
        Properties               : 
        {
        }

    [McSlotId=3]: (empty)
}

UDB [UDB=(3,5)] contents:
LAB@[UDB=(3,5)][LB=0] #macrocells=4, #inputs=7, #pterms=4
{
    [McSlotId=0]:     MacroCell: Name=\ADC_SA1:AMuxHw_2_Decoder_one_hot_56\, Mode=(D-Register) @ [UDB=(3,5)][LB=0][MC=0]
        Total # of inputs        : 7
        Total # of product terms : 1
        List of special equations: 
            Clock  = (\ADC_SA1:clock\) => Global
            Clock Enable: True
        Main Equation            : 1 pterm
        (
              \ADC_SA1:AMuxHw_2_Decoder_is_active\ * 
              \ADC_SA1:AMuxHw_2_Decoder_old_id_5\ * 
              \ADC_SA1:AMuxHw_2_Decoder_old_id_4\ * 
              \ADC_SA1:AMuxHw_2_Decoder_old_id_3\ * 
              !\ADC_SA1:AMuxHw_2_Decoder_old_id_2\ * 
              !\ADC_SA1:AMuxHw_2_Decoder_old_id_1\ * 
              !\ADC_SA1:AMuxHw_2_Decoder_old_id_0\
        );
        Output = \ADC_SA1:AMuxHw_2_Decoder_one_hot_56\ (fanout=1)
        Properties               : 
        {
        }

    [McSlotId=1]:     MacroCell: Name=\ADC_SA1:AMuxHw_2_Decoder_one_hot_11\, Mode=(D-Register) @ [UDB=(3,5)][LB=0][MC=1]
        Total # of inputs        : 7
        Total # of product terms : 1
        List of special equations: 
            Clock  = (\ADC_SA1:clock\) => Global
            Clock Enable: True
        Main Equation            : 1 pterm
        (
              \ADC_SA1:AMuxHw_2_Decoder_is_active\ * 
              !\ADC_SA1:AMuxHw_2_Decoder_old_id_5\ * 
              !\ADC_SA1:AMuxHw_2_Decoder_old_id_4\ * 
              \ADC_SA1:AMuxHw_2_Decoder_old_id_3\ * 
              !\ADC_SA1:AMuxHw_2_Decoder_old_id_2\ * 
              \ADC_SA1:AMuxHw_2_Decoder_old_id_1\ * 
              \ADC_SA1:AMuxHw_2_Decoder_old_id_0\
        );
        Output = \ADC_SA1:AMuxHw_2_Decoder_one_hot_11\ (fanout=1)
        Properties               : 
        {
        }

    [McSlotId=2]:     MacroCell: Name=\ADC_SA1:AMuxHw_2_Decoder_one_hot_9\, Mode=(D-Register) @ [UDB=(3,5)][LB=0][MC=2]
        Total # of inputs        : 7
        Total # of product terms : 1
        List of special equations: 
            Clock  = (\ADC_SA1:clock\) => Global
            Clock Enable: True
        Main Equation            : 1 pterm
        (
              \ADC_SA1:AMuxHw_2_Decoder_is_active\ * 
              !\ADC_SA1:AMuxHw_2_Decoder_old_id_5\ * 
              !\ADC_SA1:AMuxHw_2_Decoder_old_id_4\ * 
              \ADC_SA1:AMuxHw_2_Decoder_old_id_3\ * 
              !\ADC_SA1:AMuxHw_2_Decoder_old_id_2\ * 
              !\ADC_SA1:AMuxHw_2_Decoder_old_id_1\ * 
              \ADC_SA1:AMuxHw_2_Decoder_old_id_0\
        );
        Output = \ADC_SA1:AMuxHw_2_Decoder_one_hot_9\ (fanout=1)
        Properties               : 
        {
        }

    [McSlotId=3]:     MacroCell: Name=\ADC_SA1:AMuxHw_2_Decoder_one_hot_24\, Mode=(D-Register) @ [UDB=(3,5)][LB=0][MC=3]
        Total # of inputs        : 7
        Total # of product terms : 1
        List of special equations: 
            Clock  = (\ADC_SA1:clock\) => Global
            Clock Enable: True
        Main Equation            : 1 pterm
        (
              \ADC_SA1:AMuxHw_2_Decoder_is_active\ * 
              !\ADC_SA1:AMuxHw_2_Decoder_old_id_5\ * 
              \ADC_SA1:AMuxHw_2_Decoder_old_id_4\ * 
              \ADC_SA1:AMuxHw_2_Decoder_old_id_3\ * 
              !\ADC_SA1:AMuxHw_2_Decoder_old_id_2\ * 
              !\ADC_SA1:AMuxHw_2_Decoder_old_id_1\ * 
              !\ADC_SA1:AMuxHw_2_Decoder_old_id_0\
        );
        Output = \ADC_SA1:AMuxHw_2_Decoder_one_hot_24\ (fanout=1)
        Properties               : 
        {
        }
}

LAB@[UDB=(3,5)][LB=1] #macrocells=2, #inputs=7, #pterms=2
{
    [McSlotId=0]:     MacroCell: Name=\ADC_SA1:AMuxHw_2_Decoder_one_hot_37\, Mode=(D-Register) @ [UDB=(3,5)][LB=1][MC=0]
        Total # of inputs        : 7
        Total # of product terms : 1
        List of special equations: 
            Clock  = (\ADC_SA1:clock\) => Global
            Clock Enable: True
        Main Equation            : 1 pterm
        (
              \ADC_SA1:AMuxHw_2_Decoder_is_active\ * 
              \ADC_SA1:AMuxHw_2_Decoder_old_id_5\ * 
              !\ADC_SA1:AMuxHw_2_Decoder_old_id_4\ * 
              !\ADC_SA1:AMuxHw_2_Decoder_old_id_3\ * 
              \ADC_SA1:AMuxHw_2_Decoder_old_id_2\ * 
              !\ADC_SA1:AMuxHw_2_Decoder_old_id_1\ * 
              \ADC_SA1:AMuxHw_2_Decoder_old_id_0\
        );
        Output = \ADC_SA1:AMuxHw_2_Decoder_one_hot_37\ (fanout=1)
        Properties               : 
        {
        }

    [McSlotId=1]: (empty)
    [McSlotId=2]:     MacroCell: Name=\ADC_SA1:AMuxHw_2_Decoder_one_hot_42\, Mode=(D-Register) @ [UDB=(3,5)][LB=1][MC=2]
        Total # of inputs        : 7
        Total # of product terms : 1
        List of special equations: 
            Clock  = (\ADC_SA1:clock\) => Global
            Clock Enable: True
        Main Equation            : 1 pterm
        (
              \ADC_SA1:AMuxHw_2_Decoder_is_active\ * 
              \ADC_SA1:AMuxHw_2_Decoder_old_id_5\ * 
              !\ADC_SA1:AMuxHw_2_Decoder_old_id_4\ * 
              \ADC_SA1:AMuxHw_2_Decoder_old_id_3\ * 
              !\ADC_SA1:AMuxHw_2_Decoder_old_id_2\ * 
              \ADC_SA1:AMuxHw_2_Decoder_old_id_1\ * 
              !\ADC_SA1:AMuxHw_2_Decoder_old_id_0\
        );
        Output = \ADC_SA1:AMuxHw_2_Decoder_one_hot_42\ (fanout=1)
        Properties               : 
        {
        }

    [McSlotId=3]: (empty)
}

controlcell: Name =\resetTimerpH:Sync:ctrl_reg\
    PORT MAP (
        control_7 => \resetTimerpH:control_7\ ,
        control_6 => \resetTimerpH:control_6\ ,
        control_5 => \resetTimerpH:control_5\ ,
        control_4 => \resetTimerpH:control_4\ ,
        control_3 => \resetTimerpH:control_3\ ,
        control_2 => \resetTimerpH:control_2\ ,
        control_1 => \resetTimerpH:control_1\ ,
        control_0 => Net_168 );
    Properties:
    {
        cy_ctrl_mode_0 = "00000000"
        cy_ctrl_mode_1 = "00000000"
        cy_ext_reset = 0
        cy_force_order = 1
        cy_init_value = "00000000"
    }
    Clock Enable: True

Intr container @ [IntrContainer=(0)]: 
  Intr@ [IntrContainer=(0)][IntrId=(0)] 
    interrupt: Name =\ADC_SA1:IRQ\
        PORT MAP (
            interrupt => Net_25 );
        Properties:
        {
            int_type = "10"
            is_nmi = 0
        }
  Intr@ [IntrContainer=(0)][IntrId=(1)] 
    interrupt: Name =int_pH
        PORT MAP (
            interrupt => Net_173 );
        Properties:
        {
            int_type = "10"
            is_nmi = 0
        }
  Intr@ [IntrContainer=(0)][IntrId=(2)] 
    interrupt: Name =isr_rx2
        PORT MAP (
            interrupt => Net_133 );
        Properties:
        {
            int_type = "10"
            is_nmi = 0
        }
Drq container @ [DrqContainer=(0)]: 
  Dma@ [DrqContainer=(0)][DrqId=(0)] 
    drqcell: Name =\ADC_SA1:FinalBuf\
        PORT MAP (
            dmareq => \ADC_SA1:Net_3698\ ,
            termin => zero ,
            termout => \ADC_SA1:nrq\ );
        Properties:
        {
            drq_type = "00"
            num_tds = 0
        }
  Dma@ [DrqContainer=(0)][DrqId=(1)] 
    drqcell: Name =\ADC_SA1:TempBuf\
        PORT MAP (
            dmareq => \ADC_SA1:Net_3830\ ,
            termin => zero ,
            termout => \ADC_SA1:Net_3698\ );
        Properties:
        {
            drq_type = "00"
            num_tds = 0
        }
Port 0 contains the following IO cells:
[IoId=0]: 
Pin : Name = Pin_S_A_1(0)
    Attributes:
        In Group/Port: True
        In Sync Option: AUTO
        Out Sync Option: AUTO
        Interrupt generated: False
        Interrupt mode: NONE
        Drive mode: HI_Z_ANALOG
        VTrip: EITHER
        Slew: FAST
        Input Sync needed: False
        Output Sync needed: False
        SC shield enabled: False
        POR State: ANY
        LCD Mode: COMMON
        Register Mode: RegComb
        CaSense Mode: NEITHER
        Treat as pin: True
        Is OE Registered: False
        Uses Analog: True
        Can contain Digital: False
        Is SIO: False
        SIO Output Buf: NONREGULATED
        SIO Input Buf: SINGLE_ENDED
        SIO HiFreq: LOW
        SIO Hyst: DISABLED
        SIO Vtrip: MULTIPLIER_0_5
        SIO Multiplier Index: 0
        SIO RefSel: VCC_IO
        Required Capabilities: ANALOG
        Initial Value: 0
        IO Voltage: 0
    PORT MAP (
        pa_out => Pin_S_A_1(0)__PA ,
        analog_term => Net_26 ,
        pad => Pin_S_A_1(0)_PAD ,
        pin_input => \ADC_SA1:AMuxHw_2_Decoder_one_hot_0\ );
    Properties:
    {
    }

[IoId=1]: 
Pin : Name = Pin_S_A(0)
    Attributes:
        In Group/Port: True
        In Sync Option: AUTO
        Out Sync Option: AUTO
        Interrupt generated: False
        Interrupt mode: NONE
        Drive mode: HI_Z_ANALOG
        VTrip: EITHER
        Slew: FAST
        Input Sync needed: False
        Output Sync needed: False
        SC shield enabled: False
        POR State: ANY
        LCD Mode: COMMON
        Register Mode: RegComb
        CaSense Mode: NEITHER
        Treat as pin: True
        Is OE Registered: False
        Uses Analog: True
        Can contain Digital: False
        Is SIO: False
        SIO Output Buf: NONREGULATED
        SIO Input Buf: SINGLE_ENDED
        SIO HiFreq: LOW
        SIO Hyst: DISABLED
        SIO Vtrip: MULTIPLIER_0_5
        SIO Multiplier Index: 0
        SIO RefSel: VCC_IO
        Required Capabilities: ANALOG
        Initial Value: 0
        IO Voltage: 0
    PORT MAP (
        pa_out => Pin_S_A(0)__PA ,
        analog_term => Net_27 ,
        pad => Pin_S_A(0)_PAD ,
        pin_input => \ADC_SA1:AMuxHw_2_Decoder_one_hot_1\ );
    Properties:
    {
    }

[IoId=2]: 
Pin : Name = Pin_PH(0)
    Attributes:
        In Group/Port: True
        In Sync Option: AUTO
        Out Sync Option: AUTO
        Interrupt generated: False
        Interrupt mode: NONE
        Drive mode: HI_Z_ANALOG
        VTrip: EITHER
        Slew: FAST
        Input Sync needed: False
        Output Sync needed: False
        SC shield enabled: False
        POR State: ANY
        LCD Mode: COMMON
        Register Mode: RegComb
        CaSense Mode: NEITHER
        Treat as pin: True
        Is OE Registered: False
        Uses Analog: True
        Can contain Digital: False
        Is SIO: False
        SIO Output Buf: NONREGULATED
        SIO Input Buf: SINGLE_ENDED
        SIO HiFreq: LOW
        SIO Hyst: DISABLED
        SIO Vtrip: MULTIPLIER_0_5
        SIO Multiplier Index: 0
        SIO RefSel: VCC_IO
        Required Capabilities: ANALOG
        Initial Value: 0
        IO Voltage: 0
    PORT MAP (
        pa_out => Pin_PH(0)__PA ,
        analog_term => Net_29 ,
        pad => Pin_PH(0)_PAD ,
        pin_input => \ADC_SA1:AMuxHw_2_Decoder_one_hot_2\ );
    Properties:
    {
    }

Port 1 contains the following IO cells:
Port 2 contains the following IO cells:
[IoId=0]: 
Pin : Name = Pin_LED_R(0)
    Attributes:
        In Group/Port: True
        In Sync Option: AUTO
        Out Sync Option: NOSYNC
        Interrupt generated: False
        Interrupt mode: NONE
        Drive mode: CMOS_OUT
        VTrip: EITHER
        Slew: FAST
        Input Sync needed: False
        Output Sync needed: False
        SC shield enabled: False
        POR State: ANY
        LCD Mode: COMMON
        Register Mode: RegComb
        CaSense Mode: NEITHER
        Treat as pin: True
        Is OE Registered: False
        Uses Analog: False
        Can contain Digital: True
        Is SIO: False
        SIO Output Buf: NONREGULATED
        SIO Input Buf: SINGLE_ENDED
        SIO HiFreq: LOW
        SIO Hyst: DISABLED
        SIO Vtrip: MULTIPLIER_0_5
        SIO Multiplier Index: 0
        SIO RefSel: VCC_IO
        Required Capabilities: DIGITAL
        Initial Value: 0
        IO Voltage: 0
    PORT MAP (
        pa_out => Pin_LED_R(0)__PA ,
        pad => Pin_LED_R(0)_PAD );
    Properties:
    {
    }

[IoId=1]: 
Pin : Name = Pin_LED(0)
    Attributes:
        In Group/Port: True
        In Sync Option: AUTO
        Out Sync Option: NOSYNC
        Interrupt generated: False
        Interrupt mode: NONE
        Drive mode: CMOS_OUT
        VTrip: EITHER
        Slew: FAST
        Input Sync needed: False
        Output Sync needed: False
        SC shield enabled: False
        POR State: ANY
        LCD Mode: COMMON
        Register Mode: RegComb
        CaSense Mode: NEITHER
        Treat as pin: True
        Is OE Registered: False
        Uses Analog: False
        Can contain Digital: True
        Is SIO: False
        SIO Output Buf: NONREGULATED
        SIO Input Buf: SINGLE_ENDED
        SIO HiFreq: LOW
        SIO Hyst: DISABLED
        SIO Vtrip: MULTIPLIER_0_5
        SIO Multiplier Index: 0
        SIO RefSel: VCC_IO
        Required Capabilities: DIGITAL
        Initial Value: 0
        IO Voltage: 0
    PORT MAP (
        pa_out => Pin_LED(0)__PA ,
        pad => Pin_LED(0)_PAD );
    Properties:
    {
    }

[IoId=2]: 
Pin : Name = Pin_LED_V(0)
    Attributes:
        In Group/Port: True
        In Sync Option: AUTO
        Out Sync Option: NOSYNC
        Interrupt generated: False
        Interrupt mode: NONE
        Drive mode: CMOS_OUT
        VTrip: EITHER
        Slew: FAST
        Input Sync needed: False
        Output Sync needed: False
        SC shield enabled: False
        POR State: ANY
        LCD Mode: COMMON
        Register Mode: RegComb
        CaSense Mode: NEITHER
        Treat as pin: True
        Is OE Registered: False
        Uses Analog: False
        Can contain Digital: True
        Is SIO: False
        SIO Output Buf: NONREGULATED
        SIO Input Buf: SINGLE_ENDED
        SIO HiFreq: LOW
        SIO Hyst: DISABLED
        SIO Vtrip: MULTIPLIER_0_5
        SIO Multiplier Index: 0
        SIO RefSel: VCC_IO
        Required Capabilities: DIGITAL
        Initial Value: 0
        IO Voltage: 0
    PORT MAP (
        pa_out => Pin_LED_V(0)__PA ,
        pad => Pin_LED_V(0)_PAD );
    Properties:
    {
    }

[IoId=4]: 
Pin : Name = Pin_Bomba(0)
    Attributes:
        In Group/Port: True
        In Sync Option: AUTO
        Out Sync Option: NOSYNC
        Interrupt generated: False
        Interrupt mode: NONE
        Drive mode: CMOS_OUT
        VTrip: EITHER
        Slew: FAST
        Input Sync needed: False
        Output Sync needed: False
        SC shield enabled: False
        POR State: ANY
        LCD Mode: COMMON
        Register Mode: RegComb
        CaSense Mode: NEITHER
        Treat as pin: True
        Is OE Registered: False
        Uses Analog: False
        Can contain Digital: True
        Is SIO: False
        SIO Output Buf: NONREGULATED
        SIO Input Buf: SINGLE_ENDED
        SIO HiFreq: LOW
        SIO Hyst: DISABLED
        SIO Vtrip: MULTIPLIER_0_5
        SIO Multiplier Index: 0
        SIO RefSel: VCC_IO
        Required Capabilities: DIGITAL
        Initial Value: 0
        IO Voltage: 0
    PORT MAP (
        pa_out => Pin_Bomba(0)__PA ,
        pad => Pin_Bomba(0)_PAD );
    Properties:
    {
    }

Port 3 contains the following IO cells:
[IoId=4]: 
Pin : Name = pHe(0)
    Attributes:
        In Group/Port: True
        In Sync Option: AUTO
        Out Sync Option: NOSYNC
        Interrupt generated: False
        Interrupt mode: NONE
        Drive mode: CMOS_OUT
        VTrip: EITHER
        Slew: FAST
        Input Sync needed: False
        Output Sync needed: False
        SC shield enabled: False
        POR State: ANY
        LCD Mode: COMMON
        Register Mode: RegComb
        CaSense Mode: NEITHER
        Treat as pin: True
        Is OE Registered: False
        Uses Analog: False
        Can contain Digital: True
        Is SIO: False
        SIO Output Buf: NONREGULATED
        SIO Input Buf: SINGLE_ENDED
        SIO HiFreq: LOW
        SIO Hyst: DISABLED
        SIO Vtrip: MULTIPLIER_0_5
        SIO Multiplier Index: 0
        SIO RefSel: VCC_IO
        Required Capabilities: DIGITAL, ROUTABLE
        Initial Value: 0
        IO Voltage: 0
    PORT MAP (
        pa_out => pHe(0)__PA ,
        pin_input => Net_160 ,
        pad => pHe(0)_PAD );
    Properties:
    {
    }

[IoId=5]: 
Pin : Name = pHr(0)
    Attributes:
        In Group/Port: True
        In Sync Option: AUTO
        Out Sync Option: NOSYNC
        Interrupt generated: False
        Interrupt mode: NONE
        Drive mode: CMOS_OUT
        VTrip: EITHER
        Slew: FAST
        Input Sync needed: False
        Output Sync needed: False
        SC shield enabled: False
        POR State: ANY
        LCD Mode: COMMON
        Register Mode: RegComb
        CaSense Mode: NEITHER
        Treat as pin: True
        Is OE Registered: False
        Uses Analog: False
        Can contain Digital: True
        Is SIO: False
        SIO Output Buf: NONREGULATED
        SIO Input Buf: SINGLE_ENDED
        SIO HiFreq: LOW
        SIO Hyst: DISABLED
        SIO Vtrip: MULTIPLIER_0_5
        SIO Multiplier Index: 0
        SIO RefSel: VCC_IO
        Required Capabilities: DIGITAL, ROUTABLE
        Initial Value: 0
        IO Voltage: 0
    PORT MAP (
        pa_out => pHr(0)__PA ,
        pin_input => Net_161 ,
        pad => pHr(0)_PAD );
    Properties:
    {
    }

Port 12 contains the following IO cells:
[IoId=2]: 
Pin : Name = Rx_2(0)
    Attributes:
        In Group/Port: True
        In Sync Option: SYNC
        Out Sync Option: AUTO
        Interrupt generated: False
        Interrupt mode: NONE
        Drive mode: HI_Z_DIGITAL
        VTrip: CMOS
        Slew: FAST
        Input Sync needed: True
        Output Sync needed: False
        SC shield enabled: False
        POR State: ANY
        LCD Mode: COMMON
        Register Mode: RegComb
        CaSense Mode: NEITHER
        Treat as pin: True
        Is OE Registered: False
        Uses Analog: False
        Can contain Digital: True
        Is SIO: False
        SIO Output Buf: NONREGULATED
        SIO Input Buf: SINGLE_ENDED
        SIO HiFreq: LOW
        SIO Hyst: DISABLED
        SIO Vtrip: MULTIPLIER_0_5
        SIO Multiplier Index: 0
        SIO RefSel: VCC_IO
        Required Capabilities: DIGITAL, ROUTABLE
        Initial Value: 0
        IO Voltage: 0
    PORT MAP (
        pa_out => Rx_2(0)__PA ,
        fb => Net_130 ,
        pad => Rx_2(0)_PAD );
    Properties:
    {
    }

[IoId=3]: 
Pin : Name = Tx_2(0)
    Attributes:
        In Group/Port: True
        In Sync Option: AUTO
        Out Sync Option: NOSYNC
        Interrupt generated: False
        Interrupt mode: NONE
        Drive mode: CMOS_OUT
        VTrip: EITHER
        Slew: FAST
        Input Sync needed: False
        Output Sync needed: False
        SC shield enabled: False
        POR State: ANY
        LCD Mode: COMMON
        Register Mode: RegComb
        CaSense Mode: NEITHER
        Treat as pin: True
        Is OE Registered: False
        Uses Analog: False
        Can contain Digital: True
        Is SIO: False
        SIO Output Buf: NONREGULATED
        SIO Input Buf: SINGLE_ENDED
        SIO HiFreq: LOW
        SIO Hyst: DISABLED
        SIO Vtrip: MULTIPLIER_0_5
        SIO Multiplier Index: 0
        SIO RefSel: VCC_IO
        Required Capabilities: DIGITAL, ROUTABLE
        Initial Value: 1
        IO Voltage: 0
    PORT MAP (
        pa_out => Tx_2(0)__PA ,
        pin_input => Net_134 ,
        pad => Tx_2(0)_PAD );
    Properties:
    {
    }

[IoId=6]: 
Pin : Name = Rx_1(0)
    Attributes:
        In Group/Port: True
        In Sync Option: SYNC
        Out Sync Option: AUTO
        Interrupt generated: False
        Interrupt mode: NONE
        Drive mode: HI_Z_DIGITAL
        VTrip: CMOS
        Slew: FAST
        Input Sync needed: True
        Output Sync needed: False
        SC shield enabled: False
        POR State: ANY
        LCD Mode: COMMON
        Register Mode: RegComb
        CaSense Mode: NEITHER
        Treat as pin: True
        Is OE Registered: False
        Uses Analog: False
        Can contain Digital: True
        Is SIO: False
        SIO Output Buf: NONREGULATED
        SIO Input Buf: SINGLE_ENDED
        SIO HiFreq: LOW
        SIO Hyst: DISABLED
        SIO Vtrip: MULTIPLIER_0_5
        SIO Multiplier Index: 0
        SIO RefSel: VCC_IO
        Required Capabilities: DIGITAL, ROUTABLE
        Initial Value: 0
        IO Voltage: 0
    PORT MAP (
        pa_out => Rx_1(0)__PA ,
        fb => Net_5 ,
        pad => Rx_1(0)_PAD );
    Properties:
    {
    }

[IoId=7]: 
Pin : Name = Tx_1(0)
    Attributes:
        In Group/Port: True
        In Sync Option: AUTO
        Out Sync Option: NOSYNC
        Interrupt generated: False
        Interrupt mode: NONE
        Drive mode: CMOS_OUT
        VTrip: EITHER
        Slew: FAST
        Input Sync needed: False
        Output Sync needed: False
        SC shield enabled: False
        POR State: ANY
        LCD Mode: COMMON
        Register Mode: RegComb
        CaSense Mode: NEITHER
        Treat as pin: True
        Is OE Registered: False
        Uses Analog: False
        Can contain Digital: True
        Is SIO: False
        SIO Output Buf: NONREGULATED
        SIO Input Buf: SINGLE_ENDED
        SIO HiFreq: LOW
        SIO Hyst: DISABLED
        SIO Vtrip: MULTIPLIER_0_5
        SIO Multiplier Index: 0
        SIO RefSel: VCC_IO
        Required Capabilities: DIGITAL, ROUTABLE
        Initial Value: 1
        IO Voltage: 0
    PORT MAP (
        pa_out => Tx_1(0)__PA ,
        pin_input => Net_9 ,
        pad => Tx_1(0)_PAD );
    Properties:
    {
    }

Port 15 contains the following IO cells:
ARM group 0: empty
CAN group 0: empty
Cache group 0: empty
CapSense group 0: empty
Clock group 0: 
    Clock Block @ F(Clock,0): 
    clockblockcell: Name =ClockBlock
        PORT MAP (
            imo => ClockBlock_IMO ,
            pllout => ClockBlock_PLL_OUT ,
            ilo => ClockBlock_ILO ,
            clk_100k => ClockBlock_100k ,
            clk_1k => ClockBlock_1k ,
            clk_32k => ClockBlock_32k ,
            xtal => ClockBlock_XTAL ,
            clk_32k_xtal => ClockBlock_XTAL_32KHZ ,
            clk_sync => ClockBlock_MASTER_CLK ,
            clk_bus_glb => ClockBlock_BUS_CLK ,
            clk_bus => ClockBlock_BUS_CLK_local ,
            dclk_glb_0 => \ADC_SA1:clock\ ,
            dclk_0 => \ADC_SA1:clock_local\ ,
            dclk_glb_1 => \UART_PSOC:Net_9\ ,
            dclk_1 => \UART_PSOC:Net_9_local\ ,
            dclk_glb_2 => \UART_ESP:Net_9\ ,
            dclk_2 => \UART_ESP:Net_9_local\ ,
            dclk_glb_3 => Net_185 ,
            dclk_3 => Net_185_local ,
            dclk_glb_4 => Net_166 ,
            dclk_4 => Net_166_local );
        Properties:
        {
        }
Comparator group 0: empty
DFB group 0: empty
DSM group 0: empty
Decimator group 0: empty
EMIF group 0: empty
I2C group 0: empty
LCD group 0: empty
LVD group 0: empty
PICU group 0: empty
PM group 0: empty
SC group 0: empty
SPC group 0: empty
Timer group 0: 
    Timer Block @ F(Timer,0): 
    timercell: Name =\timerpH:TimerHW\
        PORT MAP (
            clock => Net_166 ,
            enable => __ONE__ ,
            timer_reset => Net_168 ,
            tc => Net_173 ,
            cmp => \timerpH:Net_261\ ,
            irq => \timerpH:Net_57\ );
        Properties:
        {
            cy_registers = ""
        }
USB group 0: empty
VIDAC group 0: empty
OpAmp group 0: empty
CsAbuf group 0: empty
Vref group 0: 
    Vref Block @ F(Vref,13): 
    vrefcell: Name =\ADC_SA1:SAR:vRef_Vdda_1\
        PORT MAP (
            vout => \ADC_SA1:SAR:Net_235\ );
        Properties:
        {
            autoenable = 1
            guid = "4720866E-BC14-478d-B8A0-3E44F38CADAC"
            ignoresleep = 0
            name = "Vdda/2"
        }
LPF group 0: empty
SAR group 0: 
    SAR Block @ F(SAR,0): 
    sarcell: Name =\ADC_SA1:SAR:ADC_SAR\
        PORT MAP (
            vplus => \ADC_SA1:Net_2803\ ,
            vminus => \ADC_SA1:SAR:Net_126\ ,
            ext_pin => \ADC_SA1:SAR:Net_209\ ,
            vrefhi_out => \ADC_SA1:SAR:Net_126\ ,
            vref => \ADC_SA1:SAR:Net_235\ ,
            clk_udb => \ADC_SA1:clock_local\ ,
            irq => \ADC_SA1:SAR:Net_252\ ,
            next => Net_24 ,
            data_out_udb_11 => \ADC_SA1:SAR:Net_207_11\ ,
            data_out_udb_10 => \ADC_SA1:SAR:Net_207_10\ ,
            data_out_udb_9 => \ADC_SA1:SAR:Net_207_9\ ,
            data_out_udb_8 => \ADC_SA1:SAR:Net_207_8\ ,
            data_out_udb_7 => \ADC_SA1:SAR:Net_207_7\ ,
            data_out_udb_6 => \ADC_SA1:SAR:Net_207_6\ ,
            data_out_udb_5 => \ADC_SA1:SAR:Net_207_5\ ,
            data_out_udb_4 => \ADC_SA1:SAR:Net_207_4\ ,
            data_out_udb_3 => \ADC_SA1:SAR:Net_207_3\ ,
            data_out_udb_2 => \ADC_SA1:SAR:Net_207_2\ ,
            data_out_udb_1 => \ADC_SA1:SAR:Net_207_1\ ,
            data_out_udb_0 => \ADC_SA1:SAR:Net_207_0\ ,
            eof_udb => \ADC_SA1:Net_3830\ );
        Properties:
        {
            cy_registers = ""
        }
ANAIF group 0: empty
PHUB group 0: empty

Blocks not positioned by the digital component placer:
    Amux Block @ <No Location>: 
    amuxcell: Name =\ADC_SA1:AMuxHw_2\
        PORT MAP (
            muxin_63 => Net_120 ,
            muxin_62 => Net_119 ,
            muxin_61 => Net_118 ,
            muxin_60 => Net_117 ,
            muxin_59 => Net_116 ,
            muxin_58 => Net_115 ,
            muxin_57 => Net_114 ,
            muxin_56 => Net_113 ,
            muxin_55 => Net_112 ,
            muxin_54 => Net_111 ,
            muxin_53 => Net_110 ,
            muxin_52 => Net_109 ,
            muxin_51 => Net_108 ,
            muxin_50 => Net_107 ,
            muxin_49 => Net_106 ,
            muxin_48 => Net_105 ,
            muxin_47 => Net_104 ,
            muxin_46 => Net_102 ,
            muxin_45 => Net_100 ,
            muxin_44 => Net_99 ,
            muxin_43 => Net_97 ,
            muxin_42 => Net_95 ,
            muxin_41 => Net_94 ,
            muxin_40 => Net_92 ,
            muxin_39 => Net_90 ,
            muxin_38 => Net_89 ,
            muxin_37 => Net_87 ,
            muxin_36 => Net_85 ,
            muxin_35 => Net_84 ,
            muxin_34 => Net_82 ,
            muxin_33 => Net_80 ,
            muxin_32 => Net_79 ,
            muxin_31 => Net_77 ,
            muxin_30 => Net_75 ,
            muxin_29 => Net_74 ,
            muxin_28 => Net_72 ,
            muxin_27 => Net_70 ,
            muxin_26 => Net_69 ,
            muxin_25 => Net_67 ,
            muxin_24 => Net_65 ,
            muxin_23 => Net_64 ,
            muxin_22 => Net_62 ,
            muxin_21 => Net_60 ,
            muxin_20 => Net_59 ,
            muxin_19 => Net_57 ,
            muxin_18 => Net_55 ,
            muxin_17 => Net_54 ,
            muxin_16 => Net_52 ,
            muxin_15 => Net_50 ,
            muxin_14 => Net_49 ,
            muxin_13 => Net_47 ,
            muxin_12 => Net_45 ,
            muxin_11 => Net_44 ,
            muxin_10 => Net_42 ,
            muxin_9 => Net_40 ,
            muxin_8 => Net_39 ,
            muxin_7 => Net_37 ,
            muxin_6 => Net_35 ,
            muxin_5 => Net_34 ,
            muxin_4 => Net_32 ,
            muxin_3 => Net_30 ,
            muxin_2 => Net_29 ,
            muxin_1 => Net_27 ,
            muxin_0 => Net_26 ,
            hw_ctrl_en_63 => \ADC_SA1:AMuxHw_2_Decoder_one_hot_63\ ,
            hw_ctrl_en_62 => \ADC_SA1:AMuxHw_2_Decoder_one_hot_62\ ,
            hw_ctrl_en_61 => \ADC_SA1:AMuxHw_2_Decoder_one_hot_61\ ,
            hw_ctrl_en_60 => \ADC_SA1:AMuxHw_2_Decoder_one_hot_60\ ,
            hw_ctrl_en_59 => \ADC_SA1:AMuxHw_2_Decoder_one_hot_59\ ,
            hw_ctrl_en_58 => \ADC_SA1:AMuxHw_2_Decoder_one_hot_58\ ,
            hw_ctrl_en_57 => \ADC_SA1:AMuxHw_2_Decoder_one_hot_57\ ,
            hw_ctrl_en_56 => \ADC_SA1:AMuxHw_2_Decoder_one_hot_56\ ,
            hw_ctrl_en_55 => \ADC_SA1:AMuxHw_2_Decoder_one_hot_55\ ,
            hw_ctrl_en_54 => \ADC_SA1:AMuxHw_2_Decoder_one_hot_54\ ,
            hw_ctrl_en_53 => \ADC_SA1:AMuxHw_2_Decoder_one_hot_53\ ,
            hw_ctrl_en_52 => \ADC_SA1:AMuxHw_2_Decoder_one_hot_52\ ,
            hw_ctrl_en_51 => \ADC_SA1:AMuxHw_2_Decoder_one_hot_51\ ,
            hw_ctrl_en_50 => \ADC_SA1:AMuxHw_2_Decoder_one_hot_50\ ,
            hw_ctrl_en_49 => \ADC_SA1:AMuxHw_2_Decoder_one_hot_49\ ,
            hw_ctrl_en_48 => \ADC_SA1:AMuxHw_2_Decoder_one_hot_48\ ,
            hw_ctrl_en_47 => \ADC_SA1:AMuxHw_2_Decoder_one_hot_47\ ,
            hw_ctrl_en_46 => \ADC_SA1:AMuxHw_2_Decoder_one_hot_46\ ,
            hw_ctrl_en_45 => \ADC_SA1:AMuxHw_2_Decoder_one_hot_45\ ,
            hw_ctrl_en_44 => \ADC_SA1:AMuxHw_2_Decoder_one_hot_44\ ,
            hw_ctrl_en_43 => \ADC_SA1:AMuxHw_2_Decoder_one_hot_43\ ,
            hw_ctrl_en_42 => \ADC_SA1:AMuxHw_2_Decoder_one_hot_42\ ,
            hw_ctrl_en_41 => \ADC_SA1:AMuxHw_2_Decoder_one_hot_41\ ,
            hw_ctrl_en_40 => \ADC_SA1:AMuxHw_2_Decoder_one_hot_40\ ,
            hw_ctrl_en_39 => \ADC_SA1:AMuxHw_2_Decoder_one_hot_39\ ,
            hw_ctrl_en_38 => \ADC_SA1:AMuxHw_2_Decoder_one_hot_38\ ,
            hw_ctrl_en_37 => \ADC_SA1:AMuxHw_2_Decoder_one_hot_37\ ,
            hw_ctrl_en_36 => \ADC_SA1:AMuxHw_2_Decoder_one_hot_36\ ,
            hw_ctrl_en_35 => \ADC_SA1:AMuxHw_2_Decoder_one_hot_35\ ,
            hw_ctrl_en_34 => \ADC_SA1:AMuxHw_2_Decoder_one_hot_34\ ,
            hw_ctrl_en_33 => \ADC_SA1:AMuxHw_2_Decoder_one_hot_33\ ,
            hw_ctrl_en_32 => \ADC_SA1:AMuxHw_2_Decoder_one_hot_32\ ,
            hw_ctrl_en_31 => \ADC_SA1:AMuxHw_2_Decoder_one_hot_31\ ,
            hw_ctrl_en_30 => \ADC_SA1:AMuxHw_2_Decoder_one_hot_30\ ,
            hw_ctrl_en_29 => \ADC_SA1:AMuxHw_2_Decoder_one_hot_29\ ,
            hw_ctrl_en_28 => \ADC_SA1:AMuxHw_2_Decoder_one_hot_28\ ,
            hw_ctrl_en_27 => \ADC_SA1:AMuxHw_2_Decoder_one_hot_27\ ,
            hw_ctrl_en_26 => \ADC_SA1:AMuxHw_2_Decoder_one_hot_26\ ,
            hw_ctrl_en_25 => \ADC_SA1:AMuxHw_2_Decoder_one_hot_25\ ,
            hw_ctrl_en_24 => \ADC_SA1:AMuxHw_2_Decoder_one_hot_24\ ,
            hw_ctrl_en_23 => \ADC_SA1:AMuxHw_2_Decoder_one_hot_23\ ,
            hw_ctrl_en_22 => \ADC_SA1:AMuxHw_2_Decoder_one_hot_22\ ,
            hw_ctrl_en_21 => \ADC_SA1:AMuxHw_2_Decoder_one_hot_21\ ,
            hw_ctrl_en_20 => \ADC_SA1:AMuxHw_2_Decoder_one_hot_20\ ,
            hw_ctrl_en_19 => \ADC_SA1:AMuxHw_2_Decoder_one_hot_19\ ,
            hw_ctrl_en_18 => \ADC_SA1:AMuxHw_2_Decoder_one_hot_18\ ,
            hw_ctrl_en_17 => \ADC_SA1:AMuxHw_2_Decoder_one_hot_17\ ,
            hw_ctrl_en_16 => \ADC_SA1:AMuxHw_2_Decoder_one_hot_16\ ,
            hw_ctrl_en_15 => \ADC_SA1:AMuxHw_2_Decoder_one_hot_15\ ,
            hw_ctrl_en_14 => \ADC_SA1:AMuxHw_2_Decoder_one_hot_14\ ,
            hw_ctrl_en_13 => \ADC_SA1:AMuxHw_2_Decoder_one_hot_13\ ,
            hw_ctrl_en_12 => \ADC_SA1:AMuxHw_2_Decoder_one_hot_12\ ,
            hw_ctrl_en_11 => \ADC_SA1:AMuxHw_2_Decoder_one_hot_11\ ,
            hw_ctrl_en_10 => \ADC_SA1:AMuxHw_2_Decoder_one_hot_10\ ,
            hw_ctrl_en_9 => \ADC_SA1:AMuxHw_2_Decoder_one_hot_9\ ,
            hw_ctrl_en_8 => \ADC_SA1:AMuxHw_2_Decoder_one_hot_8\ ,
            hw_ctrl_en_7 => \ADC_SA1:AMuxHw_2_Decoder_one_hot_7\ ,
            hw_ctrl_en_6 => \ADC_SA1:AMuxHw_2_Decoder_one_hot_6\ ,
            hw_ctrl_en_5 => \ADC_SA1:AMuxHw_2_Decoder_one_hot_5\ ,
            hw_ctrl_en_4 => \ADC_SA1:AMuxHw_2_Decoder_one_hot_4\ ,
            hw_ctrl_en_3 => \ADC_SA1:AMuxHw_2_Decoder_one_hot_3\ ,
            vout => \ADC_SA1:Net_2803\ );
        Properties:
        {
            api_type = 2
            connect_mode = 1
            cy_registers = ""
            hw_control = 1
            init_mux_sel = "0000000000000000000000000000000000000000000000000000000000000000"
            muxin_width = 64
            one_active = 1
        }
</CYPRESSTAG>
<CYPRESSTAG name="Port Configuration Details">

------------------------------------------------------------
Port Configuration report
------------------------------------------------------------
     |     |       | Interrupt |                  |              | 
Port | Pin | Fixed |      Type |       Drive Mode |         Name | Connections
-----+-----+-------+-----------+------------------+--------------+---------------------------------------------------------
   0 |   0 |     * |      NONE |      HI_Z_ANALOG | Pin_S_A_1(0) | In(\ADC_SA1:AMuxHw_2_Decoder_one_hot_0\), Analog(Net_26)
     |   1 |     * |      NONE |      HI_Z_ANALOG |   Pin_S_A(0) | In(\ADC_SA1:AMuxHw_2_Decoder_one_hot_1\), Analog(Net_27)
     |   2 |     * |      NONE |      HI_Z_ANALOG |    Pin_PH(0) | In(\ADC_SA1:AMuxHw_2_Decoder_one_hot_2\), Analog(Net_29)
-----+-----+-------+-----------+------------------+--------------+---------------------------------------------------------
   2 |   0 |     * |      NONE |         CMOS_OUT | Pin_LED_R(0) | 
     |   1 |     * |      NONE |         CMOS_OUT |   Pin_LED(0) | 
     |   2 |     * |      NONE |         CMOS_OUT | Pin_LED_V(0) | 
     |   4 |     * |      NONE |         CMOS_OUT | Pin_Bomba(0) | 
-----+-----+-------+-----------+------------------+--------------+---------------------------------------------------------
   3 |   4 |     * |      NONE |         CMOS_OUT |       pHe(0) | In(Net_160)
     |   5 |     * |      NONE |         CMOS_OUT |       pHr(0) | In(Net_161)
-----+-----+-------+-----------+------------------+--------------+---------------------------------------------------------
  12 |   2 |     * |      NONE |     HI_Z_DIGITAL |      Rx_2(0) | FB(Net_130)
     |   3 |     * |      NONE |         CMOS_OUT |      Tx_2(0) | In(Net_134)
     |   6 |     * |      NONE |     HI_Z_DIGITAL |      Rx_1(0) | FB(Net_5)
     |   7 |     * |      NONE |         CMOS_OUT |      Tx_1(0) | In(Net_9)
---------------------------------------------------------------------------------------------------------------------------
</CYPRESSTAG>
</CYPRESSTAG>
</CYPRESSTAG>
Digital component placer commit/Report: Elapsed time ==> 0s.160ms
Digital Placement phase: Elapsed time ==> 4s.795ms
</CYPRESSTAG>
<CYPRESSTAG name="Digital Routing">
"C:\Program Files (x86)\Cypress\PSoC Creator\4.4\PSoC Creator\bin/sjrouter.exe" --xml-path "C:\Program Files (x86)\Cypress\PSoC Creator\4.4\PSoC Creator\dev\psoc5/psoc5lp/route_arch-rrg.cydata" --vh2-path "Agua_r.vh2" --pcf-path "Agua.pco" --des-name "Agua" --dsf-path "Agua.dsf" --sdc-path "Agua.sdc" --lib-path "Agua_r.lib"
Routing successful.
Digital Routing phase: Elapsed time ==> 4s.526ms
</CYPRESSTAG>
<CYPRESSTAG name="Bitstream Generation">
Bitstream Generation phase: Elapsed time ==> 0s.247ms
</CYPRESSTAG>
<CYPRESSTAG name="Bitstream Verification">
Bitstream Verification phase: Elapsed time ==> 0s.037ms
</CYPRESSTAG>
<CYPRESSTAG name="Static timing analysis">
Timing report is in Agua_timing.html.
Static timing analysis phase: Elapsed time ==> 0s.789ms
</CYPRESSTAG>
<CYPRESSTAG name="Data reporting">
Data reporting phase: Elapsed time ==> 0s.000ms
</CYPRESSTAG>
<CYPRESSTAG name="Database update...">
Design database save phase: Elapsed time ==> 0s.327ms
</CYPRESSTAG>
cydsfit: Elapsed time ==> 13s.982ms
</CYPRESSTAG>
Fitter phase: Elapsed time ==> 13s.985ms
API generation phase: Elapsed time ==> 2s.898ms
Dependency generation phase: Elapsed time ==> 0s.016ms
Cleanup phase: Elapsed time ==> 0s.000ms
