ARM GAS  C:\Users\UCA-MA~1\AppData\Local\Temp\ccLux46E.s 			page 1


   1              		.syntax unified
   2              		.cpu cortex-m3
   3              		.fpu softvfp
   4              		.eabi_attribute 20, 1
   5              		.eabi_attribute 21, 1
   6              		.eabi_attribute 23, 3
   7              		.eabi_attribute 24, 1
   8              		.eabi_attribute 25, 1
   9              		.eabi_attribute 26, 1
  10              		.eabi_attribute 30, 6
  11              		.eabi_attribute 34, 1
  12              		.eabi_attribute 18, 4
  13              		.thumb
  14              		.syntax unified
  15              		.file	"cyfitter_cfg.c"
  16              		.text
  17              	.Ltext0:
  18              		.cfi_sections	.debug_frame
  19              		.section	.text.CYMEMZERO,"ax",%progbits
  20              		.align	2
  21              		.thumb
  22              		.thumb_func
  23              		.type	CYMEMZERO, %function
  24              	CYMEMZERO:
  25              	.LFB0:
  26              		.file 1 "Generated_Source\\PSoC5\\cyfitter_cfg.c"
   1:Generated_Source\PSoC5/cyfitter_cfg.c **** 
   2:Generated_Source\PSoC5/cyfitter_cfg.c **** /*******************************************************************************
   3:Generated_Source\PSoC5/cyfitter_cfg.c **** * File Name: cyfitter_cfg.c
   4:Generated_Source\PSoC5/cyfitter_cfg.c **** * 
   5:Generated_Source\PSoC5/cyfitter_cfg.c **** * PSoC Creator  4.4
   6:Generated_Source\PSoC5/cyfitter_cfg.c **** *
   7:Generated_Source\PSoC5/cyfitter_cfg.c **** * Description:
   8:Generated_Source\PSoC5/cyfitter_cfg.c **** * This file contains device initialization code.
   9:Generated_Source\PSoC5/cyfitter_cfg.c **** * Except for the user defined sections in CyClockStartupError(), this file should not be modified.
  10:Generated_Source\PSoC5/cyfitter_cfg.c **** * This file is automatically generated by PSoC Creator.
  11:Generated_Source\PSoC5/cyfitter_cfg.c **** *
  12:Generated_Source\PSoC5/cyfitter_cfg.c **** ********************************************************************************
  13:Generated_Source\PSoC5/cyfitter_cfg.c **** * Copyright (c) 2007-2020 Cypress Semiconductor.  All rights reserved.
  14:Generated_Source\PSoC5/cyfitter_cfg.c **** * You may use this file only in accordance with the license, terms, conditions, 
  15:Generated_Source\PSoC5/cyfitter_cfg.c **** * disclaimers, and limitations in the end user license agreement accompanying 
  16:Generated_Source\PSoC5/cyfitter_cfg.c **** * the software package with which this file was provided.
  17:Generated_Source\PSoC5/cyfitter_cfg.c **** ********************************************************************************/
  18:Generated_Source\PSoC5/cyfitter_cfg.c **** 
  19:Generated_Source\PSoC5/cyfitter_cfg.c **** #include <string.h>
  20:Generated_Source\PSoC5/cyfitter_cfg.c **** #include "cytypes.h"
  21:Generated_Source\PSoC5/cyfitter_cfg.c **** #include "cydevice_trm.h"
  22:Generated_Source\PSoC5/cyfitter_cfg.c **** #include "cyfitter.h"
  23:Generated_Source\PSoC5/cyfitter_cfg.c **** #include "CyLib.h"
  24:Generated_Source\PSoC5/cyfitter_cfg.c **** #include "cyfitter_cfg.h"
  25:Generated_Source\PSoC5/cyfitter_cfg.c **** #include "cyapicallbacks.h"
  26:Generated_Source\PSoC5/cyfitter_cfg.c **** 
  27:Generated_Source\PSoC5/cyfitter_cfg.c **** #define CY_NEED_CYCLOCKSTARTUPERROR 1
  28:Generated_Source\PSoC5/cyfitter_cfg.c **** 
  29:Generated_Source\PSoC5/cyfitter_cfg.c **** 
  30:Generated_Source\PSoC5/cyfitter_cfg.c **** #if defined(__GNUC__) || defined(__ARMCC_VERSION)
  31:Generated_Source\PSoC5/cyfitter_cfg.c ****     #define CYPACKED 
ARM GAS  C:\Users\UCA-MA~1\AppData\Local\Temp\ccLux46E.s 			page 2


  32:Generated_Source\PSoC5/cyfitter_cfg.c ****     #define CYPACKED_ATTR __attribute__ ((packed))
  33:Generated_Source\PSoC5/cyfitter_cfg.c ****     #define CYALIGNED __attribute__ ((aligned))
  34:Generated_Source\PSoC5/cyfitter_cfg.c ****     #define CY_CFG_UNUSED __attribute__ ((unused))
  35:Generated_Source\PSoC5/cyfitter_cfg.c ****     #ifndef CY_CFG_SECTION
  36:Generated_Source\PSoC5/cyfitter_cfg.c ****         #define CY_CFG_SECTION __attribute__ ((section(".psocinit")))
  37:Generated_Source\PSoC5/cyfitter_cfg.c ****     #endif
  38:Generated_Source\PSoC5/cyfitter_cfg.c ****     
  39:Generated_Source\PSoC5/cyfitter_cfg.c ****     #if defined(__ARMCC_VERSION)
  40:Generated_Source\PSoC5/cyfitter_cfg.c ****         #define CY_CFG_MEMORY_BARRIER() __memory_changed()
  41:Generated_Source\PSoC5/cyfitter_cfg.c ****     #else
  42:Generated_Source\PSoC5/cyfitter_cfg.c ****         #define CY_CFG_MEMORY_BARRIER() __sync_synchronize()
  43:Generated_Source\PSoC5/cyfitter_cfg.c ****     #endif
  44:Generated_Source\PSoC5/cyfitter_cfg.c ****     
  45:Generated_Source\PSoC5/cyfitter_cfg.c **** #elif defined(__ICCARM__)
  46:Generated_Source\PSoC5/cyfitter_cfg.c ****     #include <intrinsics.h>
  47:Generated_Source\PSoC5/cyfitter_cfg.c **** 
  48:Generated_Source\PSoC5/cyfitter_cfg.c ****     #define CYPACKED __packed
  49:Generated_Source\PSoC5/cyfitter_cfg.c ****     #define CYPACKED_ATTR 
  50:Generated_Source\PSoC5/cyfitter_cfg.c ****     #define CYALIGNED _Pragma("data_alignment=4")
  51:Generated_Source\PSoC5/cyfitter_cfg.c ****     #define CY_CFG_UNUSED _Pragma("diag_suppress=Pe177")
  52:Generated_Source\PSoC5/cyfitter_cfg.c ****     #define CY_CFG_SECTION _Pragma("location=\".psocinit\"")
  53:Generated_Source\PSoC5/cyfitter_cfg.c ****     
  54:Generated_Source\PSoC5/cyfitter_cfg.c ****     #define CY_CFG_MEMORY_BARRIER() __DMB()
  55:Generated_Source\PSoC5/cyfitter_cfg.c ****     
  56:Generated_Source\PSoC5/cyfitter_cfg.c **** #else
  57:Generated_Source\PSoC5/cyfitter_cfg.c ****     #error Unsupported toolchain
  58:Generated_Source\PSoC5/cyfitter_cfg.c **** #endif
  59:Generated_Source\PSoC5/cyfitter_cfg.c **** 
  60:Generated_Source\PSoC5/cyfitter_cfg.c **** #ifndef CYCODE
  61:Generated_Source\PSoC5/cyfitter_cfg.c ****     #define CYCODE
  62:Generated_Source\PSoC5/cyfitter_cfg.c **** #endif
  63:Generated_Source\PSoC5/cyfitter_cfg.c **** #ifndef CYDATA
  64:Generated_Source\PSoC5/cyfitter_cfg.c ****     #define CYDATA
  65:Generated_Source\PSoC5/cyfitter_cfg.c **** #endif
  66:Generated_Source\PSoC5/cyfitter_cfg.c **** #ifndef CYFAR
  67:Generated_Source\PSoC5/cyfitter_cfg.c ****     #define CYFAR
  68:Generated_Source\PSoC5/cyfitter_cfg.c **** #endif
  69:Generated_Source\PSoC5/cyfitter_cfg.c **** #ifndef CYXDATA
  70:Generated_Source\PSoC5/cyfitter_cfg.c ****     #define CYXDATA
  71:Generated_Source\PSoC5/cyfitter_cfg.c **** #endif
  72:Generated_Source\PSoC5/cyfitter_cfg.c **** 
  73:Generated_Source\PSoC5/cyfitter_cfg.c **** 
  74:Generated_Source\PSoC5/cyfitter_cfg.c **** CY_CFG_UNUSED
  75:Generated_Source\PSoC5/cyfitter_cfg.c **** static void CYMEMZERO(void *s, size_t n);
  76:Generated_Source\PSoC5/cyfitter_cfg.c **** CY_CFG_UNUSED
  77:Generated_Source\PSoC5/cyfitter_cfg.c **** static void CYMEMZERO(void *s, size_t n)
  78:Generated_Source\PSoC5/cyfitter_cfg.c **** {
  27              		.loc 1 78 0
  28              		.cfi_startproc
  29              		@ args = 0, pretend = 0, frame = 8
  30              		@ frame_needed = 1, uses_anonymous_args = 0
  31 0000 80B5     		push	{r7, lr}
  32              		.cfi_def_cfa_offset 8
  33              		.cfi_offset 7, -8
  34              		.cfi_offset 14, -4
  35 0002 82B0     		sub	sp, sp, #8
  36              		.cfi_def_cfa_offset 16
ARM GAS  C:\Users\UCA-MA~1\AppData\Local\Temp\ccLux46E.s 			page 3


  37 0004 00AF     		add	r7, sp, #0
  38              		.cfi_def_cfa_register 7
  39 0006 7860     		str	r0, [r7, #4]
  40 0008 3960     		str	r1, [r7]
  79:Generated_Source\PSoC5/cyfitter_cfg.c **** 	(void)memset(s, 0, n);
  41              		.loc 1 79 0
  42 000a 3A68     		ldr	r2, [r7]
  43 000c 0021     		movs	r1, #0
  44 000e 7868     		ldr	r0, [r7, #4]
  45 0010 FFF7FEFF 		bl	memset
  80:Generated_Source\PSoC5/cyfitter_cfg.c **** }
  46              		.loc 1 80 0
  47 0014 00BF     		nop
  48 0016 0837     		adds	r7, r7, #8
  49              		.cfi_def_cfa_offset 8
  50 0018 BD46     		mov	sp, r7
  51              		.cfi_def_cfa_register 13
  52              		@ sp needed
  53 001a 80BD     		pop	{r7, pc}
  54              		.cfi_endproc
  55              	.LFE0:
  56              		.size	CYMEMZERO, .-CYMEMZERO
  57              		.section	.text.CYCONFIGCPY,"ax",%progbits
  58              		.align	2
  59              		.thumb
  60              		.thumb_func
  61              		.type	CYCONFIGCPY, %function
  62              	CYCONFIGCPY:
  63              	.LFB1:
  81:Generated_Source\PSoC5/cyfitter_cfg.c **** CY_CFG_UNUSED
  82:Generated_Source\PSoC5/cyfitter_cfg.c **** static void CYCONFIGCPY(void *dest, const void *src, size_t n);
  83:Generated_Source\PSoC5/cyfitter_cfg.c **** CY_CFG_UNUSED
  84:Generated_Source\PSoC5/cyfitter_cfg.c **** static void CYCONFIGCPY(void *dest, const void *src, size_t n)
  85:Generated_Source\PSoC5/cyfitter_cfg.c **** {
  64              		.loc 1 85 0
  65              		.cfi_startproc
  66              		@ args = 0, pretend = 0, frame = 16
  67              		@ frame_needed = 1, uses_anonymous_args = 0
  68 0000 80B5     		push	{r7, lr}
  69              		.cfi_def_cfa_offset 8
  70              		.cfi_offset 7, -8
  71              		.cfi_offset 14, -4
  72 0002 84B0     		sub	sp, sp, #16
  73              		.cfi_def_cfa_offset 24
  74 0004 00AF     		add	r7, sp, #0
  75              		.cfi_def_cfa_register 7
  76 0006 F860     		str	r0, [r7, #12]
  77 0008 B960     		str	r1, [r7, #8]
  78 000a 7A60     		str	r2, [r7, #4]
  86:Generated_Source\PSoC5/cyfitter_cfg.c **** 	(void)memcpy(dest, src, n);
  79              		.loc 1 86 0
  80 000c 7A68     		ldr	r2, [r7, #4]
  81 000e B968     		ldr	r1, [r7, #8]
  82 0010 F868     		ldr	r0, [r7, #12]
  83 0012 FFF7FEFF 		bl	memcpy
  87:Generated_Source\PSoC5/cyfitter_cfg.c **** }
  84              		.loc 1 87 0
ARM GAS  C:\Users\UCA-MA~1\AppData\Local\Temp\ccLux46E.s 			page 4


  85 0016 00BF     		nop
  86 0018 1037     		adds	r7, r7, #16
  87              		.cfi_def_cfa_offset 8
  88 001a BD46     		mov	sp, r7
  89              		.cfi_def_cfa_register 13
  90              		@ sp needed
  91 001c 80BD     		pop	{r7, pc}
  92              		.cfi_endproc
  93              	.LFE1:
  94              		.size	CYCONFIGCPY, .-CYCONFIGCPY
  95 001e 00BF     		.section	.text.CYCONFIGCPYCODE,"ax",%progbits
  96              		.align	2
  97              		.thumb
  98              		.thumb_func
  99              		.type	CYCONFIGCPYCODE, %function
 100              	CYCONFIGCPYCODE:
 101              	.LFB2:
  88:Generated_Source\PSoC5/cyfitter_cfg.c **** CY_CFG_UNUSED
  89:Generated_Source\PSoC5/cyfitter_cfg.c **** static void CYCONFIGCPYCODE(void *dest, const void *src, size_t n);
  90:Generated_Source\PSoC5/cyfitter_cfg.c **** CY_CFG_UNUSED
  91:Generated_Source\PSoC5/cyfitter_cfg.c **** static void CYCONFIGCPYCODE(void *dest, const void *src, size_t n)
  92:Generated_Source\PSoC5/cyfitter_cfg.c **** {
 102              		.loc 1 92 0
 103              		.cfi_startproc
 104              		@ args = 0, pretend = 0, frame = 16
 105              		@ frame_needed = 1, uses_anonymous_args = 0
 106 0000 80B5     		push	{r7, lr}
 107              		.cfi_def_cfa_offset 8
 108              		.cfi_offset 7, -8
 109              		.cfi_offset 14, -4
 110 0002 84B0     		sub	sp, sp, #16
 111              		.cfi_def_cfa_offset 24
 112 0004 00AF     		add	r7, sp, #0
 113              		.cfi_def_cfa_register 7
 114 0006 F860     		str	r0, [r7, #12]
 115 0008 B960     		str	r1, [r7, #8]
 116 000a 7A60     		str	r2, [r7, #4]
  93:Generated_Source\PSoC5/cyfitter_cfg.c **** 	(void)memcpy(dest, src, n);
 117              		.loc 1 93 0
 118 000c 7A68     		ldr	r2, [r7, #4]
 119 000e B968     		ldr	r1, [r7, #8]
 120 0010 F868     		ldr	r0, [r7, #12]
 121 0012 FFF7FEFF 		bl	memcpy
  94:Generated_Source\PSoC5/cyfitter_cfg.c **** }
 122              		.loc 1 94 0
 123 0016 00BF     		nop
 124 0018 1037     		adds	r7, r7, #16
 125              		.cfi_def_cfa_offset 8
 126 001a BD46     		mov	sp, r7
 127              		.cfi_def_cfa_register 13
 128              		@ sp needed
 129 001c 80BD     		pop	{r7, pc}
 130              		.cfi_endproc
 131              	.LFE2:
 132              		.size	CYCONFIGCPYCODE, .-CYCONFIGCPYCODE
 133 001e 00BF     		.section	.text.CyClockStartupError,"ax",%progbits
 134              		.align	2
ARM GAS  C:\Users\UCA-MA~1\AppData\Local\Temp\ccLux46E.s 			page 5


 135              		.thumb
 136              		.thumb_func
 137              		.type	CyClockStartupError, %function
 138              	CyClockStartupError:
 139              	.LFB3:
  95:Generated_Source\PSoC5/cyfitter_cfg.c **** 
  96:Generated_Source\PSoC5/cyfitter_cfg.c **** 
  97:Generated_Source\PSoC5/cyfitter_cfg.c **** 
  98:Generated_Source\PSoC5/cyfitter_cfg.c **** 
  99:Generated_Source\PSoC5/cyfitter_cfg.c **** /* Clock startup error codes                                                   */
 100:Generated_Source\PSoC5/cyfitter_cfg.c **** #define CYCLOCKSTART_NO_ERROR    0u
 101:Generated_Source\PSoC5/cyfitter_cfg.c **** #define CYCLOCKSTART_XTAL_ERROR  1u
 102:Generated_Source\PSoC5/cyfitter_cfg.c **** #define CYCLOCKSTART_32KHZ_ERROR 2u
 103:Generated_Source\PSoC5/cyfitter_cfg.c **** #define CYCLOCKSTART_PLL_ERROR   3u
 104:Generated_Source\PSoC5/cyfitter_cfg.c **** #define CYCLOCKSTART_FLL_ERROR   4u
 105:Generated_Source\PSoC5/cyfitter_cfg.c **** #define CYCLOCKSTART_WCO_ERROR   5u
 106:Generated_Source\PSoC5/cyfitter_cfg.c **** 
 107:Generated_Source\PSoC5/cyfitter_cfg.c **** 
 108:Generated_Source\PSoC5/cyfitter_cfg.c **** #ifdef CY_NEED_CYCLOCKSTARTUPERROR
 109:Generated_Source\PSoC5/cyfitter_cfg.c **** /*******************************************************************************
 110:Generated_Source\PSoC5/cyfitter_cfg.c **** * Function Name: CyClockStartupError
 111:Generated_Source\PSoC5/cyfitter_cfg.c **** ********************************************************************************
 112:Generated_Source\PSoC5/cyfitter_cfg.c **** * Summary:
 113:Generated_Source\PSoC5/cyfitter_cfg.c **** *  If an error is encountered during clock configuration (crystal startup error,
 114:Generated_Source\PSoC5/cyfitter_cfg.c **** *  PLL lock error, etc.), the system will end up here.  Unless reimplemented by
 115:Generated_Source\PSoC5/cyfitter_cfg.c **** *  the customer, this function will stop in an infinite loop.
 116:Generated_Source\PSoC5/cyfitter_cfg.c **** *
 117:Generated_Source\PSoC5/cyfitter_cfg.c **** * Parameters:
 118:Generated_Source\PSoC5/cyfitter_cfg.c **** *   void
 119:Generated_Source\PSoC5/cyfitter_cfg.c **** *
 120:Generated_Source\PSoC5/cyfitter_cfg.c **** * Return:
 121:Generated_Source\PSoC5/cyfitter_cfg.c **** *   void
 122:Generated_Source\PSoC5/cyfitter_cfg.c **** *
 123:Generated_Source\PSoC5/cyfitter_cfg.c **** *******************************************************************************/
 124:Generated_Source\PSoC5/cyfitter_cfg.c **** CY_CFG_UNUSED
 125:Generated_Source\PSoC5/cyfitter_cfg.c **** static void CyClockStartupError(uint8 errorCode);
 126:Generated_Source\PSoC5/cyfitter_cfg.c **** CY_CFG_UNUSED
 127:Generated_Source\PSoC5/cyfitter_cfg.c **** static void CyClockStartupError(uint8 errorCode)
 128:Generated_Source\PSoC5/cyfitter_cfg.c **** {
 140              		.loc 1 128 0
 141              		.cfi_startproc
 142              		@ args = 0, pretend = 0, frame = 8
 143              		@ frame_needed = 1, uses_anonymous_args = 0
 144              		@ link register save eliminated.
 145 0000 80B4     		push	{r7}
 146              		.cfi_def_cfa_offset 4
 147              		.cfi_offset 7, -4
 148 0002 83B0     		sub	sp, sp, #12
 149              		.cfi_def_cfa_offset 16
 150 0004 00AF     		add	r7, sp, #0
 151              		.cfi_def_cfa_register 7
 152 0006 0346     		mov	r3, r0
 153 0008 FB71     		strb	r3, [r7, #7]
 154              	.L5:
 129:Generated_Source\PSoC5/cyfitter_cfg.c ****     /* To remove the compiler warning if errorCode not used.                */
 130:Generated_Source\PSoC5/cyfitter_cfg.c ****     errorCode = errorCode;
 131:Generated_Source\PSoC5/cyfitter_cfg.c **** 
ARM GAS  C:\Users\UCA-MA~1\AppData\Local\Temp\ccLux46E.s 			page 6


 132:Generated_Source\PSoC5/cyfitter_cfg.c ****     /* If we have a clock startup error (bad MHz crystal, PLL lock, etc.),  */
 133:Generated_Source\PSoC5/cyfitter_cfg.c ****     /* we will end up here to allow the customer to implement something to  */
 134:Generated_Source\PSoC5/cyfitter_cfg.c ****     /* deal with the clock condition.                                       */
 135:Generated_Source\PSoC5/cyfitter_cfg.c **** 
 136:Generated_Source\PSoC5/cyfitter_cfg.c **** #ifdef CY_CFG_CLOCK_STARTUP_ERROR_CALLBACK
 137:Generated_Source\PSoC5/cyfitter_cfg.c ****     CY_CFG_Clock_Startup_ErrorCallback();
 138:Generated_Source\PSoC5/cyfitter_cfg.c **** #else
 139:Generated_Source\PSoC5/cyfitter_cfg.c ****     /*  If not using CY_CFG_CLOCK_STARTUP_ERROR_CALLBACK, place your clock startup code here. */
 140:Generated_Source\PSoC5/cyfitter_cfg.c ****     /* `#START CyClockStartupError` */
 141:Generated_Source\PSoC5/cyfitter_cfg.c **** 
 142:Generated_Source\PSoC5/cyfitter_cfg.c **** 
 143:Generated_Source\PSoC5/cyfitter_cfg.c **** 
 144:Generated_Source\PSoC5/cyfitter_cfg.c ****     /* `#END` */
 145:Generated_Source\PSoC5/cyfitter_cfg.c **** 
 146:Generated_Source\PSoC5/cyfitter_cfg.c ****     while(1) {}
 155              		.loc 1 146 0 discriminator 1
 156 000a FEE7     		b	.L5
 157              		.cfi_endproc
 158              	.LFE3:
 159              		.size	CyClockStartupError, .-CyClockStartupError
 160              		.section	.text.cfg_write_bytes32,"ax",%progbits
 161              		.align	2
 162              		.thumb
 163              		.thumb_func
 164              		.type	cfg_write_bytes32, %function
 165              	cfg_write_bytes32:
 166              	.LFB4:
 147:Generated_Source\PSoC5/cyfitter_cfg.c **** #endif /* CY_CFG_CLOCK_STARTUP_ERROR_CALLBACK */
 148:Generated_Source\PSoC5/cyfitter_cfg.c **** }
 149:Generated_Source\PSoC5/cyfitter_cfg.c **** #endif
 150:Generated_Source\PSoC5/cyfitter_cfg.c **** 
 151:Generated_Source\PSoC5/cyfitter_cfg.c **** #define CY_CFG_BASE_ADDR_COUNT 39u
 152:Generated_Source\PSoC5/cyfitter_cfg.c **** CYPACKED typedef struct
 153:Generated_Source\PSoC5/cyfitter_cfg.c **** {
 154:Generated_Source\PSoC5/cyfitter_cfg.c **** 	uint8 offset;
 155:Generated_Source\PSoC5/cyfitter_cfg.c **** 	uint8 value;
 156:Generated_Source\PSoC5/cyfitter_cfg.c **** } CYPACKED_ATTR cy_cfg_addrvalue_t;
 157:Generated_Source\PSoC5/cyfitter_cfg.c **** 
 158:Generated_Source\PSoC5/cyfitter_cfg.c **** #define cy_cfg_addr_table ((const uint32 CYFAR *)0x48000000u)
 159:Generated_Source\PSoC5/cyfitter_cfg.c **** #define cy_cfg_data_table ((const cy_cfg_addrvalue_t CYFAR *)0x4800009Cu)
 160:Generated_Source\PSoC5/cyfitter_cfg.c **** 
 161:Generated_Source\PSoC5/cyfitter_cfg.c **** /* IOPORT_7 Address: CYDEV_PRTDSI_PRT12_BASE Size (bytes): 6 */
 162:Generated_Source\PSoC5/cyfitter_cfg.c **** #define BS_IOPORT_7_VAL ((const uint8 CYFAR *)0x48000C40u)
 163:Generated_Source\PSoC5/cyfitter_cfg.c **** 
 164:Generated_Source\PSoC5/cyfitter_cfg.c **** /* IOPINS0_0 Address: CYREG_PRT0_DM0 Size (bytes): 8 */
 165:Generated_Source\PSoC5/cyfitter_cfg.c **** #define BS_IOPINS0_0_VAL ((const uint8 CYFAR *)0x48000C48u)
 166:Generated_Source\PSoC5/cyfitter_cfg.c **** 
 167:Generated_Source\PSoC5/cyfitter_cfg.c **** /* IOPINS0_7 Address: CYREG_PRT12_DR Size (bytes): 10 */
 168:Generated_Source\PSoC5/cyfitter_cfg.c **** #define BS_IOPINS0_7_VAL ((const uint8 CYFAR *)0x48000C50u)
 169:Generated_Source\PSoC5/cyfitter_cfg.c **** 
 170:Generated_Source\PSoC5/cyfitter_cfg.c **** /* IOPINS0_1 Address: CYREG_PRT1_DM0 Size (bytes): 8 */
 171:Generated_Source\PSoC5/cyfitter_cfg.c **** #define BS_IOPINS0_1_VAL ((const uint8 CYFAR *)0x48000C5Cu)
 172:Generated_Source\PSoC5/cyfitter_cfg.c **** 
 173:Generated_Source\PSoC5/cyfitter_cfg.c **** /* IOPINS0_2 Address: CYREG_PRT2_DM0 Size (bytes): 8 */
 174:Generated_Source\PSoC5/cyfitter_cfg.c **** #define BS_IOPINS0_2_VAL ((const uint8 CYFAR *)0x48000C64u)
 175:Generated_Source\PSoC5/cyfitter_cfg.c **** 
 176:Generated_Source\PSoC5/cyfitter_cfg.c **** /* IOPINS0_3 Address: CYREG_PRT3_DM0 Size (bytes): 8 */
ARM GAS  C:\Users\UCA-MA~1\AppData\Local\Temp\ccLux46E.s 			page 7


 177:Generated_Source\PSoC5/cyfitter_cfg.c **** #define BS_IOPINS0_3_VAL ((const uint8 CYFAR *)0x48000C6Cu)
 178:Generated_Source\PSoC5/cyfitter_cfg.c **** 
 179:Generated_Source\PSoC5/cyfitter_cfg.c **** /* PHUB_CFGMEM1 Address: CYREG_PHUB_CFGMEM1_CFG0 Size (bytes): 4 */
 180:Generated_Source\PSoC5/cyfitter_cfg.c **** #define BS_PHUB_CFGMEM1_VAL ((const uint8 CYFAR *)0x48000C74u)
 181:Generated_Source\PSoC5/cyfitter_cfg.c **** 
 182:Generated_Source\PSoC5/cyfitter_cfg.c **** 
 183:Generated_Source\PSoC5/cyfitter_cfg.c **** /*******************************************************************************
 184:Generated_Source\PSoC5/cyfitter_cfg.c **** * Function Name: cfg_write_bytes32
 185:Generated_Source\PSoC5/cyfitter_cfg.c **** ********************************************************************************
 186:Generated_Source\PSoC5/cyfitter_cfg.c **** * Summary:
 187:Generated_Source\PSoC5/cyfitter_cfg.c **** *  This function is used for setting up the chip configuration areas that
 188:Generated_Source\PSoC5/cyfitter_cfg.c **** *  contain relatively sparse data.
 189:Generated_Source\PSoC5/cyfitter_cfg.c **** *
 190:Generated_Source\PSoC5/cyfitter_cfg.c **** * Parameters:
 191:Generated_Source\PSoC5/cyfitter_cfg.c **** *   void
 192:Generated_Source\PSoC5/cyfitter_cfg.c **** *
 193:Generated_Source\PSoC5/cyfitter_cfg.c **** * Return:
 194:Generated_Source\PSoC5/cyfitter_cfg.c **** *   void
 195:Generated_Source\PSoC5/cyfitter_cfg.c **** *
 196:Generated_Source\PSoC5/cyfitter_cfg.c **** *******************************************************************************/
 197:Generated_Source\PSoC5/cyfitter_cfg.c **** static void cfg_write_bytes32(const uint32 addr_table[], const cy_cfg_addrvalue_t data_table[]);
 198:Generated_Source\PSoC5/cyfitter_cfg.c **** static void cfg_write_bytes32(const uint32 addr_table[], const cy_cfg_addrvalue_t data_table[])
 199:Generated_Source\PSoC5/cyfitter_cfg.c **** {
 167              		.loc 1 199 0
 168              		.cfi_startproc
 169              		@ args = 0, pretend = 0, frame = 24
 170              		@ frame_needed = 1, uses_anonymous_args = 0
 171              		@ link register save eliminated.
 172 0000 80B4     		push	{r7}
 173              		.cfi_def_cfa_offset 4
 174              		.cfi_offset 7, -4
 175 0002 87B0     		sub	sp, sp, #28
 176              		.cfi_def_cfa_offset 32
 177 0004 00AF     		add	r7, sp, #0
 178              		.cfi_def_cfa_register 7
 179 0006 7860     		str	r0, [r7, #4]
 180 0008 3960     		str	r1, [r7]
 200:Generated_Source\PSoC5/cyfitter_cfg.c **** 	/* For 32-bit little-endian architectures */
 201:Generated_Source\PSoC5/cyfitter_cfg.c **** 	uint32 i, j = 0u;
 181              		.loc 1 201 0
 182 000a 0023     		movs	r3, #0
 183 000c 3B61     		str	r3, [r7, #16]
 202:Generated_Source\PSoC5/cyfitter_cfg.c **** 	for (i = 0u; i < CY_CFG_BASE_ADDR_COUNT; i++)
 184              		.loc 1 202 0
 185 000e 0023     		movs	r3, #0
 186 0010 7B61     		str	r3, [r7, #20]
 187 0012 27E0     		b	.L7
 188              	.L10:
 189              	.LBB2:
 203:Generated_Source\PSoC5/cyfitter_cfg.c **** 	{
 204:Generated_Source\PSoC5/cyfitter_cfg.c **** 		uint32 baseAddr = addr_table[i];
 190              		.loc 1 204 0
 191 0014 7B69     		ldr	r3, [r7, #20]
 192 0016 9B00     		lsls	r3, r3, #2
 193 0018 7A68     		ldr	r2, [r7, #4]
 194 001a 1344     		add	r3, r3, r2
 195 001c 1B68     		ldr	r3, [r3]
ARM GAS  C:\Users\UCA-MA~1\AppData\Local\Temp\ccLux46E.s 			page 8


 196 001e BB60     		str	r3, [r7, #8]
 205:Generated_Source\PSoC5/cyfitter_cfg.c **** 		uint8 count = (uint8)baseAddr;
 197              		.loc 1 205 0
 198 0020 BB68     		ldr	r3, [r7, #8]
 199 0022 FB73     		strb	r3, [r7, #15]
 206:Generated_Source\PSoC5/cyfitter_cfg.c **** 		baseAddr &= 0xFFFFFF00u;
 200              		.loc 1 206 0
 201 0024 BB68     		ldr	r3, [r7, #8]
 202 0026 23F0FF03 		bic	r3, r3, #255
 203 002a BB60     		str	r3, [r7, #8]
 207:Generated_Source\PSoC5/cyfitter_cfg.c **** 		while (count != 0u)
 204              		.loc 1 207 0
 205 002c 14E0     		b	.L8
 206              	.L9:
 208:Generated_Source\PSoC5/cyfitter_cfg.c **** 		{
 209:Generated_Source\PSoC5/cyfitter_cfg.c **** 			CY_SET_REG8((void *)(baseAddr + data_table[j].offset), data_table[j].value);
 207              		.loc 1 209 0
 208 002e 3B69     		ldr	r3, [r7, #16]
 209 0030 5B00     		lsls	r3, r3, #1
 210 0032 3A68     		ldr	r2, [r7]
 211 0034 1344     		add	r3, r3, r2
 212 0036 1B78     		ldrb	r3, [r3]	@ zero_extendqisi2
 213 0038 1A46     		mov	r2, r3
 214 003a BB68     		ldr	r3, [r7, #8]
 215 003c 1344     		add	r3, r3, r2
 216 003e 1946     		mov	r1, r3
 217 0040 3B69     		ldr	r3, [r7, #16]
 218 0042 5B00     		lsls	r3, r3, #1
 219 0044 3A68     		ldr	r2, [r7]
 220 0046 1344     		add	r3, r3, r2
 221 0048 5B78     		ldrb	r3, [r3, #1]	@ zero_extendqisi2
 222 004a 0B70     		strb	r3, [r1]
 210:Generated_Source\PSoC5/cyfitter_cfg.c **** 			j++;
 223              		.loc 1 210 0
 224 004c 3B69     		ldr	r3, [r7, #16]
 225 004e 0133     		adds	r3, r3, #1
 226 0050 3B61     		str	r3, [r7, #16]
 211:Generated_Source\PSoC5/cyfitter_cfg.c **** 			count--;
 227              		.loc 1 211 0
 228 0052 FB7B     		ldrb	r3, [r7, #15]	@ zero_extendqisi2
 229 0054 013B     		subs	r3, r3, #1
 230 0056 FB73     		strb	r3, [r7, #15]
 231              	.L8:
 207:Generated_Source\PSoC5/cyfitter_cfg.c **** 		{
 232              		.loc 1 207 0
 233 0058 FB7B     		ldrb	r3, [r7, #15]	@ zero_extendqisi2
 234 005a 002B     		cmp	r3, #0
 235 005c E7D1     		bne	.L9
 236              	.LBE2:
 202:Generated_Source\PSoC5/cyfitter_cfg.c **** 	{
 237              		.loc 1 202 0 discriminator 2
 238 005e 7B69     		ldr	r3, [r7, #20]
 239 0060 0133     		adds	r3, r3, #1
 240 0062 7B61     		str	r3, [r7, #20]
 241              	.L7:
 202:Generated_Source\PSoC5/cyfitter_cfg.c **** 	{
 242              		.loc 1 202 0 is_stmt 0 discriminator 1
ARM GAS  C:\Users\UCA-MA~1\AppData\Local\Temp\ccLux46E.s 			page 9


 243 0064 7B69     		ldr	r3, [r7, #20]
 244 0066 262B     		cmp	r3, #38
 245 0068 D4D9     		bls	.L10
 212:Generated_Source\PSoC5/cyfitter_cfg.c **** 		}
 213:Generated_Source\PSoC5/cyfitter_cfg.c **** 	}
 214:Generated_Source\PSoC5/cyfitter_cfg.c **** }
 246              		.loc 1 214 0 is_stmt 1
 247 006a 00BF     		nop
 248 006c 1C37     		adds	r7, r7, #28
 249              		.cfi_def_cfa_offset 4
 250 006e BD46     		mov	sp, r7
 251              		.cfi_def_cfa_register 13
 252              		@ sp needed
 253 0070 80BC     		pop	{r7}
 254              		.cfi_restore 7
 255              		.cfi_def_cfa_offset 0
 256 0072 7047     		bx	lr
 257              		.cfi_endproc
 258              	.LFE4:
 259              		.size	cfg_write_bytes32, .-cfg_write_bytes32
 260              		.section	.text.ClockSetup,"ax",%progbits
 261              		.align	2
 262              		.thumb
 263              		.thumb_func
 264              		.type	ClockSetup, %function
 265              	ClockSetup:
 266              	.LFB5:
 215:Generated_Source\PSoC5/cyfitter_cfg.c **** 
 216:Generated_Source\PSoC5/cyfitter_cfg.c **** /*******************************************************************************
 217:Generated_Source\PSoC5/cyfitter_cfg.c **** * Function Name: ClockSetup
 218:Generated_Source\PSoC5/cyfitter_cfg.c **** ********************************************************************************
 219:Generated_Source\PSoC5/cyfitter_cfg.c **** *
 220:Generated_Source\PSoC5/cyfitter_cfg.c **** * Summary:
 221:Generated_Source\PSoC5/cyfitter_cfg.c **** *  Performs the initialization of all of the clocks in the device based on the
 222:Generated_Source\PSoC5/cyfitter_cfg.c **** *  settings in the Clock tab of the DWR.  This includes enabling the requested
 223:Generated_Source\PSoC5/cyfitter_cfg.c **** *  clocks and setting the necessary dividers to produce the desired frequency. 
 224:Generated_Source\PSoC5/cyfitter_cfg.c **** *
 225:Generated_Source\PSoC5/cyfitter_cfg.c **** * Parameters:
 226:Generated_Source\PSoC5/cyfitter_cfg.c **** *  void
 227:Generated_Source\PSoC5/cyfitter_cfg.c **** *
 228:Generated_Source\PSoC5/cyfitter_cfg.c **** * Return:
 229:Generated_Source\PSoC5/cyfitter_cfg.c **** *  void
 230:Generated_Source\PSoC5/cyfitter_cfg.c **** *
 231:Generated_Source\PSoC5/cyfitter_cfg.c **** *******************************************************************************/
 232:Generated_Source\PSoC5/cyfitter_cfg.c **** static void ClockSetup(void);
 233:Generated_Source\PSoC5/cyfitter_cfg.c **** static void ClockSetup(void)
 234:Generated_Source\PSoC5/cyfitter_cfg.c **** {
 267              		.loc 1 234 0
 268              		.cfi_startproc
 269              		@ args = 0, pretend = 0, frame = 8
 270              		@ frame_needed = 1, uses_anonymous_args = 0
 271 0000 80B5     		push	{r7, lr}
 272              		.cfi_def_cfa_offset 8
 273              		.cfi_offset 7, -8
 274              		.cfi_offset 14, -4
 275 0002 82B0     		sub	sp, sp, #8
 276              		.cfi_def_cfa_offset 16
ARM GAS  C:\Users\UCA-MA~1\AppData\Local\Temp\ccLux46E.s 			page 10


 277 0004 00AF     		add	r7, sp, #0
 278              		.cfi_def_cfa_register 7
 235:Generated_Source\PSoC5/cyfitter_cfg.c **** 	uint32 timeout;
 236:Generated_Source\PSoC5/cyfitter_cfg.c **** 	uint8 pllLock;
 237:Generated_Source\PSoC5/cyfitter_cfg.c **** 
 238:Generated_Source\PSoC5/cyfitter_cfg.c **** 
 239:Generated_Source\PSoC5/cyfitter_cfg.c **** 	/* Configure Digital Clocks based on settings from Clock DWR */
 240:Generated_Source\PSoC5/cyfitter_cfg.c **** 	CY_SET_XTND_REG16((void CYFAR *)(CYREG_CLKDIST_DCFG0_CFG0), 0x000Eu);
 279              		.loc 1 240 0
 280 0006 3D4B     		ldr	r3, .L16
 281 0008 0E22     		movs	r2, #14
 282 000a 1A80     		strh	r2, [r3]	@ movhi
 241:Generated_Source\PSoC5/cyfitter_cfg.c **** 	CY_SET_XTND_REG8((void CYFAR *)(CYREG_CLKDIST_DCFG0_CFG0 + 0x2u), 0x18u);
 283              		.loc 1 241 0
 284 000c 3C4B     		ldr	r3, .L16+4
 285 000e 1822     		movs	r2, #24
 286 0010 1A70     		strb	r2, [r3]
 242:Generated_Source\PSoC5/cyfitter_cfg.c **** 	CY_SET_XTND_REG16((void CYFAR *)(CYREG_CLKDIST_DCFG1_CFG0), 0x0019u);
 287              		.loc 1 242 0
 288 0012 3C4B     		ldr	r3, .L16+8
 289 0014 1922     		movs	r2, #25
 290 0016 1A80     		strh	r2, [r3]	@ movhi
 243:Generated_Source\PSoC5/cyfitter_cfg.c **** 	CY_SET_XTND_REG8((void CYFAR *)(CYREG_CLKDIST_DCFG1_CFG0 + 0x2u), 0x18u);
 291              		.loc 1 243 0
 292 0018 3B4B     		ldr	r3, .L16+12
 293 001a 1822     		movs	r2, #24
 294 001c 1A70     		strb	r2, [r3]
 244:Generated_Source\PSoC5/cyfitter_cfg.c **** 	CY_SET_XTND_REG16((void CYFAR *)(CYREG_CLKDIST_DCFG2_CFG0), 0x0019u);
 295              		.loc 1 244 0
 296 001e 3B4B     		ldr	r3, .L16+16
 297 0020 1922     		movs	r2, #25
 298 0022 1A80     		strh	r2, [r3]	@ movhi
 245:Generated_Source\PSoC5/cyfitter_cfg.c **** 	CY_SET_XTND_REG8((void CYFAR *)(CYREG_CLKDIST_DCFG2_CFG0 + 0x2u), 0x18u);
 299              		.loc 1 245 0
 300 0024 3A4B     		ldr	r3, .L16+20
 301 0026 1822     		movs	r2, #24
 302 0028 1A70     		strb	r2, [r3]
 246:Generated_Source\PSoC5/cyfitter_cfg.c **** 	CY_SET_XTND_REG16((void CYFAR *)(CYREG_CLKDIST_DCFG3_CFG0), 0x0077u);
 303              		.loc 1 246 0
 304 002a 3A4B     		ldr	r3, .L16+24
 305 002c 7722     		movs	r2, #119
 306 002e 1A80     		strh	r2, [r3]	@ movhi
 247:Generated_Source\PSoC5/cyfitter_cfg.c **** 	CY_SET_XTND_REG8((void CYFAR *)(CYREG_CLKDIST_DCFG3_CFG0 + 0x2u), 0x18u);
 307              		.loc 1 247 0
 308 0030 394B     		ldr	r3, .L16+28
 309 0032 1822     		movs	r2, #24
 310 0034 1A70     		strb	r2, [r3]
 248:Generated_Source\PSoC5/cyfitter_cfg.c **** 	CY_SET_XTND_REG16((void CYFAR *)(CYREG_CLKDIST_DCFG4_CFG0), 0x5DBFu);
 311              		.loc 1 248 0
 312 0036 394B     		ldr	r3, .L16+32
 313 0038 45F6BF52 		movw	r2, #23999
 314 003c 1A80     		strh	r2, [r3]	@ movhi
 249:Generated_Source\PSoC5/cyfitter_cfg.c **** 	CY_SET_XTND_REG8((void CYFAR *)(CYREG_CLKDIST_DCFG4_CFG0 + 0x2u), 0x18u);
 315              		.loc 1 249 0
 316 003e 384B     		ldr	r3, .L16+36
 317 0040 1822     		movs	r2, #24
 318 0042 1A70     		strb	r2, [r3]
ARM GAS  C:\Users\UCA-MA~1\AppData\Local\Temp\ccLux46E.s 			page 11


 250:Generated_Source\PSoC5/cyfitter_cfg.c **** 
 251:Generated_Source\PSoC5/cyfitter_cfg.c **** 	/* Configure ILO based on settings from Clock DWR */
 252:Generated_Source\PSoC5/cyfitter_cfg.c **** 	CY_SET_XTND_REG8((void CYFAR *)(CYREG_SLOWCLK_ILO_CR0), 0x02u);
 319              		.loc 1 252 0
 320 0044 374B     		ldr	r3, .L16+40
 321 0046 0222     		movs	r2, #2
 322 0048 1A70     		strb	r2, [r3]
 253:Generated_Source\PSoC5/cyfitter_cfg.c **** 	CY_SET_XTND_REG8((void CYFAR *)(CYREG_CLKDIST_CR), 0x08u);
 323              		.loc 1 253 0
 324 004a 4FF04023 		mov	r3, #1073758208
 325 004e 0822     		movs	r2, #8
 326 0050 1A70     		strb	r2, [r3]
 254:Generated_Source\PSoC5/cyfitter_cfg.c **** 
 255:Generated_Source\PSoC5/cyfitter_cfg.c **** 	/* Configure IMO based on settings from Clock DWR */
 256:Generated_Source\PSoC5/cyfitter_cfg.c **** 	CY_SET_XTND_REG8((void CYFAR *)(CYREG_FASTCLK_IMO_CR), 0x03u);
 327              		.loc 1 256 0
 328 0052 354B     		ldr	r3, .L16+44
 329 0054 0322     		movs	r2, #3
 330 0056 1A70     		strb	r2, [r3]
 257:Generated_Source\PSoC5/cyfitter_cfg.c **** 	CY_SET_XTND_REG8((void CYFAR *)(CYREG_IMO_TR1), (CY_GET_XTND_REG8((void CYFAR *)CYREG_FLSHID_CUST_
 331              		.loc 1 257 0
 332 0058 344B     		ldr	r3, .L16+48
 333 005a 354A     		ldr	r2, .L16+52
 334 005c 1278     		ldrb	r2, [r2]
 335 005e D2B2     		uxtb	r2, r2
 336 0060 1A70     		strb	r2, [r3]
 258:Generated_Source\PSoC5/cyfitter_cfg.c **** 
 259:Generated_Source\PSoC5/cyfitter_cfg.c **** 	/* Configure PLL based on settings from Clock DWR */
 260:Generated_Source\PSoC5/cyfitter_cfg.c **** 	CY_SET_XTND_REG16((void CYFAR *)(CYREG_FASTCLK_PLL_P), 0x0008u);
 337              		.loc 1 260 0
 338 0062 344B     		ldr	r3, .L16+56
 339 0064 0822     		movs	r2, #8
 340 0066 1A80     		strh	r2, [r3]	@ movhi
 261:Generated_Source\PSoC5/cyfitter_cfg.c **** 	CY_SET_XTND_REG16((void CYFAR *)(CYREG_FASTCLK_PLL_CFG0), 0x1251u);
 341              		.loc 1 261 0
 342 0068 334B     		ldr	r3, .L16+60
 343 006a 41F25122 		movw	r2, #4689
 344 006e 1A80     		strh	r2, [r3]	@ movhi
 262:Generated_Source\PSoC5/cyfitter_cfg.c **** 	/* Wait up to 250us for the PLL to lock */
 263:Generated_Source\PSoC5/cyfitter_cfg.c **** 	pllLock = 0u;
 345              		.loc 1 263 0
 346 0070 0023     		movs	r3, #0
 347 0072 FB70     		strb	r3, [r7, #3]
 264:Generated_Source\PSoC5/cyfitter_cfg.c **** 	for (timeout = 250u / 10u; (timeout > 0u) && (pllLock != 0x03u); timeout--)
 348              		.loc 1 264 0
 349 0074 1923     		movs	r3, #25
 350 0076 7B60     		str	r3, [r7, #4]
 351 0078 14E0     		b	.L12
 352              	.L14:
 265:Generated_Source\PSoC5/cyfitter_cfg.c **** 	{ 
 266:Generated_Source\PSoC5/cyfitter_cfg.c **** 		pllLock = 0x03u & ((uint8)((uint8)pllLock << 1) | ((CY_GET_XTND_REG8((void CYFAR *)CYREG_FASTCLK_
 353              		.loc 1 266 0 discriminator 4
 354 007a FB78     		ldrb	r3, [r7, #3]
 355 007c 5B00     		lsls	r3, r3, #1
 356 007e DAB2     		uxtb	r2, r3
 357 0080 2E4B     		ldr	r3, .L16+64
 358 0082 1B78     		ldrb	r3, [r3]
ARM GAS  C:\Users\UCA-MA~1\AppData\Local\Temp\ccLux46E.s 			page 12


 359 0084 DBB2     		uxtb	r3, r3
 360 0086 03F00103 		and	r3, r3, #1
 361 008a DBB2     		uxtb	r3, r3
 362 008c 1343     		orrs	r3, r3, r2
 363 008e DBB2     		uxtb	r3, r3
 364 0090 03F00303 		and	r3, r3, #3
 365 0094 FB70     		strb	r3, [r7, #3]
 267:Generated_Source\PSoC5/cyfitter_cfg.c **** 		CyDelayCycles(10u * 48u); /* Delay 10us based on 48MHz clock */
 366              		.loc 1 267 0 discriminator 4
 367 0096 4FF4F070 		mov	r0, #480
 368 009a FFF7FEFF 		bl	CyDelayCycles
 264:Generated_Source\PSoC5/cyfitter_cfg.c **** 	for (timeout = 250u / 10u; (timeout > 0u) && (pllLock != 0x03u); timeout--)
 369              		.loc 1 264 0 discriminator 4
 370 009e 7B68     		ldr	r3, [r7, #4]
 371 00a0 013B     		subs	r3, r3, #1
 372 00a2 7B60     		str	r3, [r7, #4]
 373              	.L12:
 264:Generated_Source\PSoC5/cyfitter_cfg.c **** 	for (timeout = 250u / 10u; (timeout > 0u) && (pllLock != 0x03u); timeout--)
 374              		.loc 1 264 0 is_stmt 0 discriminator 1
 375 00a4 7B68     		ldr	r3, [r7, #4]
 376 00a6 002B     		cmp	r3, #0
 377 00a8 02D0     		beq	.L13
 264:Generated_Source\PSoC5/cyfitter_cfg.c **** 	for (timeout = 250u / 10u; (timeout > 0u) && (pllLock != 0x03u); timeout--)
 378              		.loc 1 264 0 discriminator 3
 379 00aa FB78     		ldrb	r3, [r7, #3]	@ zero_extendqisi2
 380 00ac 032B     		cmp	r3, #3
 381 00ae E4D1     		bne	.L14
 382              	.L13:
 268:Generated_Source\PSoC5/cyfitter_cfg.c **** 	}
 269:Generated_Source\PSoC5/cyfitter_cfg.c **** 	/* If we ran out of time the PLL didn't lock so go to the error function */
 270:Generated_Source\PSoC5/cyfitter_cfg.c **** 	if (timeout == 0u)
 383              		.loc 1 270 0 is_stmt 1
 384 00b0 7B68     		ldr	r3, [r7, #4]
 385 00b2 002B     		cmp	r3, #0
 386 00b4 02D1     		bne	.L15
 271:Generated_Source\PSoC5/cyfitter_cfg.c **** 	{
 272:Generated_Source\PSoC5/cyfitter_cfg.c **** 		CyClockStartupError(CYCLOCKSTART_PLL_ERROR);
 387              		.loc 1 272 0
 388 00b6 0320     		movs	r0, #3
 389 00b8 FFF7FEFF 		bl	CyClockStartupError
 390              	.L15:
 273:Generated_Source\PSoC5/cyfitter_cfg.c **** 	}
 274:Generated_Source\PSoC5/cyfitter_cfg.c **** 
 275:Generated_Source\PSoC5/cyfitter_cfg.c **** 	/* Configure Bus/Master Clock based on settings from Clock DWR */
 276:Generated_Source\PSoC5/cyfitter_cfg.c **** 	CY_SET_XTND_REG16((void CYFAR *)(CYREG_CLKDIST_MSTR0), 0x0100u);
 391              		.loc 1 276 0
 392 00bc 204B     		ldr	r3, .L16+68
 393 00be 4FF48072 		mov	r2, #256
 394 00c2 1A80     		strh	r2, [r3]	@ movhi
 277:Generated_Source\PSoC5/cyfitter_cfg.c **** 	CY_SET_XTND_REG8((void CYFAR *)(CYREG_CLKDIST_MSTR0), 0x07u);
 395              		.loc 1 277 0
 396 00c4 1E4B     		ldr	r3, .L16+68
 397 00c6 0722     		movs	r2, #7
 398 00c8 1A70     		strb	r2, [r3]
 278:Generated_Source\PSoC5/cyfitter_cfg.c **** 	CY_SET_XTND_REG8((void CYFAR *)(CYREG_CLKDIST_BCFG0), 0x00u);
 399              		.loc 1 278 0
 400 00ca 1E4B     		ldr	r3, .L16+72
ARM GAS  C:\Users\UCA-MA~1\AppData\Local\Temp\ccLux46E.s 			page 13


 401 00cc 0022     		movs	r2, #0
 402 00ce 1A70     		strb	r2, [r3]
 279:Generated_Source\PSoC5/cyfitter_cfg.c **** 	CY_SET_XTND_REG8((void CYFAR *)(CYREG_CLKDIST_BCFG2), 0x48u);
 403              		.loc 1 279 0
 404 00d0 1D4B     		ldr	r3, .L16+76
 405 00d2 4822     		movs	r2, #72
 406 00d4 1A70     		strb	r2, [r3]
 280:Generated_Source\PSoC5/cyfitter_cfg.c **** 	CY_SET_XTND_REG8((void CYFAR *)(CYREG_CLKDIST_MSTR0), 0x00u);
 407              		.loc 1 280 0
 408 00d6 1A4B     		ldr	r3, .L16+68
 409 00d8 0022     		movs	r2, #0
 410 00da 1A70     		strb	r2, [r3]
 281:Generated_Source\PSoC5/cyfitter_cfg.c **** 	CY_SET_XTND_REG8((void CYFAR *)(CYREG_CLKDIST_LD), 0x02u);
 411              		.loc 1 281 0
 412 00dc 1B4B     		ldr	r3, .L16+80
 413 00de 0222     		movs	r2, #2
 414 00e0 1A70     		strb	r2, [r3]
 282:Generated_Source\PSoC5/cyfitter_cfg.c **** 
 283:Generated_Source\PSoC5/cyfitter_cfg.c **** 	CY_SET_XTND_REG8((void CYFAR *)(CYREG_PM_ACT_CFG2), ((CY_GET_XTND_REG8((void CYFAR *)CYREG_PM_ACT_
 415              		.loc 1 283 0
 416 00e2 1B4A     		ldr	r2, .L16+84
 417 00e4 1A4B     		ldr	r3, .L16+84
 418 00e6 1B78     		ldrb	r3, [r3]
 419 00e8 DBB2     		uxtb	r3, r3
 420 00ea 43F01F03 		orr	r3, r3, #31
 421 00ee DBB2     		uxtb	r3, r3
 422 00f0 1370     		strb	r3, [r2]
 284:Generated_Source\PSoC5/cyfitter_cfg.c **** }
 423              		.loc 1 284 0
 424 00f2 00BF     		nop
 425 00f4 0837     		adds	r7, r7, #8
 426              		.cfi_def_cfa_offset 8
 427 00f6 BD46     		mov	sp, r7
 428              		.cfi_def_cfa_register 13
 429              		@ sp needed
 430 00f8 80BD     		pop	{r7, pc}
 431              	.L17:
 432 00fa 00BF     		.align	2
 433              	.L16:
 434 00fc 80400040 		.word	1073758336
 435 0100 82400040 		.word	1073758338
 436 0104 84400040 		.word	1073758340
 437 0108 86400040 		.word	1073758342
 438 010c 88400040 		.word	1073758344
 439 0110 8A400040 		.word	1073758346
 440 0114 8C400040 		.word	1073758348
 441 0118 8E400040 		.word	1073758350
 442 011c 90400040 		.word	1073758352
 443 0120 92400040 		.word	1073758354
 444 0124 00430040 		.word	1073758976
 445 0128 00420040 		.word	1073758720
 446 012c A1460040 		.word	1073759905
 447 0130 08010049 		.word	1224737032
 448 0134 22420040 		.word	1073758754
 449 0138 20420040 		.word	1073758752
 450 013c 25420040 		.word	1073758757
 451 0140 04400040 		.word	1073758212
ARM GAS  C:\Users\UCA-MA~1\AppData\Local\Temp\ccLux46E.s 			page 14


 452 0144 06400040 		.word	1073758214
 453 0148 08400040 		.word	1073758216
 454 014c 01400040 		.word	1073758209
 455 0150 A2430040 		.word	1073759138
 456              		.cfi_endproc
 457              	.LFE5:
 458              		.size	ClockSetup, .-ClockSetup
 459              		.section	.text.AnalogSetDefault,"ax",%progbits
 460              		.align	2
 461              		.thumb
 462              		.thumb_func
 463              		.type	AnalogSetDefault, %function
 464              	AnalogSetDefault:
 465              	.LFB6:
 285:Generated_Source\PSoC5/cyfitter_cfg.c **** 
 286:Generated_Source\PSoC5/cyfitter_cfg.c **** 
 287:Generated_Source\PSoC5/cyfitter_cfg.c **** /* Analog API Functions */
 288:Generated_Source\PSoC5/cyfitter_cfg.c **** 
 289:Generated_Source\PSoC5/cyfitter_cfg.c **** 
 290:Generated_Source\PSoC5/cyfitter_cfg.c **** /*******************************************************************************
 291:Generated_Source\PSoC5/cyfitter_cfg.c **** * Function Name: AnalogSetDefault
 292:Generated_Source\PSoC5/cyfitter_cfg.c **** ********************************************************************************
 293:Generated_Source\PSoC5/cyfitter_cfg.c **** *
 294:Generated_Source\PSoC5/cyfitter_cfg.c **** * Summary:
 295:Generated_Source\PSoC5/cyfitter_cfg.c **** *  Sets up the analog portions of the chip to default values based on chip
 296:Generated_Source\PSoC5/cyfitter_cfg.c **** *  configuration options from the project.
 297:Generated_Source\PSoC5/cyfitter_cfg.c **** *
 298:Generated_Source\PSoC5/cyfitter_cfg.c **** * Parameters:
 299:Generated_Source\PSoC5/cyfitter_cfg.c **** *  void
 300:Generated_Source\PSoC5/cyfitter_cfg.c **** *
 301:Generated_Source\PSoC5/cyfitter_cfg.c **** * Return:
 302:Generated_Source\PSoC5/cyfitter_cfg.c **** *  void
 303:Generated_Source\PSoC5/cyfitter_cfg.c **** *
 304:Generated_Source\PSoC5/cyfitter_cfg.c **** *******************************************************************************/
 305:Generated_Source\PSoC5/cyfitter_cfg.c **** static void AnalogSetDefault(void);
 306:Generated_Source\PSoC5/cyfitter_cfg.c **** static void AnalogSetDefault(void)
 307:Generated_Source\PSoC5/cyfitter_cfg.c **** {
 466              		.loc 1 307 0
 467              		.cfi_startproc
 468              		@ args = 0, pretend = 0, frame = 8
 469              		@ frame_needed = 1, uses_anonymous_args = 0
 470 0000 80B5     		push	{r7, lr}
 471              		.cfi_def_cfa_offset 8
 472              		.cfi_offset 7, -8
 473              		.cfi_offset 14, -4
 474 0002 82B0     		sub	sp, sp, #8
 475              		.cfi_def_cfa_offset 16
 476 0004 00AF     		add	r7, sp, #0
 477              		.cfi_def_cfa_register 7
 308:Generated_Source\PSoC5/cyfitter_cfg.c **** 	uint8 bg_xover_inl_trim = CY_GET_XTND_REG8((void CYFAR *)(CYREG_FLSHID_MFG_CFG_BG_XOVER_INL_TRIM +
 478              		.loc 1 308 0
 479 0006 1F4B     		ldr	r3, .L19
 480 0008 1B78     		ldrb	r3, [r3]
 481 000a FB71     		strb	r3, [r7, #7]
 309:Generated_Source\PSoC5/cyfitter_cfg.c **** 	uint8 cr4 = CY_GET_XTND_REG8((void CYFAR *)(CYREG_RESET_CR4));
 482              		.loc 1 309 0
 483 000c 1E4B     		ldr	r3, .L19+4
ARM GAS  C:\Users\UCA-MA~1\AppData\Local\Temp\ccLux46E.s 			page 15


 484 000e 1B78     		ldrb	r3, [r3]
 485 0010 BB71     		strb	r3, [r7, #6]
 310:Generated_Source\PSoC5/cyfitter_cfg.c **** 	uint8 cr5 = CY_GET_XTND_REG8((void CYFAR *)(CYREG_RESET_CR5));
 486              		.loc 1 310 0
 487 0012 1E4B     		ldr	r3, .L19+8
 488 0014 1B78     		ldrb	r3, [r3]
 489 0016 7B71     		strb	r3, [r7, #5]
 311:Generated_Source\PSoC5/cyfitter_cfg.c **** 	CY_SET_XTND_REG8((void CYFAR *)(CYREG_BG_DFT0), (bg_xover_inl_trim & 0x07u));
 490              		.loc 1 311 0
 491 0018 1D4A     		ldr	r2, .L19+12
 492 001a FB79     		ldrb	r3, [r7, #7]
 493 001c 03F00703 		and	r3, r3, #7
 494 0020 DBB2     		uxtb	r3, r3
 495 0022 1370     		strb	r3, [r2]
 312:Generated_Source\PSoC5/cyfitter_cfg.c **** 	CY_SET_XTND_REG8((void CYFAR *)(CYREG_BG_DFT1), ((bg_xover_inl_trim >> 4) & 0x0Fu));
 496              		.loc 1 312 0
 497 0024 1B4A     		ldr	r2, .L19+16
 498 0026 FB79     		ldrb	r3, [r7, #7]	@ zero_extendqisi2
 499 0028 1B09     		lsrs	r3, r3, #4
 500 002a DBB2     		uxtb	r3, r3
 501 002c 1370     		strb	r3, [r2]
 313:Generated_Source\PSoC5/cyfitter_cfg.c **** 	/* Disable PRES while setting up SAR voltage reference */
 314:Generated_Source\PSoC5/cyfitter_cfg.c **** 	CY_SET_XTND_REG8((void CYFAR *)(CYREG_RESET_CR4), (cr4 | 0x03u));
 502              		.loc 1 314 0
 503 002e 164A     		ldr	r2, .L19+4
 504 0030 BB79     		ldrb	r3, [r7, #6]
 505 0032 43F00303 		orr	r3, r3, #3
 506 0036 DBB2     		uxtb	r3, r3
 507 0038 1370     		strb	r3, [r2]
 315:Generated_Source\PSoC5/cyfitter_cfg.c **** 	CY_SET_XTND_REG8((void CYFAR *)(CYREG_RESET_CR5), (cr5 | 0x03u));
 508              		.loc 1 315 0
 509 003a 144A     		ldr	r2, .L19+8
 510 003c 7B79     		ldrb	r3, [r7, #5]
 511 003e 43F00303 		orr	r3, r3, #3
 512 0042 DBB2     		uxtb	r3, r3
 513 0044 1370     		strb	r3, [r2]
 316:Generated_Source\PSoC5/cyfitter_cfg.c **** 	CY_SET_XTND_REG8((void CYFAR *)CYREG_PRT0_AG, 0x07u);
 514              		.loc 1 316 0
 515 0046 144B     		ldr	r3, .L19+20
 516 0048 0722     		movs	r2, #7
 517 004a 1A70     		strb	r2, [r3]
 317:Generated_Source\PSoC5/cyfitter_cfg.c **** 	CY_SET_XTND_REG8((void CYFAR *)CYREG_SAR0_CSR1, 0x40u);
 518              		.loc 1 317 0
 519 004c 134B     		ldr	r3, .L19+24
 520 004e 4022     		movs	r2, #64
 521 0050 1A70     		strb	r2, [r3]
 318:Generated_Source\PSoC5/cyfitter_cfg.c **** 	CY_SET_XTND_REG8((void CYFAR *)CYREG_SAR0_CSR3, 0x40u);
 522              		.loc 1 318 0
 523 0052 134B     		ldr	r3, .L19+28
 524 0054 4022     		movs	r2, #64
 525 0056 1A70     		strb	r2, [r3]
 319:Generated_Source\PSoC5/cyfitter_cfg.c **** 	CY_SET_XTND_REG8((void CYFAR *)CYREG_SAR0_SW0, 0x70u);
 526              		.loc 1 319 0
 527 0058 124B     		ldr	r3, .L19+32
 528 005a 7022     		movs	r2, #112
 529 005c 1A70     		strb	r2, [r3]
 320:Generated_Source\PSoC5/cyfitter_cfg.c **** 	CY_SET_XTND_REG8((void CYFAR *)CYREG_SAR0_SW3, 0x20u);
ARM GAS  C:\Users\UCA-MA~1\AppData\Local\Temp\ccLux46E.s 			page 16


 530              		.loc 1 320 0
 531 005e 124B     		ldr	r3, .L19+36
 532 0060 2022     		movs	r2, #32
 533 0062 1A70     		strb	r2, [r3]
 321:Generated_Source\PSoC5/cyfitter_cfg.c **** 	CyDelayUs(10u); /* Allow vref to settle before re-enabling PRES */
 534              		.loc 1 321 0
 535 0064 0A20     		movs	r0, #10
 536 0066 FFF7FEFF 		bl	CyDelayUs
 322:Generated_Source\PSoC5/cyfitter_cfg.c **** 	CY_SET_XTND_REG8((void CYFAR *)(CYREG_RESET_CR5), (cr5));
 537              		.loc 1 322 0
 538 006a 084A     		ldr	r2, .L19+8
 539 006c 7B79     		ldrb	r3, [r7, #5]
 540 006e 1370     		strb	r3, [r2]
 323:Generated_Source\PSoC5/cyfitter_cfg.c **** 	CY_SET_XTND_REG8((void CYFAR *)(CYREG_RESET_CR4), (cr4));
 541              		.loc 1 323 0
 542 0070 054A     		ldr	r2, .L19+4
 543 0072 BB79     		ldrb	r3, [r7, #6]
 544 0074 1370     		strb	r3, [r2]
 324:Generated_Source\PSoC5/cyfitter_cfg.c **** 	CY_SET_XTND_REG8((void CYFAR *)CYREG_PUMP_CR0, 0x44u);
 545              		.loc 1 324 0
 546 0076 0D4B     		ldr	r3, .L19+40
 547 0078 4422     		movs	r2, #68
 548 007a 1A70     		strb	r2, [r3]
 325:Generated_Source\PSoC5/cyfitter_cfg.c **** }
 549              		.loc 1 325 0
 550 007c 00BF     		nop
 551 007e 0837     		adds	r7, r7, #8
 552              		.cfi_def_cfa_offset 8
 553 0080 BD46     		mov	sp, r7
 554              		.cfi_def_cfa_register 13
 555              		@ sp needed
 556 0082 80BD     		pop	{r7, pc}
 557              	.L20:
 558              		.align	2
 559              	.L19:
 560 0084 CF010049 		.word	1224737231
 561 0088 F8460040 		.word	1073759992
 562 008c F9460040 		.word	1073759993
 563 0090 6E580040 		.word	1073764462
 564 0094 6F580040 		.word	1073764463
 565 0098 0D510040 		.word	1073762573
 566 009c 01590040 		.word	1073764609
 567 00a0 03590040 		.word	1073764611
 568 00a4 205B0040 		.word	1073765152
 569 00a8 235B0040 		.word	1073765155
 570 00ac 76580040 		.word	1073764470
 571              		.cfi_endproc
 572              	.LFE6:
 573              		.size	AnalogSetDefault, .-AnalogSetDefault
 574              		.section	.text.SetAnalogRoutingPumps,"ax",%progbits
 575              		.align	2
 576              		.global	SetAnalogRoutingPumps
 577              		.thumb
 578              		.thumb_func
 579              		.type	SetAnalogRoutingPumps, %function
 580              	SetAnalogRoutingPumps:
 581              	.LFB7:
ARM GAS  C:\Users\UCA-MA~1\AppData\Local\Temp\ccLux46E.s 			page 17


 326:Generated_Source\PSoC5/cyfitter_cfg.c **** 
 327:Generated_Source\PSoC5/cyfitter_cfg.c **** 
 328:Generated_Source\PSoC5/cyfitter_cfg.c **** /*******************************************************************************
 329:Generated_Source\PSoC5/cyfitter_cfg.c **** * Function Name: SetAnalogRoutingPumps
 330:Generated_Source\PSoC5/cyfitter_cfg.c **** ********************************************************************************
 331:Generated_Source\PSoC5/cyfitter_cfg.c **** *
 332:Generated_Source\PSoC5/cyfitter_cfg.c **** * Summary:
 333:Generated_Source\PSoC5/cyfitter_cfg.c **** * Enables or disables the analog pumps feeding analog routing switches.
 334:Generated_Source\PSoC5/cyfitter_cfg.c **** * Intended to be called at startup, based on the Vdda system configuration;
 335:Generated_Source\PSoC5/cyfitter_cfg.c **** * may be called during operation when the user informs us that the Vdda voltage
 336:Generated_Source\PSoC5/cyfitter_cfg.c **** * crossed the pump threshold.
 337:Generated_Source\PSoC5/cyfitter_cfg.c **** *
 338:Generated_Source\PSoC5/cyfitter_cfg.c **** * Parameters:
 339:Generated_Source\PSoC5/cyfitter_cfg.c **** *  enabled - 1 to enable the pumps, 0 to disable the pumps
 340:Generated_Source\PSoC5/cyfitter_cfg.c **** *
 341:Generated_Source\PSoC5/cyfitter_cfg.c **** * Return:
 342:Generated_Source\PSoC5/cyfitter_cfg.c **** *  void
 343:Generated_Source\PSoC5/cyfitter_cfg.c **** *
 344:Generated_Source\PSoC5/cyfitter_cfg.c **** *******************************************************************************/
 345:Generated_Source\PSoC5/cyfitter_cfg.c **** void SetAnalogRoutingPumps(uint8 enabled)
 346:Generated_Source\PSoC5/cyfitter_cfg.c **** {
 582              		.loc 1 346 0
 583              		.cfi_startproc
 584              		@ args = 0, pretend = 0, frame = 16
 585              		@ frame_needed = 1, uses_anonymous_args = 0
 586              		@ link register save eliminated.
 587 0000 80B4     		push	{r7}
 588              		.cfi_def_cfa_offset 4
 589              		.cfi_offset 7, -4
 590 0002 85B0     		sub	sp, sp, #20
 591              		.cfi_def_cfa_offset 24
 592 0004 00AF     		add	r7, sp, #0
 593              		.cfi_def_cfa_register 7
 594 0006 0346     		mov	r3, r0
 595 0008 FB71     		strb	r3, [r7, #7]
 347:Generated_Source\PSoC5/cyfitter_cfg.c **** 	uint8 regValue = CY_GET_XTND_REG8((void CYFAR *)CYREG_PUMP_CR0);
 596              		.loc 1 347 0
 597 000a 0B4B     		ldr	r3, .L24
 598 000c 1B78     		ldrb	r3, [r3]
 599 000e FB73     		strb	r3, [r7, #15]
 348:Generated_Source\PSoC5/cyfitter_cfg.c **** 	if (enabled != 0u)
 600              		.loc 1 348 0
 601 0010 FB79     		ldrb	r3, [r7, #7]	@ zero_extendqisi2
 602 0012 002B     		cmp	r3, #0
 603 0014 04D0     		beq	.L22
 349:Generated_Source\PSoC5/cyfitter_cfg.c **** 	{
 350:Generated_Source\PSoC5/cyfitter_cfg.c **** 		regValue |= 0x22u;
 604              		.loc 1 350 0
 605 0016 FB7B     		ldrb	r3, [r7, #15]
 606 0018 43F02203 		orr	r3, r3, #34
 607 001c FB73     		strb	r3, [r7, #15]
 608 001e 03E0     		b	.L23
 609              	.L22:
 351:Generated_Source\PSoC5/cyfitter_cfg.c **** 	}
 352:Generated_Source\PSoC5/cyfitter_cfg.c **** 	else
 353:Generated_Source\PSoC5/cyfitter_cfg.c **** 	{
 354:Generated_Source\PSoC5/cyfitter_cfg.c **** 		regValue &= (uint8)~0x22u;
ARM GAS  C:\Users\UCA-MA~1\AppData\Local\Temp\ccLux46E.s 			page 18


 610              		.loc 1 354 0
 611 0020 FB7B     		ldrb	r3, [r7, #15]
 612 0022 23F02203 		bic	r3, r3, #34
 613 0026 FB73     		strb	r3, [r7, #15]
 614              	.L23:
 355:Generated_Source\PSoC5/cyfitter_cfg.c **** 	}
 356:Generated_Source\PSoC5/cyfitter_cfg.c **** 	CY_SET_XTND_REG8((void CYFAR *)CYREG_PUMP_CR0, regValue);
 615              		.loc 1 356 0
 616 0028 034A     		ldr	r2, .L24
 617 002a FB7B     		ldrb	r3, [r7, #15]
 618 002c 1370     		strb	r3, [r2]
 357:Generated_Source\PSoC5/cyfitter_cfg.c **** }
 619              		.loc 1 357 0
 620 002e 00BF     		nop
 621 0030 1437     		adds	r7, r7, #20
 622              		.cfi_def_cfa_offset 4
 623 0032 BD46     		mov	sp, r7
 624              		.cfi_def_cfa_register 13
 625              		@ sp needed
 626 0034 80BC     		pop	{r7}
 627              		.cfi_restore 7
 628              		.cfi_def_cfa_offset 0
 629 0036 7047     		bx	lr
 630              	.L25:
 631              		.align	2
 632              	.L24:
 633 0038 76580040 		.word	1073764470
 634              		.cfi_endproc
 635              	.LFE7:
 636              		.size	SetAnalogRoutingPumps, .-SetAnalogRoutingPumps
 637              		.section	.text.cyfitter_cfg,"ax",%progbits
 638              		.align	2
 639              		.global	cyfitter_cfg
 640              		.thumb
 641              		.thumb_func
 642              		.type	cyfitter_cfg, %function
 643              	cyfitter_cfg:
 644              	.LFB8:
 358:Generated_Source\PSoC5/cyfitter_cfg.c **** 
 359:Generated_Source\PSoC5/cyfitter_cfg.c **** 
 360:Generated_Source\PSoC5/cyfitter_cfg.c **** #define CY_AMUX_UNUSED CYREG_BOOST_SR
 361:Generated_Source\PSoC5/cyfitter_cfg.c **** 
 362:Generated_Source\PSoC5/cyfitter_cfg.c **** 
 363:Generated_Source\PSoC5/cyfitter_cfg.c **** /*******************************************************************************
 364:Generated_Source\PSoC5/cyfitter_cfg.c **** * Function Name: cyfitter_cfg
 365:Generated_Source\PSoC5/cyfitter_cfg.c **** ********************************************************************************
 366:Generated_Source\PSoC5/cyfitter_cfg.c **** * Summary:
 367:Generated_Source\PSoC5/cyfitter_cfg.c **** *  This function is called by the start-up code for the selected device. It
 368:Generated_Source\PSoC5/cyfitter_cfg.c **** *  performs all of the necessary device configuration based on the design
 369:Generated_Source\PSoC5/cyfitter_cfg.c **** *  settings.  This includes settings from the Design Wide Resources (DWR) such
 370:Generated_Source\PSoC5/cyfitter_cfg.c **** *  as Clocks and Pins as well as any component configuration that is necessary.
 371:Generated_Source\PSoC5/cyfitter_cfg.c **** *
 372:Generated_Source\PSoC5/cyfitter_cfg.c **** * Parameters:
 373:Generated_Source\PSoC5/cyfitter_cfg.c **** *   void
 374:Generated_Source\PSoC5/cyfitter_cfg.c **** *
 375:Generated_Source\PSoC5/cyfitter_cfg.c **** * Return:
 376:Generated_Source\PSoC5/cyfitter_cfg.c **** *   void
ARM GAS  C:\Users\UCA-MA~1\AppData\Local\Temp\ccLux46E.s 			page 19


 377:Generated_Source\PSoC5/cyfitter_cfg.c **** *
 378:Generated_Source\PSoC5/cyfitter_cfg.c **** *******************************************************************************/
 379:Generated_Source\PSoC5/cyfitter_cfg.c **** 
 380:Generated_Source\PSoC5/cyfitter_cfg.c **** void cyfitter_cfg(void)
 381:Generated_Source\PSoC5/cyfitter_cfg.c **** {
 645              		.loc 1 381 0
 646              		.cfi_startproc
 647              		@ args = 0, pretend = 0, frame = 24
 648              		@ frame_needed = 1, uses_anonymous_args = 0
 649 0000 80B5     		push	{r7, lr}
 650              		.cfi_def_cfa_offset 8
 651              		.cfi_offset 7, -8
 652              		.cfi_offset 14, -4
 653 0002 86B0     		sub	sp, sp, #24
 654              		.cfi_def_cfa_offset 32
 655 0004 00AF     		add	r7, sp, #0
 656              		.cfi_def_cfa_register 7
 382:Generated_Source\PSoC5/cyfitter_cfg.c **** #ifdef CYGlobalIntDisable
 383:Generated_Source\PSoC5/cyfitter_cfg.c **** 	/* Disable interrupts by default. Let user enable if/when they want. */
 384:Generated_Source\PSoC5/cyfitter_cfg.c **** 	CYGlobalIntDisable
 657              		.loc 1 384 0
 658              		.syntax unified
 659              	@ 384 "Generated_Source\PSoC5\cyfitter_cfg.c" 1
 660 0006 72B6     		CPSID   i
 661              	@ 0 "" 2
 385:Generated_Source\PSoC5/cyfitter_cfg.c **** #endif
 386:Generated_Source\PSoC5/cyfitter_cfg.c **** 
 387:Generated_Source\PSoC5/cyfitter_cfg.c **** 	/* Enable/Disable Debug functionality based on settings from System DWR */
 388:Generated_Source\PSoC5/cyfitter_cfg.c **** 	CY_SET_XTND_REG8((void CYFAR *)CYREG_MLOGIC_DEBUG, (CY_GET_XTND_REG8((void CYFAR *)CYREG_MLOGIC_DE
 662              		.loc 1 388 0
 663              		.thumb
 664              		.syntax unified
 665 0008 544A     		ldr	r2, .L31
 666 000a 544B     		ldr	r3, .L31
 667 000c 1B78     		ldrb	r3, [r3]
 668 000e DBB2     		uxtb	r3, r3
 669 0010 43F00403 		orr	r3, r3, #4
 670 0014 DBB2     		uxtb	r3, r3
 671 0016 1370     		strb	r3, [r2]
 672              	.LBB3:
 389:Generated_Source\PSoC5/cyfitter_cfg.c **** 
 390:Generated_Source\PSoC5/cyfitter_cfg.c **** 	{
 391:Generated_Source\PSoC5/cyfitter_cfg.c **** 
 392:Generated_Source\PSoC5/cyfitter_cfg.c **** 		CYPACKED typedef struct {
 393:Generated_Source\PSoC5/cyfitter_cfg.c **** 			void CYFAR *address;
 394:Generated_Source\PSoC5/cyfitter_cfg.c **** 			uint16 size;
 395:Generated_Source\PSoC5/cyfitter_cfg.c **** 		} CYPACKED_ATTR cfg_memset_t;
 396:Generated_Source\PSoC5/cyfitter_cfg.c **** 
 397:Generated_Source\PSoC5/cyfitter_cfg.c **** 
 398:Generated_Source\PSoC5/cyfitter_cfg.c **** 		CYPACKED typedef struct {
 399:Generated_Source\PSoC5/cyfitter_cfg.c **** 			void CYFAR *dest;
 400:Generated_Source\PSoC5/cyfitter_cfg.c **** 			const void CYFAR *src;
 401:Generated_Source\PSoC5/cyfitter_cfg.c **** 			uint16 size;
 402:Generated_Source\PSoC5/cyfitter_cfg.c **** 		} CYPACKED_ATTR cfg_memcpy_t;
 403:Generated_Source\PSoC5/cyfitter_cfg.c **** 
 404:Generated_Source\PSoC5/cyfitter_cfg.c **** 		static const cfg_memset_t CYCODE cfg_memset_list[] = {
 405:Generated_Source\PSoC5/cyfitter_cfg.c **** 			/* address, size */
ARM GAS  C:\Users\UCA-MA~1\AppData\Local\Temp\ccLux46E.s 			page 20


 406:Generated_Source\PSoC5/cyfitter_cfg.c **** 			{(void CYFAR *)(CYREG_TMR0_CFG0), 12u},
 407:Generated_Source\PSoC5/cyfitter_cfg.c **** 			{(void CYFAR *)(CYREG_PRT4_DR), 48u},
 408:Generated_Source\PSoC5/cyfitter_cfg.c **** 			{(void CYFAR *)(CYREG_PRT15_DR), 16u},
 409:Generated_Source\PSoC5/cyfitter_cfg.c **** 			{(void CYFAR *)(CYDEV_UCFG_B0_P0_U0_BASE), 4096u},
 410:Generated_Source\PSoC5/cyfitter_cfg.c **** 			{(void CYFAR *)(CYDEV_UCFG_B1_P2_U0_BASE), 2048u},
 411:Generated_Source\PSoC5/cyfitter_cfg.c **** 			{(void CYFAR *)(CYDEV_UCFG_DSI0_BASE), 2560u},
 412:Generated_Source\PSoC5/cyfitter_cfg.c **** 			{(void CYFAR *)(CYDEV_UCFG_DSI12_BASE), 512u},
 413:Generated_Source\PSoC5/cyfitter_cfg.c **** 			{(void CYFAR *)(CYREG_BCTL0_MDCLK_EN), 32u},
 414:Generated_Source\PSoC5/cyfitter_cfg.c **** 		};
 415:Generated_Source\PSoC5/cyfitter_cfg.c **** 
 416:Generated_Source\PSoC5/cyfitter_cfg.c **** 		static const cfg_memcpy_t CYCODE cfg_memcpy_list [] = {
 417:Generated_Source\PSoC5/cyfitter_cfg.c **** 			/* dest, src, size */
 418:Generated_Source\PSoC5/cyfitter_cfg.c **** 			{(void CYFAR *)(CYDEV_PRTDSI_PRT12_BASE), BS_IOPORT_7_VAL, 6u},
 419:Generated_Source\PSoC5/cyfitter_cfg.c **** 		};
 420:Generated_Source\PSoC5/cyfitter_cfg.c **** 
 421:Generated_Source\PSoC5/cyfitter_cfg.c **** 		uint8 CYDATA i;
 422:Generated_Source\PSoC5/cyfitter_cfg.c **** 
 423:Generated_Source\PSoC5/cyfitter_cfg.c **** 		/* Zero out critical memory blocks before beginning configuration */
 424:Generated_Source\PSoC5/cyfitter_cfg.c **** 		for (i = 0u; i < (sizeof(cfg_memset_list)/sizeof(cfg_memset_list[0])); i++)
 673              		.loc 1 424 0
 674 0018 0023     		movs	r3, #0
 675 001a FB75     		strb	r3, [r7, #23]
 676 001c 13E0     		b	.L27
 677              	.L28:
 678              	.LBB4:
 425:Generated_Source\PSoC5/cyfitter_cfg.c **** 		{
 426:Generated_Source\PSoC5/cyfitter_cfg.c **** 			const cfg_memset_t CYCODE * CYDATA ms = &cfg_memset_list[i];
 679              		.loc 1 426 0 discriminator 3
 680 001e FA7D     		ldrb	r2, [r7, #23]	@ zero_extendqisi2
 681 0020 1346     		mov	r3, r2
 682 0022 5B00     		lsls	r3, r3, #1
 683 0024 1344     		add	r3, r3, r2
 684 0026 5B00     		lsls	r3, r3, #1
 685 0028 4D4A     		ldr	r2, .L31+4
 686 002a 1344     		add	r3, r3, r2
 687 002c 3B61     		str	r3, [r7, #16]
 427:Generated_Source\PSoC5/cyfitter_cfg.c **** 			CYMEMZERO(ms->address, (size_t)(uint32)(ms->size));
 688              		.loc 1 427 0 discriminator 3
 689 002e 3B69     		ldr	r3, [r7, #16]
 690 0030 1A68     		ldr	r2, [r3]	@ unaligned
 691 0032 3B69     		ldr	r3, [r7, #16]
 692 0034 9B88     		ldrh	r3, [r3, #4]	@ unaligned
 693 0036 9BB2     		uxth	r3, r3
 694 0038 1946     		mov	r1, r3
 695 003a 1046     		mov	r0, r2
 696 003c FFF7FEFF 		bl	CYMEMZERO
 697              	.LBE4:
 424:Generated_Source\PSoC5/cyfitter_cfg.c **** 		{
 698              		.loc 1 424 0 discriminator 3
 699 0040 FB7D     		ldrb	r3, [r7, #23]	@ zero_extendqisi2
 700 0042 0133     		adds	r3, r3, #1
 701 0044 FB75     		strb	r3, [r7, #23]
 702              	.L27:
 424:Generated_Source\PSoC5/cyfitter_cfg.c **** 		{
 703              		.loc 1 424 0 is_stmt 0 discriminator 1
 704 0046 FB7D     		ldrb	r3, [r7, #23]	@ zero_extendqisi2
 705 0048 072B     		cmp	r3, #7
ARM GAS  C:\Users\UCA-MA~1\AppData\Local\Temp\ccLux46E.s 			page 21


 706 004a E8D9     		bls	.L28
 428:Generated_Source\PSoC5/cyfitter_cfg.c **** 		}
 429:Generated_Source\PSoC5/cyfitter_cfg.c **** 
 430:Generated_Source\PSoC5/cyfitter_cfg.c **** 		/* Copy device configuration data into registers */
 431:Generated_Source\PSoC5/cyfitter_cfg.c **** 		for (i = 0u; i < (sizeof(cfg_memcpy_list)/sizeof(cfg_memcpy_list[0])); i++)
 707              		.loc 1 431 0 is_stmt 1
 708 004c 0023     		movs	r3, #0
 709 004e FB75     		strb	r3, [r7, #23]
 710 0050 1CE0     		b	.L29
 711              	.L30:
 712              	.LBB5:
 432:Generated_Source\PSoC5/cyfitter_cfg.c **** 		{
 433:Generated_Source\PSoC5/cyfitter_cfg.c **** 			const cfg_memcpy_t CYCODE * CYDATA mc = &cfg_memcpy_list[i];
 713              		.loc 1 433 0 discriminator 3
 714 0052 FA7D     		ldrb	r2, [r7, #23]	@ zero_extendqisi2
 715 0054 1346     		mov	r3, r2
 716 0056 9B00     		lsls	r3, r3, #2
 717 0058 1344     		add	r3, r3, r2
 718 005a 5B00     		lsls	r3, r3, #1
 719 005c 414A     		ldr	r2, .L31+8
 720 005e 1344     		add	r3, r3, r2
 721 0060 FB60     		str	r3, [r7, #12]
 434:Generated_Source\PSoC5/cyfitter_cfg.c **** 			void * CYDATA destPtr = mc->dest;
 722              		.loc 1 434 0 discriminator 3
 723 0062 FB68     		ldr	r3, [r7, #12]
 724 0064 1B68     		ldr	r3, [r3]	@ unaligned
 725 0066 BB60     		str	r3, [r7, #8]
 435:Generated_Source\PSoC5/cyfitter_cfg.c **** 			const void * CYDATA srcPtr = mc->src;
 726              		.loc 1 435 0 discriminator 3
 727 0068 FB68     		ldr	r3, [r7, #12]
 728 006a 5B68     		ldr	r3, [r3, #4]	@ unaligned
 729 006c 7B60     		str	r3, [r7, #4]
 436:Generated_Source\PSoC5/cyfitter_cfg.c **** 			uint16 CYDATA numBytes = mc->size;
 730              		.loc 1 436 0 discriminator 3
 731 006e FB68     		ldr	r3, [r7, #12]
 732 0070 1A7A     		ldrb	r2, [r3, #8]	@ zero_extendqisi2
 733 0072 5B7A     		ldrb	r3, [r3, #9]	@ zero_extendqisi2
 734 0074 1B02     		lsls	r3, r3, #8
 735 0076 1343     		orrs	r3, r3, r2
 736 0078 7B80     		strh	r3, [r7, #2]	@ movhi
 437:Generated_Source\PSoC5/cyfitter_cfg.c **** 			CYCONFIGCPY(destPtr, srcPtr, numBytes);
 737              		.loc 1 437 0 discriminator 3
 738 007a 7B88     		ldrh	r3, [r7, #2]
 739 007c 1A46     		mov	r2, r3
 740 007e 7968     		ldr	r1, [r7, #4]
 741 0080 B868     		ldr	r0, [r7, #8]
 742 0082 FFF7FEFF 		bl	CYCONFIGCPY
 743              	.LBE5:
 431:Generated_Source\PSoC5/cyfitter_cfg.c **** 		{
 744              		.loc 1 431 0 discriminator 3
 745 0086 FB7D     		ldrb	r3, [r7, #23]	@ zero_extendqisi2
 746 0088 0133     		adds	r3, r3, #1
 747 008a FB75     		strb	r3, [r7, #23]
 748              	.L29:
 431:Generated_Source\PSoC5/cyfitter_cfg.c **** 		{
 749              		.loc 1 431 0 is_stmt 0 discriminator 1
 750 008c FB7D     		ldrb	r3, [r7, #23]	@ zero_extendqisi2
ARM GAS  C:\Users\UCA-MA~1\AppData\Local\Temp\ccLux46E.s 			page 22


 751 008e 002B     		cmp	r3, #0
 752 0090 DFD0     		beq	.L30
 438:Generated_Source\PSoC5/cyfitter_cfg.c **** 		}
 439:Generated_Source\PSoC5/cyfitter_cfg.c **** 
 440:Generated_Source\PSoC5/cyfitter_cfg.c **** 		cfg_write_bytes32(cy_cfg_addr_table, cy_cfg_data_table);
 753              		.loc 1 440 0 is_stmt 1
 754 0092 3549     		ldr	r1, .L31+12
 755 0094 4FF09040 		mov	r0, #1207959552
 756 0098 FFF7FEFF 		bl	cfg_write_bytes32
 441:Generated_Source\PSoC5/cyfitter_cfg.c **** 
 442:Generated_Source\PSoC5/cyfitter_cfg.c **** 		/* Perform normal device configuration. Order is not critical for these items. */
 443:Generated_Source\PSoC5/cyfitter_cfg.c **** 		CYMEMZERO((void CYFAR *)(CYREG_PHUB_CFGMEM0_CFG0), 4u);
 757              		.loc 1 443 0
 758 009c 0421     		movs	r1, #4
 759 009e 3348     		ldr	r0, .L31+16
 760 00a0 FFF7FEFF 		bl	CYMEMZERO
 444:Generated_Source\PSoC5/cyfitter_cfg.c **** 		CYCONFIGCPY((void CYFAR *)(CYREG_PHUB_CFGMEM1_CFG0), (const void CYFAR *)(BS_PHUB_CFGMEM1_VAL), 4
 761              		.loc 1 444 0
 762 00a4 0422     		movs	r2, #4
 763 00a6 3249     		ldr	r1, .L31+20
 764 00a8 3248     		ldr	r0, .L31+24
 765 00aa FFF7FEFF 		bl	CYCONFIGCPY
 445:Generated_Source\PSoC5/cyfitter_cfg.c **** 
 446:Generated_Source\PSoC5/cyfitter_cfg.c **** 		/* Enable digital routing */
 447:Generated_Source\PSoC5/cyfitter_cfg.c **** 		CY_SET_XTND_REG8((void CYFAR *)CYREG_BCTL0_BANK_CTL, CY_GET_XTND_REG8((void CYFAR *)CYREG_BCTL0_B
 766              		.loc 1 447 0
 767 00ae 324A     		ldr	r2, .L31+28
 768 00b0 314B     		ldr	r3, .L31+28
 769 00b2 1B78     		ldrb	r3, [r3]
 770 00b4 DBB2     		uxtb	r3, r3
 771 00b6 43F00203 		orr	r3, r3, #2
 772 00ba DBB2     		uxtb	r3, r3
 773 00bc 1370     		strb	r3, [r2]
 448:Generated_Source\PSoC5/cyfitter_cfg.c **** 		CY_SET_XTND_REG8((void CYFAR *)CYREG_BCTL1_BANK_CTL, CY_GET_XTND_REG8((void CYFAR *)CYREG_BCTL1_B
 774              		.loc 1 448 0
 775 00be 2F4A     		ldr	r2, .L31+32
 776 00c0 2E4B     		ldr	r3, .L31+32
 777 00c2 1B78     		ldrb	r3, [r3]
 778 00c4 DBB2     		uxtb	r3, r3
 779 00c6 43F00203 		orr	r3, r3, #2
 780 00ca DBB2     		uxtb	r3, r3
 781 00cc 1370     		strb	r3, [r2]
 449:Generated_Source\PSoC5/cyfitter_cfg.c **** 
 450:Generated_Source\PSoC5/cyfitter_cfg.c **** 		/* Enable UDB array */
 451:Generated_Source\PSoC5/cyfitter_cfg.c **** 		CY_SET_XTND_REG8((void CYFAR *)CYREG_PM_ACT_CFG0, CY_GET_XTND_REG8((void CYFAR *)CYREG_PM_ACT_CFG
 782              		.loc 1 451 0
 783 00ce 2C4A     		ldr	r2, .L31+36
 784 00d0 2B4B     		ldr	r3, .L31+36
 785 00d2 1B78     		ldrb	r3, [r3]
 786 00d4 DBB2     		uxtb	r3, r3
 787 00d6 43F04003 		orr	r3, r3, #64
 788 00da DBB2     		uxtb	r3, r3
 789 00dc 1370     		strb	r3, [r2]
 452:Generated_Source\PSoC5/cyfitter_cfg.c **** 		CY_SET_XTND_REG8((void CYFAR *)CYREG_PM_AVAIL_CR2, CY_GET_XTND_REG8((void CYFAR *)CYREG_PM_AVAIL_
 790              		.loc 1 452 0
 791 00de 294A     		ldr	r2, .L31+40
 792 00e0 284B     		ldr	r3, .L31+40
ARM GAS  C:\Users\UCA-MA~1\AppData\Local\Temp\ccLux46E.s 			page 23


 793 00e2 1B78     		ldrb	r3, [r3]
 794 00e4 DBB2     		uxtb	r3, r3
 795 00e6 43F01003 		orr	r3, r3, #16
 796 00ea DBB2     		uxtb	r3, r3
 797 00ec 1370     		strb	r3, [r2]
 798              	.LBE3:
 453:Generated_Source\PSoC5/cyfitter_cfg.c **** 	}
 454:Generated_Source\PSoC5/cyfitter_cfg.c **** 
 455:Generated_Source\PSoC5/cyfitter_cfg.c **** 
 456:Generated_Source\PSoC5/cyfitter_cfg.c **** 	/* Perform second pass device configuration. These items must be configured in specific order afte
 457:Generated_Source\PSoC5/cyfitter_cfg.c **** 	CYCONFIGCPY((void CYFAR *)(CYREG_PRT0_DM0), (const void CYFAR *)(BS_IOPINS0_0_VAL), 8u);
 799              		.loc 1 457 0
 800 00ee 0822     		movs	r2, #8
 801 00f0 2549     		ldr	r1, .L31+44
 802 00f2 2648     		ldr	r0, .L31+48
 803 00f4 FFF7FEFF 		bl	CYCONFIGCPY
 458:Generated_Source\PSoC5/cyfitter_cfg.c **** 	CYCONFIGCPY((void CYFAR *)(CYREG_PRT12_DR), (const void CYFAR *)(BS_IOPINS0_7_VAL), 10u);
 804              		.loc 1 458 0
 805 00f8 0A22     		movs	r2, #10
 806 00fa 2549     		ldr	r1, .L31+52
 807 00fc 2548     		ldr	r0, .L31+56
 808 00fe FFF7FEFF 		bl	CYCONFIGCPY
 459:Generated_Source\PSoC5/cyfitter_cfg.c **** 	CYCONFIGCPY((void CYFAR *)(CYREG_PRT1_DM0), (const void CYFAR *)(BS_IOPINS0_1_VAL), 8u);
 809              		.loc 1 459 0
 810 0102 0822     		movs	r2, #8
 811 0104 2449     		ldr	r1, .L31+60
 812 0106 2548     		ldr	r0, .L31+64
 813 0108 FFF7FEFF 		bl	CYCONFIGCPY
 460:Generated_Source\PSoC5/cyfitter_cfg.c **** 	CYCONFIGCPY((void CYFAR *)(CYREG_PRT2_DM0), (const void CYFAR *)(BS_IOPINS0_2_VAL), 8u);
 814              		.loc 1 460 0
 815 010c 0822     		movs	r2, #8
 816 010e 2449     		ldr	r1, .L31+68
 817 0110 2448     		ldr	r0, .L31+72
 818 0112 FFF7FEFF 		bl	CYCONFIGCPY
 461:Generated_Source\PSoC5/cyfitter_cfg.c **** 	CYCONFIGCPY((void CYFAR *)(CYREG_PRT3_DM0), (const void CYFAR *)(BS_IOPINS0_3_VAL), 8u);
 819              		.loc 1 461 0
 820 0116 0822     		movs	r2, #8
 821 0118 2349     		ldr	r1, .L31+76
 822 011a 2448     		ldr	r0, .L31+80
 823 011c FFF7FEFF 		bl	CYCONFIGCPY
 462:Generated_Source\PSoC5/cyfitter_cfg.c **** 	/* Switch Boost to the precision bandgap reference from its internal reference */
 463:Generated_Source\PSoC5/cyfitter_cfg.c **** 	CY_SET_REG8((void CYXDATA *)CYREG_BOOST_CR2, (CY_GET_REG8((void CYXDATA *)CYREG_BOOST_CR2) | 0x08u
 824              		.loc 1 463 0
 825 0120 234A     		ldr	r2, .L31+84
 826 0122 234B     		ldr	r3, .L31+84
 827 0124 1B78     		ldrb	r3, [r3]
 828 0126 DBB2     		uxtb	r3, r3
 829 0128 43F00803 		orr	r3, r3, #8
 830 012c DBB2     		uxtb	r3, r3
 831 012e 1370     		strb	r3, [r2]
 464:Generated_Source\PSoC5/cyfitter_cfg.c **** 
 465:Generated_Source\PSoC5/cyfitter_cfg.c **** 	/* Set Flash Cycles based on max possible frequency in case a glitch occurs during ClockSetup(). *
 466:Generated_Source\PSoC5/cyfitter_cfg.c **** 	CY_SET_XTND_REG8((void CYFAR *)(CYREG_CACHE_CC_CTL), (((CYDEV_INSTRUCT_CACHE_ENABLED) != 0) ? 0x61
 832              		.loc 1 466 0
 833 0130 204B     		ldr	r3, .L31+88
 834 0132 6122     		movs	r2, #97
 835 0134 1A70     		strb	r2, [r3]
ARM GAS  C:\Users\UCA-MA~1\AppData\Local\Temp\ccLux46E.s 			page 24


 467:Generated_Source\PSoC5/cyfitter_cfg.c **** 	/* Setup clocks based on selections from Clock DWR */
 468:Generated_Source\PSoC5/cyfitter_cfg.c **** 	ClockSetup();
 836              		.loc 1 468 0
 837 0136 FFF7FEFF 		bl	ClockSetup
 469:Generated_Source\PSoC5/cyfitter_cfg.c **** 	/* Set Flash Cycles based on newly configured 24.00MHz Bus Clock. */
 470:Generated_Source\PSoC5/cyfitter_cfg.c **** 	CY_SET_XTND_REG8((void CYFAR *)(CYREG_CACHE_CC_CTL), (((CYDEV_INSTRUCT_CACHE_ENABLED) != 0) ? 0x81
 838              		.loc 1 470 0
 839 013a 1E4B     		ldr	r3, .L31+88
 840 013c 8122     		movs	r2, #129
 841 013e 1A70     		strb	r2, [r3]
 471:Generated_Source\PSoC5/cyfitter_cfg.c **** 	CY_SET_XTND_REG8((void CYFAR *)(CYREG_PANTHER_WAITPIPE), 0x01u);
 842              		.loc 1 471 0
 843 0140 1D4B     		ldr	r3, .L31+92
 844 0142 0122     		movs	r2, #1
 845 0144 1A70     		strb	r2, [r3]
 472:Generated_Source\PSoC5/cyfitter_cfg.c **** 
 473:Generated_Source\PSoC5/cyfitter_cfg.c **** 	/* Perform basic analog initialization to defaults */
 474:Generated_Source\PSoC5/cyfitter_cfg.c **** 	AnalogSetDefault();
 846              		.loc 1 474 0
 847 0146 FFF7FEFF 		bl	AnalogSetDefault
 475:Generated_Source\PSoC5/cyfitter_cfg.c **** 
 476:Generated_Source\PSoC5/cyfitter_cfg.c **** 	/* Configure alternate active mode */
 477:Generated_Source\PSoC5/cyfitter_cfg.c **** 	CYCONFIGCPY((void CYFAR *)CYDEV_PM_STBY_BASE, (const void CYFAR *)CYDEV_PM_ACT_BASE, 14u);
 848              		.loc 1 477 0
 849 014a 0E22     		movs	r2, #14
 850 014c 0C49     		ldr	r1, .L31+36
 851 014e 1B48     		ldr	r0, .L31+96
 852 0150 FFF7FEFF 		bl	CYCONFIGCPY
 478:Generated_Source\PSoC5/cyfitter_cfg.c **** }
 853              		.loc 1 478 0
 854 0154 00BF     		nop
 855 0156 1837     		adds	r7, r7, #24
 856              		.cfi_def_cfa_offset 8
 857 0158 BD46     		mov	sp, r7
 858              		.cfi_def_cfa_register 13
 859              		@ sp needed
 860 015a 80BD     		pop	{r7, pc}
 861              	.L32:
 862              		.align	2
 863              	.L31:
 864 015c E8460040 		.word	1073759976
 865 0160 00000000 		.word	cfg_memset_list.5020
 866 0164 30000000 		.word	cfg_memcpy_list.5021
 867 0168 9C000048 		.word	1207959708
 868 016c 00760040 		.word	1073772032
 869 0170 740C0048 		.word	1207962740
 870 0174 08760040 		.word	1073772040
 871 0178 03500140 		.word	1073827843
 872 017c 13500140 		.word	1073827859
 873 0180 A0430040 		.word	1073759136
 874 0184 C2430040 		.word	1073759170
 875 0188 480C0048 		.word	1207962696
 876 018c 02510040 		.word	1073762562
 877 0190 500C0048 		.word	1207962704
 878 0194 C0510040 		.word	1073762752
 879 0198 5C0C0048 		.word	1207962716
 880 019c 12510040 		.word	1073762578
ARM GAS  C:\Users\UCA-MA~1\AppData\Local\Temp\ccLux46E.s 			page 25


 881 01a0 640C0048 		.word	1207962724
 882 01a4 22510040 		.word	1073762594
 883 01a8 6C0C0048 		.word	1207962732
 884 01ac 32510040 		.word	1073762610
 885 01b0 22430040 		.word	1073759010
 886 01b4 00480040 		.word	1073760256
 887 01b8 04000840 		.word	1074266116
 888 01bc B0430040 		.word	1073759152
 889              		.cfi_endproc
 890              	.LFE8:
 891              		.size	cyfitter_cfg, .-cyfitter_cfg
 892              		.section	.rodata
 893              		.align	2
 894              		.type	cfg_memset_list.5020, %object
 895              		.size	cfg_memset_list.5020, 48
 896              	cfg_memset_list.5020:
 897 0000 004F0040 		.word	1073762048
 898 0004 0C00     		.short	12
 899 0006 40510040 		.4byte	1073762624
 900 000a 3000     		.short	48
 901 000c F0510040 		.word	1073762800
 902 0010 1000     		.short	16
 903 0012 00000140 		.4byte	1073807360
 904 0016 0010     		.short	4096
 905 0018 00140140 		.word	1073812480
 906 001c 0008     		.short	2048
 907 001e 00400140 		.4byte	1073823744
 908 0022 000A     		.short	2560
 909 0024 004C0140 		.word	1073826816
 910 0028 0002     		.short	512
 911 002a 00500140 		.4byte	1073827840
 912 002e 2000     		.short	32
 913              		.align	2
 914              		.type	cfg_memcpy_list.5021, %object
 915              		.size	cfg_memcpy_list.5021, 10
 916              	cfg_memcpy_list.5021:
 917 0030 60520040 		.word	1073762912
 918 0034 400C0048 		.word	1207962688
 919 0038 0600     		.short	6
 920              		.text
 921              	.Letext0:
 922              		.file 2 "c:\\program files (x86)\\cypress\\psoc creator\\4.4\\psoc creator\\import\\gnu\\arm\\5.4.
 923              		.file 3 "Generated_Source\\PSoC5\\cytypes.h"
 924              		.section	.debug_info,"",%progbits
 925              	.Ldebug_info0:
 926 0000 6C040000 		.4byte	0x46c
 927 0004 0400     		.2byte	0x4
 928 0006 00000000 		.4byte	.Ldebug_abbrev0
 929 000a 04       		.byte	0x4
 930 000b 01       		.uleb128 0x1
 931 000c 2B000000 		.4byte	.LASF50
 932 0010 0C       		.byte	0xc
 933 0011 F2020000 		.4byte	.LASF51
 934 0015 CF010000 		.4byte	.LASF52
 935 0019 00000000 		.4byte	.Ldebug_ranges0+0
 936 001d 00000000 		.4byte	0
 937 0021 00000000 		.4byte	.Ldebug_line0
ARM GAS  C:\Users\UCA-MA~1\AppData\Local\Temp\ccLux46E.s 			page 26


 938 0025 02       		.uleb128 0x2
 939 0026 04       		.byte	0x4
 940 0027 05       		.byte	0x5
 941 0028 696E7400 		.ascii	"int\000"
 942 002c 03       		.uleb128 0x3
 943 002d 10000000 		.4byte	.LASF12
 944 0031 02       		.byte	0x2
 945 0032 D8       		.byte	0xd8
 946 0033 37000000 		.4byte	0x37
 947 0037 04       		.uleb128 0x4
 948 0038 04       		.byte	0x4
 949 0039 07       		.byte	0x7
 950 003a 68010000 		.4byte	.LASF0
 951 003e 04       		.uleb128 0x4
 952 003f 08       		.byte	0x8
 953 0040 05       		.byte	0x5
 954 0041 F7000000 		.4byte	.LASF1
 955 0045 04       		.uleb128 0x4
 956 0046 08       		.byte	0x8
 957 0047 04       		.byte	0x4
 958 0048 2F020000 		.4byte	.LASF2
 959 004c 04       		.uleb128 0x4
 960 004d 01       		.byte	0x1
 961 004e 06       		.byte	0x6
 962 004f 05010000 		.4byte	.LASF3
 963 0053 04       		.uleb128 0x4
 964 0054 01       		.byte	0x1
 965 0055 08       		.byte	0x8
 966 0056 82020000 		.4byte	.LASF4
 967 005a 04       		.uleb128 0x4
 968 005b 02       		.byte	0x2
 969 005c 05       		.byte	0x5
 970 005d 90020000 		.4byte	.LASF5
 971 0061 04       		.uleb128 0x4
 972 0062 02       		.byte	0x2
 973 0063 07       		.byte	0x7
 974 0064 BC010000 		.4byte	.LASF6
 975 0068 04       		.uleb128 0x4
 976 0069 04       		.byte	0x4
 977 006a 05       		.byte	0x5
 978 006b 30010000 		.4byte	.LASF7
 979 006f 04       		.uleb128 0x4
 980 0070 04       		.byte	0x4
 981 0071 07       		.byte	0x7
 982 0072 7E010000 		.4byte	.LASF8
 983 0076 04       		.uleb128 0x4
 984 0077 08       		.byte	0x8
 985 0078 07       		.byte	0x7
 986 0079 C4000000 		.4byte	.LASF9
 987 007d 04       		.uleb128 0x4
 988 007e 04       		.byte	0x4
 989 007f 07       		.byte	0x7
 990 0080 26020000 		.4byte	.LASF10
 991 0084 05       		.uleb128 0x5
 992 0085 04       		.byte	0x4
 993 0086 04       		.uleb128 0x4
 994 0087 01       		.byte	0x1
ARM GAS  C:\Users\UCA-MA~1\AppData\Local\Temp\ccLux46E.s 			page 27


 995 0088 08       		.byte	0x8
 996 0089 B5020000 		.4byte	.LASF11
 997 008d 06       		.uleb128 0x6
 998 008e 3F010000 		.4byte	.LASF13
 999 0092 03       		.byte	0x3
 1000 0093 E901     		.2byte	0x1e9
 1001 0095 53000000 		.4byte	0x53
 1002 0099 06       		.uleb128 0x6
 1003 009a 00000000 		.4byte	.LASF14
 1004 009e 03       		.byte	0x3
 1005 009f EA01     		.2byte	0x1ea
 1006 00a1 61000000 		.4byte	0x61
 1007 00a5 06       		.uleb128 0x6
 1008 00a6 4C010000 		.4byte	.LASF15
 1009 00aa 03       		.byte	0x3
 1010 00ab EB01     		.2byte	0x1eb
 1011 00ad 6F000000 		.4byte	0x6f
 1012 00b1 04       		.uleb128 0x4
 1013 00b2 04       		.byte	0x4
 1014 00b3 04       		.byte	0x4
 1015 00b4 6F020000 		.4byte	.LASF16
 1016 00b8 04       		.uleb128 0x4
 1017 00b9 08       		.byte	0x8
 1018 00ba 04       		.byte	0x4
 1019 00bb 45010000 		.4byte	.LASF17
 1020 00bf 06       		.uleb128 0x6
 1021 00c0 7D020000 		.4byte	.LASF18
 1022 00c4 03       		.byte	0x3
 1023 00c5 9302     		.2byte	0x293
 1024 00c7 CB000000 		.4byte	0xcb
 1025 00cb 07       		.uleb128 0x7
 1026 00cc 8D000000 		.4byte	0x8d
 1027 00d0 06       		.uleb128 0x6
 1028 00d1 39010000 		.4byte	.LASF19
 1029 00d5 03       		.byte	0x3
 1030 00d6 9402     		.2byte	0x294
 1031 00d8 DC000000 		.4byte	0xdc
 1032 00dc 07       		.uleb128 0x7
 1033 00dd 99000000 		.4byte	0x99
 1034 00e1 08       		.uleb128 0x8
 1035 00e2 02       		.byte	0x2
 1036 00e3 01       		.byte	0x1
 1037 00e4 98       		.byte	0x98
 1038 00e5 02010000 		.4byte	0x102
 1039 00e9 09       		.uleb128 0x9
 1040 00ea D7020000 		.4byte	.LASF20
 1041 00ee 01       		.byte	0x1
 1042 00ef 9A       		.byte	0x9a
 1043 00f0 8D000000 		.4byte	0x8d
 1044 00f4 00       		.byte	0
 1045 00f5 09       		.uleb128 0x9
 1046 00f6 62010000 		.4byte	.LASF21
 1047 00fa 01       		.byte	0x1
 1048 00fb 9B       		.byte	0x9b
 1049 00fc 8D000000 		.4byte	0x8d
 1050 0100 01       		.byte	0x1
 1051 0101 00       		.byte	0
ARM GAS  C:\Users\UCA-MA~1\AppData\Local\Temp\ccLux46E.s 			page 28


 1052 0102 03       		.uleb128 0x3
 1053 0103 A2020000 		.4byte	.LASF22
 1054 0107 01       		.byte	0x1
 1055 0108 9C       		.byte	0x9c
 1056 0109 E1000000 		.4byte	0xe1
 1057 010d 0A       		.uleb128 0xa
 1058 010e 11010000 		.4byte	.LASF23
 1059 0112 01       		.byte	0x1
 1060 0113 4D       		.byte	0x4d
 1061 0114 00000000 		.4byte	.LFB0
 1062 0118 1C000000 		.4byte	.LFE0-.LFB0
 1063 011c 01       		.uleb128 0x1
 1064 011d 9C       		.byte	0x9c
 1065 011e 3B010000 		.4byte	0x13b
 1066 0122 0B       		.uleb128 0xb
 1067 0123 7300     		.ascii	"s\000"
 1068 0125 01       		.byte	0x1
 1069 0126 4D       		.byte	0x4d
 1070 0127 84000000 		.4byte	0x84
 1071 012b 02       		.uleb128 0x2
 1072 012c 91       		.byte	0x91
 1073 012d 74       		.sleb128 -12
 1074 012e 0B       		.uleb128 0xb
 1075 012f 6E00     		.ascii	"n\000"
 1076 0131 01       		.byte	0x1
 1077 0132 4D       		.byte	0x4d
 1078 0133 2C000000 		.4byte	0x2c
 1079 0137 02       		.uleb128 0x2
 1080 0138 91       		.byte	0x91
 1081 0139 70       		.sleb128 -16
 1082 013a 00       		.byte	0
 1083 013b 0A       		.uleb128 0xa
 1084 013c E6020000 		.4byte	.LASF24
 1085 0140 01       		.byte	0x1
 1086 0141 54       		.byte	0x54
 1087 0142 00000000 		.4byte	.LFB1
 1088 0146 1E000000 		.4byte	.LFE1-.LFB1
 1089 014a 01       		.uleb128 0x1
 1090 014b 9C       		.byte	0x9c
 1091 014c 79010000 		.4byte	0x179
 1092 0150 0C       		.uleb128 0xc
 1093 0151 6A020000 		.4byte	.LASF25
 1094 0155 01       		.byte	0x1
 1095 0156 54       		.byte	0x54
 1096 0157 84000000 		.4byte	0x84
 1097 015b 02       		.uleb128 0x2
 1098 015c 91       		.byte	0x91
 1099 015d 74       		.sleb128 -12
 1100 015e 0B       		.uleb128 0xb
 1101 015f 73726300 		.ascii	"src\000"
 1102 0163 01       		.byte	0x1
 1103 0164 54       		.byte	0x54
 1104 0165 79010000 		.4byte	0x179
 1105 0169 02       		.uleb128 0x2
 1106 016a 91       		.byte	0x91
 1107 016b 70       		.sleb128 -16
 1108 016c 0B       		.uleb128 0xb
ARM GAS  C:\Users\UCA-MA~1\AppData\Local\Temp\ccLux46E.s 			page 29


 1109 016d 6E00     		.ascii	"n\000"
 1110 016f 01       		.byte	0x1
 1111 0170 54       		.byte	0x54
 1112 0171 2C000000 		.4byte	0x2c
 1113 0175 02       		.uleb128 0x2
 1114 0176 91       		.byte	0x91
 1115 0177 6C       		.sleb128 -20
 1116 0178 00       		.byte	0
 1117 0179 0D       		.uleb128 0xd
 1118 017a 04       		.byte	0x4
 1119 017b 7F010000 		.4byte	0x17f
 1120 017f 0E       		.uleb128 0xe
 1121 0180 0A       		.uleb128 0xa
 1122 0181 16020000 		.4byte	.LASF26
 1123 0185 01       		.byte	0x1
 1124 0186 5B       		.byte	0x5b
 1125 0187 00000000 		.4byte	.LFB2
 1126 018b 1E000000 		.4byte	.LFE2-.LFB2
 1127 018f 01       		.uleb128 0x1
 1128 0190 9C       		.byte	0x9c
 1129 0191 BE010000 		.4byte	0x1be
 1130 0195 0C       		.uleb128 0xc
 1131 0196 6A020000 		.4byte	.LASF25
 1132 019a 01       		.byte	0x1
 1133 019b 5B       		.byte	0x5b
 1134 019c 84000000 		.4byte	0x84
 1135 01a0 02       		.uleb128 0x2
 1136 01a1 91       		.byte	0x91
 1137 01a2 74       		.sleb128 -12
 1138 01a3 0B       		.uleb128 0xb
 1139 01a4 73726300 		.ascii	"src\000"
 1140 01a8 01       		.byte	0x1
 1141 01a9 5B       		.byte	0x5b
 1142 01aa 79010000 		.4byte	0x179
 1143 01ae 02       		.uleb128 0x2
 1144 01af 91       		.byte	0x91
 1145 01b0 70       		.sleb128 -16
 1146 01b1 0B       		.uleb128 0xb
 1147 01b2 6E00     		.ascii	"n\000"
 1148 01b4 01       		.byte	0x1
 1149 01b5 5B       		.byte	0x5b
 1150 01b6 2C000000 		.4byte	0x2c
 1151 01ba 02       		.uleb128 0x2
 1152 01bb 91       		.byte	0x91
 1153 01bc 6C       		.sleb128 -20
 1154 01bd 00       		.byte	0
 1155 01be 0F       		.uleb128 0xf
 1156 01bf 17000000 		.4byte	.LASF27
 1157 01c3 01       		.byte	0x1
 1158 01c4 7F       		.byte	0x7f
 1159 01c5 00000000 		.4byte	.LFB3
 1160 01c9 0C000000 		.4byte	.LFE3-.LFB3
 1161 01cd 01       		.uleb128 0x1
 1162 01ce 9C       		.byte	0x9c
 1163 01cf E2010000 		.4byte	0x1e2
 1164 01d3 0C       		.uleb128 0xc
 1165 01d4 26010000 		.4byte	.LASF28
ARM GAS  C:\Users\UCA-MA~1\AppData\Local\Temp\ccLux46E.s 			page 30


 1166 01d8 01       		.byte	0x1
 1167 01d9 7F       		.byte	0x7f
 1168 01da 8D000000 		.4byte	0x8d
 1169 01de 02       		.uleb128 0x2
 1170 01df 91       		.byte	0x91
 1171 01e0 77       		.sleb128 -9
 1172 01e1 00       		.byte	0
 1173 01e2 0F       		.uleb128 0xf
 1174 01e3 A5010000 		.4byte	.LASF29
 1175 01e7 01       		.byte	0x1
 1176 01e8 C6       		.byte	0xc6
 1177 01e9 00000000 		.4byte	.LFB4
 1178 01ed 74000000 		.4byte	.LFE4-.LFB4
 1179 01f1 01       		.uleb128 0x1
 1180 01f2 9C       		.byte	0x9c
 1181 01f3 52020000 		.4byte	0x252
 1182 01f7 0C       		.uleb128 0xc
 1183 01f8 DB000000 		.4byte	.LASF30
 1184 01fc 01       		.byte	0x1
 1185 01fd C6       		.byte	0xc6
 1186 01fe 52020000 		.4byte	0x252
 1187 0202 02       		.uleb128 0x2
 1188 0203 91       		.byte	0x91
 1189 0204 64       		.sleb128 -28
 1190 0205 0C       		.uleb128 0xc
 1191 0206 B9000000 		.4byte	.LASF31
 1192 020a 01       		.byte	0x1
 1193 020b C6       		.byte	0xc6
 1194 020c 5D020000 		.4byte	0x25d
 1195 0210 02       		.uleb128 0x2
 1196 0211 91       		.byte	0x91
 1197 0212 60       		.sleb128 -32
 1198 0213 10       		.uleb128 0x10
 1199 0214 6900     		.ascii	"i\000"
 1200 0216 01       		.byte	0x1
 1201 0217 C9       		.byte	0xc9
 1202 0218 A5000000 		.4byte	0xa5
 1203 021c 02       		.uleb128 0x2
 1204 021d 91       		.byte	0x91
 1205 021e 74       		.sleb128 -12
 1206 021f 10       		.uleb128 0x10
 1207 0220 6A00     		.ascii	"j\000"
 1208 0222 01       		.byte	0x1
 1209 0223 C9       		.byte	0xc9
 1210 0224 A5000000 		.4byte	0xa5
 1211 0228 02       		.uleb128 0x2
 1212 0229 91       		.byte	0x91
 1213 022a 70       		.sleb128 -16
 1214 022b 11       		.uleb128 0x11
 1215 022c 14000000 		.4byte	.LBB2
 1216 0230 4A000000 		.4byte	.LBE2-.LBB2
 1217 0234 12       		.uleb128 0x12
 1218 0235 07000000 		.4byte	.LASF32
 1219 0239 01       		.byte	0x1
 1220 023a CC       		.byte	0xcc
 1221 023b A5000000 		.4byte	0xa5
 1222 023f 02       		.uleb128 0x2
ARM GAS  C:\Users\UCA-MA~1\AppData\Local\Temp\ccLux46E.s 			page 31


 1223 0240 91       		.byte	0x91
 1224 0241 68       		.sleb128 -24
 1225 0242 12       		.uleb128 0x12
 1226 0243 53010000 		.4byte	.LASF33
 1227 0247 01       		.byte	0x1
 1228 0248 CD       		.byte	0xcd
 1229 0249 8D000000 		.4byte	0x8d
 1230 024d 02       		.uleb128 0x2
 1231 024e 91       		.byte	0x91
 1232 024f 6F       		.sleb128 -17
 1233 0250 00       		.byte	0
 1234 0251 00       		.byte	0
 1235 0252 0D       		.uleb128 0xd
 1236 0253 04       		.byte	0x4
 1237 0254 58020000 		.4byte	0x258
 1238 0258 13       		.uleb128 0x13
 1239 0259 A5000000 		.4byte	0xa5
 1240 025d 0D       		.uleb128 0xd
 1241 025e 04       		.byte	0x4
 1242 025f 63020000 		.4byte	0x263
 1243 0263 13       		.uleb128 0x13
 1244 0264 02010000 		.4byte	0x102
 1245 0268 0A       		.uleb128 0xa
 1246 0269 1B010000 		.4byte	.LASF34
 1247 026d 01       		.byte	0x1
 1248 026e E9       		.byte	0xe9
 1249 026f 00000000 		.4byte	.LFB5
 1250 0273 54010000 		.4byte	.LFE5-.LFB5
 1251 0277 01       		.uleb128 0x1
 1252 0278 9C       		.byte	0x9c
 1253 0279 9A020000 		.4byte	0x29a
 1254 027d 12       		.uleb128 0x12
 1255 027e 90010000 		.4byte	.LASF35
 1256 0282 01       		.byte	0x1
 1257 0283 EB       		.byte	0xeb
 1258 0284 A5000000 		.4byte	0xa5
 1259 0288 02       		.uleb128 0x2
 1260 0289 91       		.byte	0x91
 1261 028a 74       		.sleb128 -12
 1262 028b 12       		.uleb128 0x12
 1263 028c 9A020000 		.4byte	.LASF36
 1264 0290 01       		.byte	0x1
 1265 0291 EC       		.byte	0xec
 1266 0292 8D000000 		.4byte	0x8d
 1267 0296 02       		.uleb128 0x2
 1268 0297 91       		.byte	0x91
 1269 0298 73       		.sleb128 -13
 1270 0299 00       		.byte	0
 1271 029a 14       		.uleb128 0x14
 1272 029b E6000000 		.4byte	.LASF37
 1273 029f 01       		.byte	0x1
 1274 02a0 3201     		.2byte	0x132
 1275 02a2 00000000 		.4byte	.LFB6
 1276 02a6 B0000000 		.4byte	.LFE6-.LFB6
 1277 02aa 01       		.uleb128 0x1
 1278 02ab 9C       		.byte	0x9c
 1279 02ac DE020000 		.4byte	0x2de
ARM GAS  C:\Users\UCA-MA~1\AppData\Local\Temp\ccLux46E.s 			page 32


 1280 02b0 15       		.uleb128 0x15
 1281 02b1 3B020000 		.4byte	.LASF38
 1282 02b5 01       		.byte	0x1
 1283 02b6 3401     		.2byte	0x134
 1284 02b8 8D000000 		.4byte	0x8d
 1285 02bc 02       		.uleb128 0x2
 1286 02bd 91       		.byte	0x91
 1287 02be 77       		.sleb128 -9
 1288 02bf 16       		.uleb128 0x16
 1289 02c0 63723400 		.ascii	"cr4\000"
 1290 02c4 01       		.byte	0x1
 1291 02c5 3501     		.2byte	0x135
 1292 02c7 8D000000 		.4byte	0x8d
 1293 02cb 02       		.uleb128 0x2
 1294 02cc 91       		.byte	0x91
 1295 02cd 76       		.sleb128 -10
 1296 02ce 16       		.uleb128 0x16
 1297 02cf 63723500 		.ascii	"cr5\000"
 1298 02d3 01       		.byte	0x1
 1299 02d4 3601     		.2byte	0x136
 1300 02d6 8D000000 		.4byte	0x8d
 1301 02da 02       		.uleb128 0x2
 1302 02db 91       		.byte	0x91
 1303 02dc 75       		.sleb128 -11
 1304 02dd 00       		.byte	0
 1305 02de 17       		.uleb128 0x17
 1306 02df C1020000 		.4byte	.LASF53
 1307 02e3 01       		.byte	0x1
 1308 02e4 5901     		.2byte	0x159
 1309 02e6 00000000 		.4byte	.LFB7
 1310 02ea 3C000000 		.4byte	.LFE7-.LFB7
 1311 02ee 01       		.uleb128 0x1
 1312 02ef 9C       		.byte	0x9c
 1313 02f0 13030000 		.4byte	0x313
 1314 02f4 18       		.uleb128 0x18
 1315 02f5 DE020000 		.4byte	.LASF39
 1316 02f9 01       		.byte	0x1
 1317 02fa 5901     		.2byte	0x159
 1318 02fc 8D000000 		.4byte	0x8d
 1319 0300 02       		.uleb128 0x2
 1320 0301 91       		.byte	0x91
 1321 0302 6F       		.sleb128 -17
 1322 0303 15       		.uleb128 0x15
 1323 0304 59010000 		.4byte	.LASF40
 1324 0308 01       		.byte	0x1
 1325 0309 5B01     		.2byte	0x15b
 1326 030b 8D000000 		.4byte	0x8d
 1327 030f 02       		.uleb128 0x2
 1328 0310 91       		.byte	0x91
 1329 0311 77       		.sleb128 -9
 1330 0312 00       		.byte	0
 1331 0313 19       		.uleb128 0x19
 1332 0314 30030000 		.4byte	.LASF54
 1333 0318 01       		.byte	0x1
 1334 0319 7C01     		.2byte	0x17c
 1335 031b 00000000 		.4byte	.LFB8
 1336 031f C0010000 		.4byte	.LFE8-.LFB8
ARM GAS  C:\Users\UCA-MA~1\AppData\Local\Temp\ccLux46E.s 			page 33


 1337 0323 01       		.uleb128 0x1
 1338 0324 9C       		.byte	0x9c
 1339 0325 11       		.uleb128 0x11
 1340 0326 18000000 		.4byte	.LBB3
 1341 032a D6000000 		.4byte	.LBE3-.LBB3
 1342 032e 1A       		.uleb128 0x1a
 1343 032f 06       		.byte	0x6
 1344 0330 01       		.byte	0x1
 1345 0331 8801     		.2byte	0x188
 1346 0333 52030000 		.4byte	0x352
 1347 0337 1B       		.uleb128 0x1b
 1348 0338 18030000 		.4byte	.LASF41
 1349 033c 01       		.byte	0x1
 1350 033d 8901     		.2byte	0x189
 1351 033f 84000000 		.4byte	0x84
 1352 0343 00       		.byte	0
 1353 0344 1B       		.uleb128 0x1b
 1354 0345 B7010000 		.4byte	.LASF42
 1355 0349 01       		.byte	0x1
 1356 034a 8A01     		.2byte	0x18a
 1357 034c 99000000 		.4byte	0x99
 1358 0350 04       		.byte	0x4
 1359 0351 00       		.byte	0
 1360 0352 06       		.uleb128 0x6
 1361 0353 4D020000 		.4byte	.LASF43
 1362 0357 01       		.byte	0x1
 1363 0358 8B01     		.2byte	0x18b
 1364 035a 2E030000 		.4byte	0x32e
 1365 035e 1A       		.uleb128 0x1a
 1366 035f 0A       		.byte	0xa
 1367 0360 01       		.byte	0x1
 1368 0361 8E01     		.2byte	0x18e
 1369 0363 8F030000 		.4byte	0x38f
 1370 0367 1B       		.uleb128 0x1b
 1371 0368 6A020000 		.4byte	.LASF25
 1372 036c 01       		.byte	0x1
 1373 036d 8F01     		.2byte	0x18f
 1374 036f 84000000 		.4byte	0x84
 1375 0373 00       		.byte	0
 1376 0374 1C       		.uleb128 0x1c
 1377 0375 73726300 		.ascii	"src\000"
 1378 0379 01       		.byte	0x1
 1379 037a 9001     		.2byte	0x190
 1380 037c 79010000 		.4byte	0x179
 1381 0380 04       		.byte	0x4
 1382 0381 1B       		.uleb128 0x1b
 1383 0382 B7010000 		.4byte	.LASF42
 1384 0386 01       		.byte	0x1
 1385 0387 9101     		.2byte	0x191
 1386 0389 99000000 		.4byte	0x99
 1387 038d 08       		.byte	0x8
 1388 038e 00       		.byte	0
 1389 038f 06       		.uleb128 0x6
 1390 0390 98010000 		.4byte	.LASF44
 1391 0394 01       		.byte	0x1
 1392 0395 9201     		.2byte	0x192
 1393 0397 5E030000 		.4byte	0x35e
ARM GAS  C:\Users\UCA-MA~1\AppData\Local\Temp\ccLux46E.s 			page 34


 1394 039b 1D       		.uleb128 0x1d
 1395 039c AB030000 		.4byte	0x3ab
 1396 03a0 AB030000 		.4byte	0x3ab
 1397 03a4 1E       		.uleb128 0x1e
 1398 03a5 7D000000 		.4byte	0x7d
 1399 03a9 07       		.byte	0x7
 1400 03aa 00       		.byte	0
 1401 03ab 13       		.uleb128 0x13
 1402 03ac 52030000 		.4byte	0x352
 1403 03b0 15       		.uleb128 0x15
 1404 03b1 5A020000 		.4byte	.LASF45
 1405 03b5 01       		.byte	0x1
 1406 03b6 9401     		.2byte	0x194
 1407 03b8 C2030000 		.4byte	0x3c2
 1408 03bc 05       		.uleb128 0x5
 1409 03bd 03       		.byte	0x3
 1410 03be 00000000 		.4byte	cfg_memset_list.5020
 1411 03c2 13       		.uleb128 0x13
 1412 03c3 9B030000 		.4byte	0x39b
 1413 03c7 1D       		.uleb128 0x1d
 1414 03c8 D7030000 		.4byte	0x3d7
 1415 03cc D7030000 		.4byte	0x3d7
 1416 03d0 1E       		.uleb128 0x1e
 1417 03d1 7D000000 		.4byte	0x7d
 1418 03d5 00       		.byte	0
 1419 03d6 00       		.byte	0
 1420 03d7 13       		.uleb128 0x13
 1421 03d8 8F030000 		.4byte	0x38f
 1422 03dc 15       		.uleb128 0x15
 1423 03dd 20030000 		.4byte	.LASF46
 1424 03e1 01       		.byte	0x1
 1425 03e2 A001     		.2byte	0x1a0
 1426 03e4 EE030000 		.4byte	0x3ee
 1427 03e8 05       		.uleb128 0x5
 1428 03e9 03       		.byte	0x3
 1429 03ea 30000000 		.4byte	cfg_memcpy_list.5021
 1430 03ee 13       		.uleb128 0x13
 1431 03ef C7030000 		.4byte	0x3c7
 1432 03f3 16       		.uleb128 0x16
 1433 03f4 6900     		.ascii	"i\000"
 1434 03f6 01       		.byte	0x1
 1435 03f7 A501     		.2byte	0x1a5
 1436 03f9 8D000000 		.4byte	0x8d
 1437 03fd 02       		.uleb128 0x2
 1438 03fe 91       		.byte	0x91
 1439 03ff 77       		.sleb128 -9
 1440 0400 1F       		.uleb128 0x1f
 1441 0401 1E000000 		.4byte	.LBB4
 1442 0405 22000000 		.4byte	.LBE4-.LBB4
 1443 0409 22040000 		.4byte	0x422
 1444 040d 16       		.uleb128 0x16
 1445 040e 6D7300   		.ascii	"ms\000"
 1446 0411 01       		.byte	0x1
 1447 0412 AA01     		.2byte	0x1aa
 1448 0414 1B040000 		.4byte	0x41b
 1449 0418 02       		.uleb128 0x2
 1450 0419 91       		.byte	0x91
ARM GAS  C:\Users\UCA-MA~1\AppData\Local\Temp\ccLux46E.s 			page 35


 1451 041a 70       		.sleb128 -16
 1452 041b 0D       		.uleb128 0xd
 1453 041c 04       		.byte	0x4
 1454 041d AB030000 		.4byte	0x3ab
 1455 0421 00       		.byte	0
 1456 0422 11       		.uleb128 0x11
 1457 0423 52000000 		.4byte	.LBB5
 1458 0427 34000000 		.4byte	.LBE5-.LBB5
 1459 042b 16       		.uleb128 0x16
 1460 042c 6D6300   		.ascii	"mc\000"
 1461 042f 01       		.byte	0x1
 1462 0430 B101     		.2byte	0x1b1
 1463 0432 39040000 		.4byte	0x439
 1464 0436 02       		.uleb128 0x2
 1465 0437 91       		.byte	0x91
 1466 0438 6C       		.sleb128 -20
 1467 0439 0D       		.uleb128 0xd
 1468 043a 04       		.byte	0x4
 1469 043b D7030000 		.4byte	0x3d7
 1470 043f 15       		.uleb128 0x15
 1471 0440 75020000 		.4byte	.LASF47
 1472 0444 01       		.byte	0x1
 1473 0445 B201     		.2byte	0x1b2
 1474 0447 84000000 		.4byte	0x84
 1475 044b 02       		.uleb128 0x2
 1476 044c 91       		.byte	0x91
 1477 044d 68       		.sleb128 -24
 1478 044e 15       		.uleb128 0x15
 1479 044f BA020000 		.4byte	.LASF48
 1480 0453 01       		.byte	0x1
 1481 0454 B301     		.2byte	0x1b3
 1482 0456 79010000 		.4byte	0x179
 1483 045a 02       		.uleb128 0x2
 1484 045b 91       		.byte	0x91
 1485 045c 64       		.sleb128 -28
 1486 045d 15       		.uleb128 0x15
 1487 045e 75010000 		.4byte	.LASF49
 1488 0462 01       		.byte	0x1
 1489 0463 B401     		.2byte	0x1b4
 1490 0465 99000000 		.4byte	0x99
 1491 0469 02       		.uleb128 0x2
 1492 046a 91       		.byte	0x91
 1493 046b 62       		.sleb128 -30
 1494 046c 00       		.byte	0
 1495 046d 00       		.byte	0
 1496 046e 00       		.byte	0
 1497 046f 00       		.byte	0
 1498              		.section	.debug_abbrev,"",%progbits
 1499              	.Ldebug_abbrev0:
 1500 0000 01       		.uleb128 0x1
 1501 0001 11       		.uleb128 0x11
 1502 0002 01       		.byte	0x1
 1503 0003 25       		.uleb128 0x25
 1504 0004 0E       		.uleb128 0xe
 1505 0005 13       		.uleb128 0x13
 1506 0006 0B       		.uleb128 0xb
 1507 0007 03       		.uleb128 0x3
ARM GAS  C:\Users\UCA-MA~1\AppData\Local\Temp\ccLux46E.s 			page 36


 1508 0008 0E       		.uleb128 0xe
 1509 0009 1B       		.uleb128 0x1b
 1510 000a 0E       		.uleb128 0xe
 1511 000b 55       		.uleb128 0x55
 1512 000c 17       		.uleb128 0x17
 1513 000d 11       		.uleb128 0x11
 1514 000e 01       		.uleb128 0x1
 1515 000f 10       		.uleb128 0x10
 1516 0010 17       		.uleb128 0x17
 1517 0011 00       		.byte	0
 1518 0012 00       		.byte	0
 1519 0013 02       		.uleb128 0x2
 1520 0014 24       		.uleb128 0x24
 1521 0015 00       		.byte	0
 1522 0016 0B       		.uleb128 0xb
 1523 0017 0B       		.uleb128 0xb
 1524 0018 3E       		.uleb128 0x3e
 1525 0019 0B       		.uleb128 0xb
 1526 001a 03       		.uleb128 0x3
 1527 001b 08       		.uleb128 0x8
 1528 001c 00       		.byte	0
 1529 001d 00       		.byte	0
 1530 001e 03       		.uleb128 0x3
 1531 001f 16       		.uleb128 0x16
 1532 0020 00       		.byte	0
 1533 0021 03       		.uleb128 0x3
 1534 0022 0E       		.uleb128 0xe
 1535 0023 3A       		.uleb128 0x3a
 1536 0024 0B       		.uleb128 0xb
 1537 0025 3B       		.uleb128 0x3b
 1538 0026 0B       		.uleb128 0xb
 1539 0027 49       		.uleb128 0x49
 1540 0028 13       		.uleb128 0x13
 1541 0029 00       		.byte	0
 1542 002a 00       		.byte	0
 1543 002b 04       		.uleb128 0x4
 1544 002c 24       		.uleb128 0x24
 1545 002d 00       		.byte	0
 1546 002e 0B       		.uleb128 0xb
 1547 002f 0B       		.uleb128 0xb
 1548 0030 3E       		.uleb128 0x3e
 1549 0031 0B       		.uleb128 0xb
 1550 0032 03       		.uleb128 0x3
 1551 0033 0E       		.uleb128 0xe
 1552 0034 00       		.byte	0
 1553 0035 00       		.byte	0
 1554 0036 05       		.uleb128 0x5
 1555 0037 0F       		.uleb128 0xf
 1556 0038 00       		.byte	0
 1557 0039 0B       		.uleb128 0xb
 1558 003a 0B       		.uleb128 0xb
 1559 003b 00       		.byte	0
 1560 003c 00       		.byte	0
 1561 003d 06       		.uleb128 0x6
 1562 003e 16       		.uleb128 0x16
 1563 003f 00       		.byte	0
 1564 0040 03       		.uleb128 0x3
ARM GAS  C:\Users\UCA-MA~1\AppData\Local\Temp\ccLux46E.s 			page 37


 1565 0041 0E       		.uleb128 0xe
 1566 0042 3A       		.uleb128 0x3a
 1567 0043 0B       		.uleb128 0xb
 1568 0044 3B       		.uleb128 0x3b
 1569 0045 05       		.uleb128 0x5
 1570 0046 49       		.uleb128 0x49
 1571 0047 13       		.uleb128 0x13
 1572 0048 00       		.byte	0
 1573 0049 00       		.byte	0
 1574 004a 07       		.uleb128 0x7
 1575 004b 35       		.uleb128 0x35
 1576 004c 00       		.byte	0
 1577 004d 49       		.uleb128 0x49
 1578 004e 13       		.uleb128 0x13
 1579 004f 00       		.byte	0
 1580 0050 00       		.byte	0
 1581 0051 08       		.uleb128 0x8
 1582 0052 13       		.uleb128 0x13
 1583 0053 01       		.byte	0x1
 1584 0054 0B       		.uleb128 0xb
 1585 0055 0B       		.uleb128 0xb
 1586 0056 3A       		.uleb128 0x3a
 1587 0057 0B       		.uleb128 0xb
 1588 0058 3B       		.uleb128 0x3b
 1589 0059 0B       		.uleb128 0xb
 1590 005a 01       		.uleb128 0x1
 1591 005b 13       		.uleb128 0x13
 1592 005c 00       		.byte	0
 1593 005d 00       		.byte	0
 1594 005e 09       		.uleb128 0x9
 1595 005f 0D       		.uleb128 0xd
 1596 0060 00       		.byte	0
 1597 0061 03       		.uleb128 0x3
 1598 0062 0E       		.uleb128 0xe
 1599 0063 3A       		.uleb128 0x3a
 1600 0064 0B       		.uleb128 0xb
 1601 0065 3B       		.uleb128 0x3b
 1602 0066 0B       		.uleb128 0xb
 1603 0067 49       		.uleb128 0x49
 1604 0068 13       		.uleb128 0x13
 1605 0069 38       		.uleb128 0x38
 1606 006a 0B       		.uleb128 0xb
 1607 006b 00       		.byte	0
 1608 006c 00       		.byte	0
 1609 006d 0A       		.uleb128 0xa
 1610 006e 2E       		.uleb128 0x2e
 1611 006f 01       		.byte	0x1
 1612 0070 03       		.uleb128 0x3
 1613 0071 0E       		.uleb128 0xe
 1614 0072 3A       		.uleb128 0x3a
 1615 0073 0B       		.uleb128 0xb
 1616 0074 3B       		.uleb128 0x3b
 1617 0075 0B       		.uleb128 0xb
 1618 0076 27       		.uleb128 0x27
 1619 0077 19       		.uleb128 0x19
 1620 0078 11       		.uleb128 0x11
 1621 0079 01       		.uleb128 0x1
ARM GAS  C:\Users\UCA-MA~1\AppData\Local\Temp\ccLux46E.s 			page 38


 1622 007a 12       		.uleb128 0x12
 1623 007b 06       		.uleb128 0x6
 1624 007c 40       		.uleb128 0x40
 1625 007d 18       		.uleb128 0x18
 1626 007e 9642     		.uleb128 0x2116
 1627 0080 19       		.uleb128 0x19
 1628 0081 01       		.uleb128 0x1
 1629 0082 13       		.uleb128 0x13
 1630 0083 00       		.byte	0
 1631 0084 00       		.byte	0
 1632 0085 0B       		.uleb128 0xb
 1633 0086 05       		.uleb128 0x5
 1634 0087 00       		.byte	0
 1635 0088 03       		.uleb128 0x3
 1636 0089 08       		.uleb128 0x8
 1637 008a 3A       		.uleb128 0x3a
 1638 008b 0B       		.uleb128 0xb
 1639 008c 3B       		.uleb128 0x3b
 1640 008d 0B       		.uleb128 0xb
 1641 008e 49       		.uleb128 0x49
 1642 008f 13       		.uleb128 0x13
 1643 0090 02       		.uleb128 0x2
 1644 0091 18       		.uleb128 0x18
 1645 0092 00       		.byte	0
 1646 0093 00       		.byte	0
 1647 0094 0C       		.uleb128 0xc
 1648 0095 05       		.uleb128 0x5
 1649 0096 00       		.byte	0
 1650 0097 03       		.uleb128 0x3
 1651 0098 0E       		.uleb128 0xe
 1652 0099 3A       		.uleb128 0x3a
 1653 009a 0B       		.uleb128 0xb
 1654 009b 3B       		.uleb128 0x3b
 1655 009c 0B       		.uleb128 0xb
 1656 009d 49       		.uleb128 0x49
 1657 009e 13       		.uleb128 0x13
 1658 009f 02       		.uleb128 0x2
 1659 00a0 18       		.uleb128 0x18
 1660 00a1 00       		.byte	0
 1661 00a2 00       		.byte	0
 1662 00a3 0D       		.uleb128 0xd
 1663 00a4 0F       		.uleb128 0xf
 1664 00a5 00       		.byte	0
 1665 00a6 0B       		.uleb128 0xb
 1666 00a7 0B       		.uleb128 0xb
 1667 00a8 49       		.uleb128 0x49
 1668 00a9 13       		.uleb128 0x13
 1669 00aa 00       		.byte	0
 1670 00ab 00       		.byte	0
 1671 00ac 0E       		.uleb128 0xe
 1672 00ad 26       		.uleb128 0x26
 1673 00ae 00       		.byte	0
 1674 00af 00       		.byte	0
 1675 00b0 00       		.byte	0
 1676 00b1 0F       		.uleb128 0xf
 1677 00b2 2E       		.uleb128 0x2e
 1678 00b3 01       		.byte	0x1
ARM GAS  C:\Users\UCA-MA~1\AppData\Local\Temp\ccLux46E.s 			page 39


 1679 00b4 03       		.uleb128 0x3
 1680 00b5 0E       		.uleb128 0xe
 1681 00b6 3A       		.uleb128 0x3a
 1682 00b7 0B       		.uleb128 0xb
 1683 00b8 3B       		.uleb128 0x3b
 1684 00b9 0B       		.uleb128 0xb
 1685 00ba 27       		.uleb128 0x27
 1686 00bb 19       		.uleb128 0x19
 1687 00bc 11       		.uleb128 0x11
 1688 00bd 01       		.uleb128 0x1
 1689 00be 12       		.uleb128 0x12
 1690 00bf 06       		.uleb128 0x6
 1691 00c0 40       		.uleb128 0x40
 1692 00c1 18       		.uleb128 0x18
 1693 00c2 9742     		.uleb128 0x2117
 1694 00c4 19       		.uleb128 0x19
 1695 00c5 01       		.uleb128 0x1
 1696 00c6 13       		.uleb128 0x13
 1697 00c7 00       		.byte	0
 1698 00c8 00       		.byte	0
 1699 00c9 10       		.uleb128 0x10
 1700 00ca 34       		.uleb128 0x34
 1701 00cb 00       		.byte	0
 1702 00cc 03       		.uleb128 0x3
 1703 00cd 08       		.uleb128 0x8
 1704 00ce 3A       		.uleb128 0x3a
 1705 00cf 0B       		.uleb128 0xb
 1706 00d0 3B       		.uleb128 0x3b
 1707 00d1 0B       		.uleb128 0xb
 1708 00d2 49       		.uleb128 0x49
 1709 00d3 13       		.uleb128 0x13
 1710 00d4 02       		.uleb128 0x2
 1711 00d5 18       		.uleb128 0x18
 1712 00d6 00       		.byte	0
 1713 00d7 00       		.byte	0
 1714 00d8 11       		.uleb128 0x11
 1715 00d9 0B       		.uleb128 0xb
 1716 00da 01       		.byte	0x1
 1717 00db 11       		.uleb128 0x11
 1718 00dc 01       		.uleb128 0x1
 1719 00dd 12       		.uleb128 0x12
 1720 00de 06       		.uleb128 0x6
 1721 00df 00       		.byte	0
 1722 00e0 00       		.byte	0
 1723 00e1 12       		.uleb128 0x12
 1724 00e2 34       		.uleb128 0x34
 1725 00e3 00       		.byte	0
 1726 00e4 03       		.uleb128 0x3
 1727 00e5 0E       		.uleb128 0xe
 1728 00e6 3A       		.uleb128 0x3a
 1729 00e7 0B       		.uleb128 0xb
 1730 00e8 3B       		.uleb128 0x3b
 1731 00e9 0B       		.uleb128 0xb
 1732 00ea 49       		.uleb128 0x49
 1733 00eb 13       		.uleb128 0x13
 1734 00ec 02       		.uleb128 0x2
 1735 00ed 18       		.uleb128 0x18
ARM GAS  C:\Users\UCA-MA~1\AppData\Local\Temp\ccLux46E.s 			page 40


 1736 00ee 00       		.byte	0
 1737 00ef 00       		.byte	0
 1738 00f0 13       		.uleb128 0x13
 1739 00f1 26       		.uleb128 0x26
 1740 00f2 00       		.byte	0
 1741 00f3 49       		.uleb128 0x49
 1742 00f4 13       		.uleb128 0x13
 1743 00f5 00       		.byte	0
 1744 00f6 00       		.byte	0
 1745 00f7 14       		.uleb128 0x14
 1746 00f8 2E       		.uleb128 0x2e
 1747 00f9 01       		.byte	0x1
 1748 00fa 03       		.uleb128 0x3
 1749 00fb 0E       		.uleb128 0xe
 1750 00fc 3A       		.uleb128 0x3a
 1751 00fd 0B       		.uleb128 0xb
 1752 00fe 3B       		.uleb128 0x3b
 1753 00ff 05       		.uleb128 0x5
 1754 0100 27       		.uleb128 0x27
 1755 0101 19       		.uleb128 0x19
 1756 0102 11       		.uleb128 0x11
 1757 0103 01       		.uleb128 0x1
 1758 0104 12       		.uleb128 0x12
 1759 0105 06       		.uleb128 0x6
 1760 0106 40       		.uleb128 0x40
 1761 0107 18       		.uleb128 0x18
 1762 0108 9642     		.uleb128 0x2116
 1763 010a 19       		.uleb128 0x19
 1764 010b 01       		.uleb128 0x1
 1765 010c 13       		.uleb128 0x13
 1766 010d 00       		.byte	0
 1767 010e 00       		.byte	0
 1768 010f 15       		.uleb128 0x15
 1769 0110 34       		.uleb128 0x34
 1770 0111 00       		.byte	0
 1771 0112 03       		.uleb128 0x3
 1772 0113 0E       		.uleb128 0xe
 1773 0114 3A       		.uleb128 0x3a
 1774 0115 0B       		.uleb128 0xb
 1775 0116 3B       		.uleb128 0x3b
 1776 0117 05       		.uleb128 0x5
 1777 0118 49       		.uleb128 0x49
 1778 0119 13       		.uleb128 0x13
 1779 011a 02       		.uleb128 0x2
 1780 011b 18       		.uleb128 0x18
 1781 011c 00       		.byte	0
 1782 011d 00       		.byte	0
 1783 011e 16       		.uleb128 0x16
 1784 011f 34       		.uleb128 0x34
 1785 0120 00       		.byte	0
 1786 0121 03       		.uleb128 0x3
 1787 0122 08       		.uleb128 0x8
 1788 0123 3A       		.uleb128 0x3a
 1789 0124 0B       		.uleb128 0xb
 1790 0125 3B       		.uleb128 0x3b
 1791 0126 05       		.uleb128 0x5
 1792 0127 49       		.uleb128 0x49
ARM GAS  C:\Users\UCA-MA~1\AppData\Local\Temp\ccLux46E.s 			page 41


 1793 0128 13       		.uleb128 0x13
 1794 0129 02       		.uleb128 0x2
 1795 012a 18       		.uleb128 0x18
 1796 012b 00       		.byte	0
 1797 012c 00       		.byte	0
 1798 012d 17       		.uleb128 0x17
 1799 012e 2E       		.uleb128 0x2e
 1800 012f 01       		.byte	0x1
 1801 0130 3F       		.uleb128 0x3f
 1802 0131 19       		.uleb128 0x19
 1803 0132 03       		.uleb128 0x3
 1804 0133 0E       		.uleb128 0xe
 1805 0134 3A       		.uleb128 0x3a
 1806 0135 0B       		.uleb128 0xb
 1807 0136 3B       		.uleb128 0x3b
 1808 0137 05       		.uleb128 0x5
 1809 0138 27       		.uleb128 0x27
 1810 0139 19       		.uleb128 0x19
 1811 013a 11       		.uleb128 0x11
 1812 013b 01       		.uleb128 0x1
 1813 013c 12       		.uleb128 0x12
 1814 013d 06       		.uleb128 0x6
 1815 013e 40       		.uleb128 0x40
 1816 013f 18       		.uleb128 0x18
 1817 0140 9742     		.uleb128 0x2117
 1818 0142 19       		.uleb128 0x19
 1819 0143 01       		.uleb128 0x1
 1820 0144 13       		.uleb128 0x13
 1821 0145 00       		.byte	0
 1822 0146 00       		.byte	0
 1823 0147 18       		.uleb128 0x18
 1824 0148 05       		.uleb128 0x5
 1825 0149 00       		.byte	0
 1826 014a 03       		.uleb128 0x3
 1827 014b 0E       		.uleb128 0xe
 1828 014c 3A       		.uleb128 0x3a
 1829 014d 0B       		.uleb128 0xb
 1830 014e 3B       		.uleb128 0x3b
 1831 014f 05       		.uleb128 0x5
 1832 0150 49       		.uleb128 0x49
 1833 0151 13       		.uleb128 0x13
 1834 0152 02       		.uleb128 0x2
 1835 0153 18       		.uleb128 0x18
 1836 0154 00       		.byte	0
 1837 0155 00       		.byte	0
 1838 0156 19       		.uleb128 0x19
 1839 0157 2E       		.uleb128 0x2e
 1840 0158 01       		.byte	0x1
 1841 0159 3F       		.uleb128 0x3f
 1842 015a 19       		.uleb128 0x19
 1843 015b 03       		.uleb128 0x3
 1844 015c 0E       		.uleb128 0xe
 1845 015d 3A       		.uleb128 0x3a
 1846 015e 0B       		.uleb128 0xb
 1847 015f 3B       		.uleb128 0x3b
 1848 0160 05       		.uleb128 0x5
 1849 0161 27       		.uleb128 0x27
ARM GAS  C:\Users\UCA-MA~1\AppData\Local\Temp\ccLux46E.s 			page 42


 1850 0162 19       		.uleb128 0x19
 1851 0163 11       		.uleb128 0x11
 1852 0164 01       		.uleb128 0x1
 1853 0165 12       		.uleb128 0x12
 1854 0166 06       		.uleb128 0x6
 1855 0167 40       		.uleb128 0x40
 1856 0168 18       		.uleb128 0x18
 1857 0169 9642     		.uleb128 0x2116
 1858 016b 19       		.uleb128 0x19
 1859 016c 00       		.byte	0
 1860 016d 00       		.byte	0
 1861 016e 1A       		.uleb128 0x1a
 1862 016f 13       		.uleb128 0x13
 1863 0170 01       		.byte	0x1
 1864 0171 0B       		.uleb128 0xb
 1865 0172 0B       		.uleb128 0xb
 1866 0173 3A       		.uleb128 0x3a
 1867 0174 0B       		.uleb128 0xb
 1868 0175 3B       		.uleb128 0x3b
 1869 0176 05       		.uleb128 0x5
 1870 0177 01       		.uleb128 0x1
 1871 0178 13       		.uleb128 0x13
 1872 0179 00       		.byte	0
 1873 017a 00       		.byte	0
 1874 017b 1B       		.uleb128 0x1b
 1875 017c 0D       		.uleb128 0xd
 1876 017d 00       		.byte	0
 1877 017e 03       		.uleb128 0x3
 1878 017f 0E       		.uleb128 0xe
 1879 0180 3A       		.uleb128 0x3a
 1880 0181 0B       		.uleb128 0xb
 1881 0182 3B       		.uleb128 0x3b
 1882 0183 05       		.uleb128 0x5
 1883 0184 49       		.uleb128 0x49
 1884 0185 13       		.uleb128 0x13
 1885 0186 38       		.uleb128 0x38
 1886 0187 0B       		.uleb128 0xb
 1887 0188 00       		.byte	0
 1888 0189 00       		.byte	0
 1889 018a 1C       		.uleb128 0x1c
 1890 018b 0D       		.uleb128 0xd
 1891 018c 00       		.byte	0
 1892 018d 03       		.uleb128 0x3
 1893 018e 08       		.uleb128 0x8
 1894 018f 3A       		.uleb128 0x3a
 1895 0190 0B       		.uleb128 0xb
 1896 0191 3B       		.uleb128 0x3b
 1897 0192 05       		.uleb128 0x5
 1898 0193 49       		.uleb128 0x49
 1899 0194 13       		.uleb128 0x13
 1900 0195 38       		.uleb128 0x38
 1901 0196 0B       		.uleb128 0xb
 1902 0197 00       		.byte	0
 1903 0198 00       		.byte	0
 1904 0199 1D       		.uleb128 0x1d
 1905 019a 01       		.uleb128 0x1
 1906 019b 01       		.byte	0x1
ARM GAS  C:\Users\UCA-MA~1\AppData\Local\Temp\ccLux46E.s 			page 43


 1907 019c 49       		.uleb128 0x49
 1908 019d 13       		.uleb128 0x13
 1909 019e 01       		.uleb128 0x1
 1910 019f 13       		.uleb128 0x13
 1911 01a0 00       		.byte	0
 1912 01a1 00       		.byte	0
 1913 01a2 1E       		.uleb128 0x1e
 1914 01a3 21       		.uleb128 0x21
 1915 01a4 00       		.byte	0
 1916 01a5 49       		.uleb128 0x49
 1917 01a6 13       		.uleb128 0x13
 1918 01a7 2F       		.uleb128 0x2f
 1919 01a8 0B       		.uleb128 0xb
 1920 01a9 00       		.byte	0
 1921 01aa 00       		.byte	0
 1922 01ab 1F       		.uleb128 0x1f
 1923 01ac 0B       		.uleb128 0xb
 1924 01ad 01       		.byte	0x1
 1925 01ae 11       		.uleb128 0x11
 1926 01af 01       		.uleb128 0x1
 1927 01b0 12       		.uleb128 0x12
 1928 01b1 06       		.uleb128 0x6
 1929 01b2 01       		.uleb128 0x1
 1930 01b3 13       		.uleb128 0x13
 1931 01b4 00       		.byte	0
 1932 01b5 00       		.byte	0
 1933 01b6 00       		.byte	0
 1934              		.section	.debug_aranges,"",%progbits
 1935 0000 5C000000 		.4byte	0x5c
 1936 0004 0200     		.2byte	0x2
 1937 0006 00000000 		.4byte	.Ldebug_info0
 1938 000a 04       		.byte	0x4
 1939 000b 00       		.byte	0
 1940 000c 0000     		.2byte	0
 1941 000e 0000     		.2byte	0
 1942 0010 00000000 		.4byte	.LFB0
 1943 0014 1C000000 		.4byte	.LFE0-.LFB0
 1944 0018 00000000 		.4byte	.LFB1
 1945 001c 1E000000 		.4byte	.LFE1-.LFB1
 1946 0020 00000000 		.4byte	.LFB2
 1947 0024 1E000000 		.4byte	.LFE2-.LFB2
 1948 0028 00000000 		.4byte	.LFB3
 1949 002c 0C000000 		.4byte	.LFE3-.LFB3
 1950 0030 00000000 		.4byte	.LFB4
 1951 0034 74000000 		.4byte	.LFE4-.LFB4
 1952 0038 00000000 		.4byte	.LFB5
 1953 003c 54010000 		.4byte	.LFE5-.LFB5
 1954 0040 00000000 		.4byte	.LFB6
 1955 0044 B0000000 		.4byte	.LFE6-.LFB6
 1956 0048 00000000 		.4byte	.LFB7
 1957 004c 3C000000 		.4byte	.LFE7-.LFB7
 1958 0050 00000000 		.4byte	.LFB8
 1959 0054 C0010000 		.4byte	.LFE8-.LFB8
 1960 0058 00000000 		.4byte	0
 1961 005c 00000000 		.4byte	0
 1962              		.section	.debug_ranges,"",%progbits
 1963              	.Ldebug_ranges0:
ARM GAS  C:\Users\UCA-MA~1\AppData\Local\Temp\ccLux46E.s 			page 44


 1964 0000 00000000 		.4byte	.LFB0
 1965 0004 1C000000 		.4byte	.LFE0
 1966 0008 00000000 		.4byte	.LFB1
 1967 000c 1E000000 		.4byte	.LFE1
 1968 0010 00000000 		.4byte	.LFB2
 1969 0014 1E000000 		.4byte	.LFE2
 1970 0018 00000000 		.4byte	.LFB3
 1971 001c 0C000000 		.4byte	.LFE3
 1972 0020 00000000 		.4byte	.LFB4
 1973 0024 74000000 		.4byte	.LFE4
 1974 0028 00000000 		.4byte	.LFB5
 1975 002c 54010000 		.4byte	.LFE5
 1976 0030 00000000 		.4byte	.LFB6
 1977 0034 B0000000 		.4byte	.LFE6
 1978 0038 00000000 		.4byte	.LFB7
 1979 003c 3C000000 		.4byte	.LFE7
 1980 0040 00000000 		.4byte	.LFB8
 1981 0044 C0010000 		.4byte	.LFE8
 1982 0048 00000000 		.4byte	0
 1983 004c 00000000 		.4byte	0
 1984              		.section	.debug_line,"",%progbits
 1985              	.Ldebug_line0:
 1986 0000 2E020000 		.section	.debug_str,"MS",%progbits,1
 1986      0200CB00 
 1986      00000201 
 1986      FB0E0D00 
 1986      01010101 
 1987              	.LASF14:
 1988 0000 75696E74 		.ascii	"uint16\000"
 1988      313600
 1989              	.LASF32:
 1990 0007 62617365 		.ascii	"baseAddr\000"
 1990      41646472 
 1990      00
 1991              	.LASF12:
 1992 0010 73697A65 		.ascii	"size_t\000"
 1992      5F7400
 1993              	.LASF27:
 1994 0017 4379436C 		.ascii	"CyClockStartupError\000"
 1994      6F636B53 
 1994      74617274 
 1994      75704572 
 1994      726F7200 
 1995              	.LASF50:
 1996 002b 474E5520 		.ascii	"GNU C11 5.4.1 20160609 (release) [ARM/embedded-5-br"
 1996      43313120 
 1996      352E342E 
 1996      31203230 
 1996      31363036 
 1997 005e 616E6368 		.ascii	"anch revision 237715] -mcpu=cortex-m3 -mthumb -g -O"
 1997      20726576 
 1997      6973696F 
 1997      6E203233 
 1997      37373135 
 1998 0091 30202D66 		.ascii	"0 -ffunction-sections -ffat-lto-objects\000"
 1998      66756E63 
 1998      74696F6E 
ARM GAS  C:\Users\UCA-MA~1\AppData\Local\Temp\ccLux46E.s 			page 45


 1998      2D736563 
 1998      74696F6E 
 1999              	.LASF31:
 2000 00b9 64617461 		.ascii	"data_table\000"
 2000      5F746162 
 2000      6C6500
 2001              	.LASF9:
 2002 00c4 6C6F6E67 		.ascii	"long long unsigned int\000"
 2002      206C6F6E 
 2002      6720756E 
 2002      7369676E 
 2002      65642069 
 2003              	.LASF30:
 2004 00db 61646472 		.ascii	"addr_table\000"
 2004      5F746162 
 2004      6C6500
 2005              	.LASF37:
 2006 00e6 416E616C 		.ascii	"AnalogSetDefault\000"
 2006      6F675365 
 2006      74446566 
 2006      61756C74 
 2006      00
 2007              	.LASF1:
 2008 00f7 6C6F6E67 		.ascii	"long long int\000"
 2008      206C6F6E 
 2008      6720696E 
 2008      7400
 2009              	.LASF3:
 2010 0105 7369676E 		.ascii	"signed char\000"
 2010      65642063 
 2010      68617200 
 2011              	.LASF23:
 2012 0111 43594D45 		.ascii	"CYMEMZERO\000"
 2012      4D5A4552 
 2012      4F00
 2013              	.LASF34:
 2014 011b 436C6F63 		.ascii	"ClockSetup\000"
 2014      6B536574 
 2014      757000
 2015              	.LASF28:
 2016 0126 6572726F 		.ascii	"errorCode\000"
 2016      72436F64 
 2016      6500
 2017              	.LASF7:
 2018 0130 6C6F6E67 		.ascii	"long int\000"
 2018      20696E74 
 2018      00
 2019              	.LASF19:
 2020 0139 72656731 		.ascii	"reg16\000"
 2020      3600
 2021              	.LASF13:
 2022 013f 75696E74 		.ascii	"uint8\000"
 2022      3800
 2023              	.LASF17:
 2024 0145 646F7562 		.ascii	"double\000"
 2024      6C6500
 2025              	.LASF15:
ARM GAS  C:\Users\UCA-MA~1\AppData\Local\Temp\ccLux46E.s 			page 46


 2026 014c 75696E74 		.ascii	"uint32\000"
 2026      333200
 2027              	.LASF33:
 2028 0153 636F756E 		.ascii	"count\000"
 2028      7400
 2029              	.LASF40:
 2030 0159 72656756 		.ascii	"regValue\000"
 2030      616C7565 
 2030      00
 2031              	.LASF21:
 2032 0162 76616C75 		.ascii	"value\000"
 2032      6500
 2033              	.LASF0:
 2034 0168 756E7369 		.ascii	"unsigned int\000"
 2034      676E6564 
 2034      20696E74 
 2034      00
 2035              	.LASF49:
 2036 0175 6E756D42 		.ascii	"numBytes\000"
 2036      79746573 
 2036      00
 2037              	.LASF8:
 2038 017e 6C6F6E67 		.ascii	"long unsigned int\000"
 2038      20756E73 
 2038      69676E65 
 2038      6420696E 
 2038      7400
 2039              	.LASF35:
 2040 0190 74696D65 		.ascii	"timeout\000"
 2040      6F757400 
 2041              	.LASF44:
 2042 0198 6366675F 		.ascii	"cfg_memcpy_t\000"
 2042      6D656D63 
 2042      70795F74 
 2042      00
 2043              	.LASF29:
 2044 01a5 6366675F 		.ascii	"cfg_write_bytes32\000"
 2044      77726974 
 2044      655F6279 
 2044      74657333 
 2044      3200
 2045              	.LASF42:
 2046 01b7 73697A65 		.ascii	"size\000"
 2046      00
 2047              	.LASF6:
 2048 01bc 73686F72 		.ascii	"short unsigned int\000"
 2048      7420756E 
 2048      7369676E 
 2048      65642069 
 2048      6E7400
 2049              	.LASF52:
 2050 01cf 433A5C55 		.ascii	"C:\\Users\\UCA-Master\\Documents\\PSoC Creator\\ADC"
 2050      73657273 
 2050      5C554341 
 2050      2D4D6173 
 2050      7465725C 
 2051 01fd 5F53656E 		.ascii	"_SensordeAgua\\Agua.cydsn\000"
ARM GAS  C:\Users\UCA-MA~1\AppData\Local\Temp\ccLux46E.s 			page 47


 2051      736F7264 
 2051      65416775 
 2051      615C4167 
 2051      75612E63 
 2052              	.LASF26:
 2053 0216 4359434F 		.ascii	"CYCONFIGCPYCODE\000"
 2053      4E464947 
 2053      43505943 
 2053      4F444500 
 2054              	.LASF10:
 2055 0226 73697A65 		.ascii	"sizetype\000"
 2055      74797065 
 2055      00
 2056              	.LASF2:
 2057 022f 6C6F6E67 		.ascii	"long double\000"
 2057      20646F75 
 2057      626C6500 
 2058              	.LASF38:
 2059 023b 62675F78 		.ascii	"bg_xover_inl_trim\000"
 2059      6F766572 
 2059      5F696E6C 
 2059      5F747269 
 2059      6D00
 2060              	.LASF43:
 2061 024d 6366675F 		.ascii	"cfg_memset_t\000"
 2061      6D656D73 
 2061      65745F74 
 2061      00
 2062              	.LASF45:
 2063 025a 6366675F 		.ascii	"cfg_memset_list\000"
 2063      6D656D73 
 2063      65745F6C 
 2063      69737400 
 2064              	.LASF25:
 2065 026a 64657374 		.ascii	"dest\000"
 2065      00
 2066              	.LASF16:
 2067 026f 666C6F61 		.ascii	"float\000"
 2067      7400
 2068              	.LASF47:
 2069 0275 64657374 		.ascii	"destPtr\000"
 2069      50747200 
 2070              	.LASF18:
 2071 027d 72656738 		.ascii	"reg8\000"
 2071      00
 2072              	.LASF4:
 2073 0282 756E7369 		.ascii	"unsigned char\000"
 2073      676E6564 
 2073      20636861 
 2073      7200
 2074              	.LASF5:
 2075 0290 73686F72 		.ascii	"short int\000"
 2075      7420696E 
 2075      7400
 2076              	.LASF36:
 2077 029a 706C6C4C 		.ascii	"pllLock\000"
 2077      6F636B00 
ARM GAS  C:\Users\UCA-MA~1\AppData\Local\Temp\ccLux46E.s 			page 48


 2078              	.LASF22:
 2079 02a2 63795F63 		.ascii	"cy_cfg_addrvalue_t\000"
 2079      66675F61 
 2079      64647276 
 2079      616C7565 
 2079      5F7400
 2080              	.LASF11:
 2081 02b5 63686172 		.ascii	"char\000"
 2081      00
 2082              	.LASF48:
 2083 02ba 73726350 		.ascii	"srcPtr\000"
 2083      747200
 2084              	.LASF53:
 2085 02c1 53657441 		.ascii	"SetAnalogRoutingPumps\000"
 2085      6E616C6F 
 2085      67526F75 
 2085      74696E67 
 2085      50756D70 
 2086              	.LASF20:
 2087 02d7 6F666673 		.ascii	"offset\000"
 2087      657400
 2088              	.LASF39:
 2089 02de 656E6162 		.ascii	"enabled\000"
 2089      6C656400 
 2090              	.LASF24:
 2091 02e6 4359434F 		.ascii	"CYCONFIGCPY\000"
 2091      4E464947 
 2091      43505900 
 2092              	.LASF51:
 2093 02f2 47656E65 		.ascii	"Generated_Source\\PSoC5\\cyfitter_cfg.c\000"
 2093      72617465 
 2093      645F536F 
 2093      75726365 
 2093      5C50536F 
 2094              	.LASF41:
 2095 0318 61646472 		.ascii	"address\000"
 2095      65737300 
 2096              	.LASF46:
 2097 0320 6366675F 		.ascii	"cfg_memcpy_list\000"
 2097      6D656D63 
 2097      70795F6C 
 2097      69737400 
 2098              	.LASF54:
 2099 0330 63796669 		.ascii	"cyfitter_cfg\000"
 2099      74746572 
 2099      5F636667 
 2099      00
 2100              		.ident	"GCC: (GNU Tools for ARM Embedded Processors) 5.4.1 20160609 (release) [ARM/embedded-5-bran
