ARM GAS  C:\Users\UCA-MA~1\AppData\Local\Temp\ccH0RipZ.s 			page 1


   1              		.syntax unified
   2              		.cpu cortex-m3
   3              		.fpu softvfp
   4              		.eabi_attribute 20, 1
   5              		.eabi_attribute 21, 1
   6              		.eabi_attribute 23, 3
   7              		.eabi_attribute 24, 1
   8              		.eabi_attribute 25, 1
   9              		.eabi_attribute 26, 1
  10              		.eabi_attribute 30, 6
  11              		.eabi_attribute 34, 1
  12              		.eabi_attribute 18, 4
  13              		.thumb
  14              		.syntax unified
  15              		.file	"cymetadata.c"
  16              		.text
  17              	.Ltext0:
  18              		.cfi_sections	.debug_frame
  19              		.global	cy_meta_configecc
  20              		.section	.cyconfigecc,"a",%progbits
  21              		.align	2
  22              		.type	cy_meta_configecc, %object
  23              		.size	cy_meta_configecc, 3192
  24              	cy_meta_configecc:
  25 0000 02       		.byte	2
  26 0001 4F       		.byte	79
  27 0002 00       		.byte	0
  28 0003 40       		.byte	64
  29 0004 03       		.byte	3
  30 0005 52       		.byte	82
  31 0006 00       		.byte	0
  32 0007 40       		.byte	64
  33 0008 01       		.byte	1
  34 0009 5B       		.byte	91
  35 000a 00       		.byte	0
  36 000b 40       		.byte	64
  37 000c 04       		.byte	4
  38 000d 64       		.byte	100
  39 000e 00       		.byte	0
  40 000f 40       		.byte	64
  41 0010 04       		.byte	4
  42 0011 65       		.byte	101
  43 0012 00       		.byte	0
  44 0013 40       		.byte	64
  45 0014 23       		.byte	35
  46 0015 00       		.byte	0
  47 0016 01       		.byte	1
  48 0017 40       		.byte	64
  49 0018 31       		.byte	49
  50 0019 01       		.byte	1
  51 001a 01       		.byte	1
  52 001b 40       		.byte	64
  53 001c 48       		.byte	72
  54 001d 02       		.byte	2
  55 001e 01       		.byte	1
  56 001f 40       		.byte	64
  57 0020 43       		.byte	67
ARM GAS  C:\Users\UCA-MA~1\AppData\Local\Temp\ccH0RipZ.s 			page 2


  58 0021 03       		.byte	3
  59 0022 01       		.byte	1
  60 0023 40       		.byte	64
  61 0024 35       		.byte	53
  62 0025 04       		.byte	4
  63 0026 01       		.byte	1
  64 0027 40       		.byte	64
  65 0028 4D       		.byte	77
  66 0029 05       		.byte	5
  67 002a 01       		.byte	1
  68 002b 40       		.byte	64
  69 002c 28       		.byte	40
  70 002d 06       		.byte	6
  71 002e 01       		.byte	1
  72 002f 40       		.byte	64
  73 0030 4C       		.byte	76
  74 0031 07       		.byte	7
  75 0032 01       		.byte	1
  76 0033 40       		.byte	64
  77 0034 4D       		.byte	77
  78 0035 08       		.byte	8
  79 0036 01       		.byte	1
  80 0037 40       		.byte	64
  81 0038 4F       		.byte	79
  82 0039 09       		.byte	9
  83 003a 01       		.byte	1
  84 003b 40       		.byte	64
  85 003c 20       		.byte	32
  86 003d 0A       		.byte	10
  87 003e 01       		.byte	1
  88 003f 40       		.byte	64
  89 0040 46       		.byte	70
  90 0041 0B       		.byte	11
  91 0042 01       		.byte	1
  92 0043 40       		.byte	64
  93 0044 3A       		.byte	58
  94 0045 0C       		.byte	12
  95 0046 01       		.byte	1
  96 0047 40       		.byte	64
  97 0048 3E       		.byte	62
  98 0049 0D       		.byte	13
  99 004a 01       		.byte	1
 100 004b 40       		.byte	64
 101 004c 48       		.byte	72
 102 004d 14       		.byte	20
 103 004e 01       		.byte	1
 104 004f 40       		.byte	64
 105 0050 44       		.byte	68
 106 0051 15       		.byte	21
 107 0052 01       		.byte	1
 108 0053 40       		.byte	64
 109 0054 25       		.byte	37
 110 0055 16       		.byte	22
 111 0056 01       		.byte	1
 112 0057 40       		.byte	64
 113 0058 48       		.byte	72
 114 0059 17       		.byte	23
ARM GAS  C:\Users\UCA-MA~1\AppData\Local\Temp\ccH0RipZ.s 			page 3


 115 005a 01       		.byte	1
 116 005b 40       		.byte	64
 117 005c 54       		.byte	84
 118 005d 18       		.byte	24
 119 005e 01       		.byte	1
 120 005f 40       		.byte	64
 121 0060 51       		.byte	81
 122 0061 19       		.byte	25
 123 0062 01       		.byte	1
 124 0063 40       		.byte	64
 125 0064 32       		.byte	50
 126 0065 1A       		.byte	26
 127 0066 01       		.byte	1
 128 0067 40       		.byte	64
 129 0068 46       		.byte	70
 130 0069 1B       		.byte	27
 131 006a 01       		.byte	1
 132 006b 40       		.byte	64
 133 006c 0A       		.byte	10
 134 006d 40       		.byte	64
 135 006e 01       		.byte	1
 136 006f 40       		.byte	64
 137 0070 0B       		.byte	11
 138 0071 41       		.byte	65
 139 0072 01       		.byte	1
 140 0073 40       		.byte	64
 141 0074 15       		.byte	21
 142 0075 42       		.byte	66
 143 0076 01       		.byte	1
 144 0077 40       		.byte	64
 145 0078 09       		.byte	9
 146 0079 43       		.byte	67
 147 007a 01       		.byte	1
 148 007b 40       		.byte	64
 149 007c 05       		.byte	5
 150 007d 46       		.byte	70
 151 007e 01       		.byte	1
 152 007f 40       		.byte	64
 153 0080 04       		.byte	4
 154 0081 47       		.byte	71
 155 0082 01       		.byte	1
 156 0083 40       		.byte	64
 157 0084 02       		.byte	2
 158 0085 48       		.byte	72
 159 0086 01       		.byte	1
 160 0087 40       		.byte	64
 161 0088 08       		.byte	8
 162 0089 49       		.byte	73
 163 008a 01       		.byte	1
 164 008b 40       		.byte	64
 165 008c 01       		.byte	1
 166 008d 4C       		.byte	76
 167 008e 01       		.byte	1
 168 008f 40       		.byte	64
 169 0090 0A       		.byte	10
 170 0091 4D       		.byte	77
 171 0092 01       		.byte	1
ARM GAS  C:\Users\UCA-MA~1\AppData\Local\Temp\ccH0RipZ.s 			page 4


 172 0093 40       		.byte	64
 173 0094 0C       		.byte	12
 174 0095 50       		.byte	80
 175 0096 01       		.byte	1
 176 0097 40       		.byte	64
 177 0098 02       		.byte	2
 178 0099 51       		.byte	81
 179 009a 01       		.byte	1
 180 009b 40       		.byte	64
 181 009c 01       		.byte	1
 182 009d 40       		.byte	64
 183 009e 0A       		.byte	10
 184 009f 1B       		.byte	27
 185 00a0 00       		.byte	0
 186 00a1 02       		.byte	2
 187 00a2 01       		.byte	1
 188 00a3 06       		.byte	6
 189 00a4 18       		.byte	24
 190 00a5 10       		.byte	16
 191 00a6 27       		.byte	39
 192 00a7 84       		.byte	-124
 193 00a8 80       		.byte	-128
 194 00a9 72       		.byte	114
 195 00aa 87       		.byte	-121
 196 00ab 0F       		.byte	15
 197 00ac 88       		.byte	-120
 198 00ad 38       		.byte	56
 199 00ae 8A       		.byte	-118
 200 00af 02       		.byte	2
 201 00b0 85       		.byte	-123
 202 00b1 0F       		.byte	15
 203 00b2 87       		.byte	-121
 204 00b3 0F       		.byte	15
 205 00b4 89       		.byte	-119
 206 00b5 38       		.byte	56
 207 00b6 8A       		.byte	-118
 208 00b7 72       		.byte	114
 209 00b8 03       		.byte	3
 210 00b9 01       		.byte	1
 211 00ba 0E       		.byte	14
 212 00bb 01       		.byte	1
 213 00bc 11       		.byte	17
 214 00bd 03       		.byte	3
 215 00be 15       		.byte	21
 216 00bf 02       		.byte	2
 217 00c0 25       		.byte	37
 218 00c1 03       		.byte	3
 219 00c2 31       		.byte	49
 220 00c3 03       		.byte	3
 221 00c4 34       		.byte	52
 222 00c5 01       		.byte	1
 223 00c6 39       		.byte	57
 224 00c7 02       		.byte	2
 225 00c8 3F       		.byte	63
 226 00c9 01       		.byte	1
 227 00ca 40       		.byte	64
 228 00cb 04       		.byte	4
ARM GAS  C:\Users\UCA-MA~1\AppData\Local\Temp\ccH0RipZ.s 			page 5


 229 00cc 46       		.byte	70
 230 00cd 04       		.byte	4
 231 00ce 49       		.byte	73
 232 00cf FF       		.byte	-1
 233 00d0 4A       		.byte	74
 234 00d1 07       		.byte	7
 235 00d2 4B       		.byte	75
 236 00d3 FF       		.byte	-1
 237 00d4 4C       		.byte	76
 238 00d5 40       		.byte	64
 239 00d6 4D       		.byte	77
 240 00d7 20       		.byte	32
 241 00d8 4E       		.byte	78
 242 00d9 F0       		.byte	-16
 243 00da 4F       		.byte	79
 244 00db 05       		.byte	5
 245 00dc 50       		.byte	80
 246 00dd 08       		.byte	8
 247 00de 56       		.byte	86
 248 00df 02       		.byte	2
 249 00e0 57       		.byte	87
 250 00e1 13       		.byte	19
 251 00e2 58       		.byte	88
 252 00e3 04       		.byte	4
 253 00e4 59       		.byte	89
 254 00e5 04       		.byte	4
 255 00e6 5A       		.byte	90
 256 00e7 04       		.byte	4
 257 00e8 5B       		.byte	91
 258 00e9 04       		.byte	4
 259 00ea 5D       		.byte	93
 260 00eb 22       		.byte	34
 261 00ec 5F       		.byte	95
 262 00ed 01       		.byte	1
 263 00ee 60       		.byte	96
 264 00ef 40       		.byte	64
 265 00f0 61       		.byte	97
 266 00f1 A8       		.byte	-88
 267 00f2 62       		.byte	98
 268 00f3 40       		.byte	64
 269 00f4 63       		.byte	99
 270 00f5 20       		.byte	32
 271 00f6 D8       		.byte	-40
 272 00f7 04       		.byte	4
 273 00f8 D9       		.byte	-39
 274 00f9 04       		.byte	4
 275 00fa DB       		.byte	-37
 276 00fb 04       		.byte	4
 277 00fc DF       		.byte	-33
 278 00fd 01       		.byte	1
 279 00fe 00       		.byte	0
 280 00ff 08       		.byte	8
 281 0100 01       		.byte	1
 282 0101 04       		.byte	4
 283 0102 02       		.byte	2
 284 0103 02       		.byte	2
 285 0104 06       		.byte	6
ARM GAS  C:\Users\UCA-MA~1\AppData\Local\Temp\ccH0RipZ.s 			page 6


 286 0105 03       		.byte	3
 287 0106 07       		.byte	7
 288 0107 40       		.byte	64
 289 0108 0A       		.byte	10
 290 0109 04       		.byte	4
 291 010a 0B       		.byte	11
 292 010b 50       		.byte	80
 293 010c 0D       		.byte	13
 294 010d 10       		.byte	16
 295 010e 0F       		.byte	15
 296 010f 60       		.byte	96
 297 0110 12       		.byte	18
 298 0111 A1       		.byte	-95
 299 0112 14       		.byte	20
 300 0113 80       		.byte	-128
 301 0114 15       		.byte	21
 302 0115 04       		.byte	4
 303 0116 18       		.byte	24
 304 0117 04       		.byte	4
 305 0118 19       		.byte	25
 306 0119 20       		.byte	32
 307 011a 1A       		.byte	26
 308 011b 04       		.byte	4
 309 011c 1B       		.byte	27
 310 011d 10       		.byte	16
 311 011e 20       		.byte	32
 312 011f 40       		.byte	64
 313 0120 29       		.byte	41
 314 0121 24       		.byte	36
 315 0122 2A       		.byte	42
 316 0123 02       		.byte	2
 317 0124 2D       		.byte	45
 318 0125 04       		.byte	4
 319 0126 2E       		.byte	46
 320 0127 20       		.byte	32
 321 0128 31       		.byte	49
 322 0129 09       		.byte	9
 323 012a 32       		.byte	50
 324 012b A0       		.byte	-96
 325 012c 34       		.byte	52
 326 012d 80       		.byte	-128
 327 012e 36       		.byte	54
 328 012f A0       		.byte	-96
 329 0130 38       		.byte	56
 330 0131 80       		.byte	-128
 331 0132 39       		.byte	57
 332 0133 26       		.byte	38
 333 0134 3A       		.byte	58
 334 0135 20       		.byte	32
 335 0136 3B       		.byte	59
 336 0137 51       		.byte	81
 337 0138 3C       		.byte	60
 338 0139 04       		.byte	4
 339 013a 3E       		.byte	62
 340 013b 02       		.byte	2
 341 013c 3F       		.byte	63
 342 013d 40       		.byte	64
ARM GAS  C:\Users\UCA-MA~1\AppData\Local\Temp\ccH0RipZ.s 			page 7


 343 013e 40       		.byte	64
 344 013f 40       		.byte	64
 345 0140 4B       		.byte	75
 346 0141 01       		.byte	1
 347 0142 52       		.byte	82
 348 0143 40       		.byte	64
 349 0144 5A       		.byte	90
 350 0145 02       		.byte	2
 351 0146 68       		.byte	104
 352 0147 08       		.byte	8
 353 0148 69       		.byte	105
 354 0149 50       		.byte	80
 355 014a 6B       		.byte	107
 356 014b 10       		.byte	16
 357 014c 6D       		.byte	109
 358 014d 80       		.byte	-128
 359 014e 70       		.byte	112
 360 014f 94       		.byte	-108
 361 0150 C0       		.byte	-64
 362 0151 95       		.byte	-107
 363 0152 C2       		.byte	-62
 364 0153 7E       		.byte	126
 365 0154 C4       		.byte	-60
 366 0155 3D       		.byte	61
 367 0156 CA       		.byte	-54
 368 0157 67       		.byte	103
 369 0158 CC       		.byte	-52
 370 0159 3F       		.byte	63
 371 015a CE       		.byte	-50
 372 015b DF       		.byte	-33
 373 015c D0       		.byte	-48
 374 015d 01       		.byte	1
 375 015e D6       		.byte	-42
 376 015f 01       		.byte	1
 377 0160 08       		.byte	8
 378 0161 07       		.byte	7
 379 0162 0C       		.byte	12
 380 0163 05       		.byte	5
 381 0164 0E       		.byte	14
 382 0165 02       		.byte	2
 383 0166 1C       		.byte	28
 384 0167 07       		.byte	7
 385 0168 20       		.byte	32
 386 0169 07       		.byte	7
 387 016a 24       		.byte	36
 388 016b 07       		.byte	7
 389 016c 2A       		.byte	42
 390 016d 07       		.byte	7
 391 016e 2C       		.byte	44
 392 016f 03       		.byte	3
 393 0170 2E       		.byte	46
 394 0171 04       		.byte	4
 395 0172 30       		.byte	48
 396 0173 04       		.byte	4
 397 0174 32       		.byte	50
 398 0175 01       		.byte	1
 399 0176 36       		.byte	54
ARM GAS  C:\Users\UCA-MA~1\AppData\Local\Temp\ccH0RipZ.s 			page 8


 400 0177 02       		.byte	2
 401 0178 58       		.byte	88
 402 0179 04       		.byte	4
 403 017a 59       		.byte	89
 404 017b 04       		.byte	4
 405 017c 5F       		.byte	95
 406 017d 01       		.byte	1
 407 017e 80       		.byte	-128
 408 017f 80       		.byte	-128
 409 0180 81       		.byte	-127
 410 0181 20       		.byte	32
 411 0182 82       		.byte	-126
 412 0183 02       		.byte	2
 413 0184 83       		.byte	-125
 414 0185 03       		.byte	3
 415 0186 85       		.byte	-123
 416 0187 80       		.byte	-128
 417 0188 86       		.byte	-122
 418 0189 18       		.byte	24
 419 018a 87       		.byte	-121
 420 018b 40       		.byte	64
 421 018c 88       		.byte	-120
 422 018d 80       		.byte	-128
 423 018e 89       		.byte	-119
 424 018f C0       		.byte	-64
 425 0190 8A       		.byte	-118
 426 0191 65       		.byte	101
 427 0192 8C       		.byte	-116
 428 0193 48       		.byte	72
 429 0194 8E       		.byte	-114
 430 0195 86       		.byte	-122
 431 0196 91       		.byte	-111
 432 0197 11       		.byte	17
 433 0198 93       		.byte	-109
 434 0199 0E       		.byte	14
 435 019a 94       		.byte	-108
 436 019b E6       		.byte	-26
 437 019c 95       		.byte	-107
 438 019d 0C       		.byte	12
 439 019e 96       		.byte	-106
 440 019f 11       		.byte	17
 441 01a0 97       		.byte	-105
 442 01a1 13       		.byte	19
 443 01a2 99       		.byte	-103
 444 01a3 C0       		.byte	-64
 445 01a4 9C       		.byte	-100
 446 01a5 60       		.byte	96
 447 01a6 9D       		.byte	-99
 448 01a7 40       		.byte	64
 449 01a8 9E       		.byte	-98
 450 01a9 8B       		.byte	-117
 451 01aa 9F       		.byte	-97
 452 01ab 80       		.byte	-128
 453 01ac A2       		.byte	-94
 454 01ad 01       		.byte	1
 455 01ae A3       		.byte	-93
 456 01af 08       		.byte	8
ARM GAS  C:\Users\UCA-MA~1\AppData\Local\Temp\ccH0RipZ.s 			page 9


 457 01b0 A4       		.byte	-92
 458 01b1 A0       		.byte	-96
 459 01b2 A9       		.byte	-87
 460 01b3 11       		.byte	17
 461 01b4 AB       		.byte	-85
 462 01b5 06       		.byte	6
 463 01b6 AF       		.byte	-81
 464 01b7 0C       		.byte	12
 465 01b8 B0       		.byte	-80
 466 01b9 07       		.byte	7
 467 01ba B1       		.byte	-79
 468 01bb 30       		.byte	48
 469 01bc B3       		.byte	-77
 470 01bd 0F       		.byte	15
 471 01be B4       		.byte	-76
 472 01bf F8       		.byte	-8
 473 01c0 B5       		.byte	-75
 474 01c1 C0       		.byte	-64
 475 01c2 B9       		.byte	-71
 476 01c3 02       		.byte	2
 477 01c4 BA       		.byte	-70
 478 01c5 02       		.byte	2
 479 01c6 BB       		.byte	-69
 480 01c7 08       		.byte	8
 481 01c8 C0       		.byte	-64
 482 01c9 34       		.byte	52
 483 01ca C1       		.byte	-63
 484 01cb 06       		.byte	6
 485 01cc C5       		.byte	-59
 486 01cd 0C       		.byte	12
 487 01ce C6       		.byte	-58
 488 01cf BE       		.byte	-66
 489 01d0 C8       		.byte	-56
 490 01d1 0D       		.byte	13
 491 01d2 C9       		.byte	-55
 492 01d3 FF       		.byte	-1
 493 01d4 CA       		.byte	-54
 494 01d5 FF       		.byte	-1
 495 01d6 CB       		.byte	-53
 496 01d7 FF       		.byte	-1
 497 01d8 CE       		.byte	-50
 498 01d9 F0       		.byte	-16
 499 01da CF       		.byte	-49
 500 01db 44       		.byte	68
 501 01dc D0       		.byte	-48
 502 01dd 0C       		.byte	12
 503 01de D8       		.byte	-40
 504 01df 04       		.byte	4
 505 01e0 D9       		.byte	-39
 506 01e1 04       		.byte	4
 507 01e2 DA       		.byte	-38
 508 01e3 04       		.byte	4
 509 01e4 DC       		.byte	-36
 510 01e5 22       		.byte	34
 511 01e6 DD       		.byte	-35
 512 01e7 02       		.byte	2
 513 01e8 DF       		.byte	-33
ARM GAS  C:\Users\UCA-MA~1\AppData\Local\Temp\ccH0RipZ.s 			page 10


 514 01e9 01       		.byte	1
 515 01ea E6       		.byte	-26
 516 01eb C0       		.byte	-64
 517 01ec EA       		.byte	-22
 518 01ed 40       		.byte	64
 519 01ee EB       		.byte	-21
 520 01ef 02       		.byte	2
 521 01f0 00       		.byte	0
 522 01f1 84       		.byte	-124
 523 01f2 02       		.byte	2
 524 01f3 40       		.byte	64
 525 01f4 03       		.byte	3
 526 01f5 8A       		.byte	-118
 527 01f6 06       		.byte	6
 528 01f7 02       		.byte	2
 529 01f8 07       		.byte	7
 530 01f9 04       		.byte	4
 531 01fa 08       		.byte	8
 532 01fb 40       		.byte	64
 533 01fc 09       		.byte	9
 534 01fd 08       		.byte	8
 535 01fe 0F       		.byte	15
 536 01ff 02       		.byte	2
 537 0200 10       		.byte	16
 538 0201 20       		.byte	32
 539 0202 13       		.byte	19
 540 0203 01       		.byte	1
 541 0204 14       		.byte	20
 542 0205 80       		.byte	-128
 543 0206 16       		.byte	22
 544 0207 20       		.byte	32
 545 0208 17       		.byte	23
 546 0209 60       		.byte	96
 547 020a 18       		.byte	24
 548 020b 04       		.byte	4
 549 020c 19       		.byte	25
 550 020d 01       		.byte	1
 551 020e 1E       		.byte	30
 552 020f 90       		.byte	-112
 553 0210 1F       		.byte	31
 554 0211 40       		.byte	64
 555 0212 20       		.byte	32
 556 0213 80       		.byte	-128
 557 0214 21       		.byte	33
 558 0215 18       		.byte	24
 559 0216 22       		.byte	34
 560 0217 10       		.byte	16
 561 0218 23       		.byte	35
 562 0219 04       		.byte	4
 563 021a 2B       		.byte	43
 564 021b 8A       		.byte	-118
 565 021c 31       		.byte	49
 566 021d 49       		.byte	73
 567 021e 33       		.byte	51
 568 021f 10       		.byte	16
 569 0220 35       		.byte	53
 570 0221 02       		.byte	2
ARM GAS  C:\Users\UCA-MA~1\AppData\Local\Temp\ccH0RipZ.s 			page 11


 571 0222 37       		.byte	55
 572 0223 64       		.byte	100
 573 0224 39       		.byte	57
 574 0225 10       		.byte	16
 575 0226 3B       		.byte	59
 576 0227 05       		.byte	5
 577 0228 3C       		.byte	60
 578 0229 08       		.byte	8
 579 022a 3E       		.byte	62
 580 022b 22       		.byte	34
 581 022c 41       		.byte	65
 582 022d 01       		.byte	1
 583 022e 43       		.byte	67
 584 022f 08       		.byte	8
 585 0230 4A       		.byte	74
 586 0231 08       		.byte	8
 587 0232 4B       		.byte	75
 588 0233 08       		.byte	8
 589 0234 50       		.byte	80
 590 0235 20       		.byte	32
 591 0236 51       		.byte	81
 592 0237 40       		.byte	64
 593 0238 64       		.byte	100
 594 0239 40       		.byte	64
 595 023a 65       		.byte	101
 596 023b 01       		.byte	1
 597 023c 86       		.byte	-122
 598 023d 02       		.byte	2
 599 023e 8E       		.byte	-114
 600 023f 22       		.byte	34
 601 0240 8F       		.byte	-113
 602 0241 40       		.byte	64
 603 0242 90       		.byte	-112
 604 0243 28       		.byte	40
 605 0244 91       		.byte	-111
 606 0245 52       		.byte	82
 607 0246 93       		.byte	-109
 608 0247 01       		.byte	1
 609 0248 94       		.byte	-108
 610 0249 80       		.byte	-128
 611 024a 96       		.byte	-106
 612 024b 02       		.byte	2
 613 024c 9A       		.byte	-102
 614 024d 40       		.byte	64
 615 024e 9B       		.byte	-101
 616 024f 10       		.byte	16
 617 0250 9D       		.byte	-99
 618 0251 05       		.byte	5
 619 0252 9E       		.byte	-98
 620 0253 22       		.byte	34
 621 0254 9F       		.byte	-97
 622 0255 40       		.byte	64
 623 0256 A0       		.byte	-96
 624 0257 88       		.byte	-120
 625 0258 A1       		.byte	-95
 626 0259 40       		.byte	64
 627 025a A4       		.byte	-92
ARM GAS  C:\Users\UCA-MA~1\AppData\Local\Temp\ccH0RipZ.s 			page 12


 628 025b 04       		.byte	4
 629 025c A5       		.byte	-91
 630 025d 08       		.byte	8
 631 025e A6       		.byte	-90
 632 025f A2       		.byte	-94
 633 0260 B4       		.byte	-76
 634 0261 04       		.byte	4
 635 0262 C0       		.byte	-64
 636 0263 CF       		.byte	-49
 637 0264 C2       		.byte	-62
 638 0265 85       		.byte	-123
 639 0266 C4       		.byte	-60
 640 0267 FC       		.byte	-4
 641 0268 CA       		.byte	-54
 642 0269 0D       		.byte	13
 643 026a CC       		.byte	-52
 644 026b FF       		.byte	-1
 645 026c CE       		.byte	-50
 646 026d E7       		.byte	-25
 647 026e D0       		.byte	-48
 648 026f 03       		.byte	3
 649 0270 D2       		.byte	-46
 650 0271 04       		.byte	4
 651 0272 E6       		.byte	-26
 652 0273 08       		.byte	8
 653 0274 EA       		.byte	-22
 654 0275 04       		.byte	4
 655 0276 00       		.byte	0
 656 0277 20       		.byte	32
 657 0278 02       		.byte	2
 658 0279 10       		.byte	16
 659 027a 03       		.byte	3
 660 027b 04       		.byte	4
 661 027c 04       		.byte	4
 662 027d F0       		.byte	-16
 663 027e 05       		.byte	5
 664 027f 18       		.byte	24
 665 0280 08       		.byte	8
 666 0281 03       		.byte	3
 667 0282 09       		.byte	9
 668 0283 08       		.byte	8
 669 0284 0A       		.byte	10
 670 0285 0C       		.byte	12
 671 0286 0D       		.byte	13
 672 0287 1C       		.byte	28
 673 0288 0E       		.byte	14
 674 0289 08       		.byte	8
 675 028a 0F       		.byte	15
 676 028b E2       		.byte	-30
 677 028c 10       		.byte	16
 678 028d 10       		.byte	16
 679 028e 11       		.byte	17
 680 028f 44       		.byte	68
 681 0290 12       		.byte	18
 682 0291 60       		.byte	96
 683 0292 14       		.byte	20
 684 0293 0A       		.byte	10
ARM GAS  C:\Users\UCA-MA~1\AppData\Local\Temp\ccH0RipZ.s 			page 13


 685 0294 15       		.byte	21
 686 0295 E7       		.byte	-25
 687 0296 16       		.byte	22
 688 0297 04       		.byte	4
 689 0298 17       		.byte	23
 690 0299 18       		.byte	24
 691 029a 18       		.byte	24
 692 029b 03       		.byte	3
 693 029c 19       		.byte	25
 694 029d 80       		.byte	-128
 695 029e 1A       		.byte	26
 696 029f 04       		.byte	4
 697 02a0 1C       		.byte	28
 698 02a1 03       		.byte	3
 699 02a2 1D       		.byte	29
 700 02a3 10       		.byte	16
 701 02a4 1E       		.byte	30
 702 02a5 04       		.byte	4
 703 02a6 21       		.byte	33
 704 02a7 C0       		.byte	-64
 705 02a8 22       		.byte	34
 706 02a9 05       		.byte	5
 707 02aa 24       		.byte	36
 708 02ab 40       		.byte	64
 709 02ac 26       		.byte	38
 710 02ad 10       		.byte	16
 711 02ae 27       		.byte	39
 712 02af C3       		.byte	-61
 713 02b0 28       		.byte	40
 714 02b1 F0       		.byte	-16
 715 02b2 29       		.byte	41
 716 02b3 DC       		.byte	-36
 717 02b4 2B       		.byte	43
 718 02b5 21       		.byte	33
 719 02b6 2C       		.byte	44
 720 02b7 80       		.byte	-128
 721 02b8 2D       		.byte	45
 722 02b9 FF       		.byte	-1
 723 02ba 30       		.byte	48
 724 02bb 70       		.byte	112
 725 02bc 31       		.byte	49
 726 02bd 1F       		.byte	31
 727 02be 32       		.byte	50
 728 02bf 0F       		.byte	15
 729 02c0 33       		.byte	51
 730 02c1 D8       		.byte	-40
 731 02c2 34       		.byte	52
 732 02c3 80       		.byte	-128
 733 02c4 37       		.byte	55
 734 02c5 20       		.byte	32
 735 02c6 39       		.byte	57
 736 02c7 80       		.byte	-128
 737 02c8 3A       		.byte	58
 738 02c9 08       		.byte	8
 739 02ca 3B       		.byte	59
 740 02cb 2A       		.byte	42
 741 02cc 58       		.byte	88
ARM GAS  C:\Users\UCA-MA~1\AppData\Local\Temp\ccH0RipZ.s 			page 14


 742 02cd 04       		.byte	4
 743 02ce 59       		.byte	89
 744 02cf 04       		.byte	4
 745 02d0 5C       		.byte	92
 746 02d1 22       		.byte	34
 747 02d2 5F       		.byte	95
 748 02d3 01       		.byte	1
 749 02d4 84       		.byte	-124
 750 02d5 01       		.byte	1
 751 02d6 B0       		.byte	-80
 752 02d7 01       		.byte	1
 753 02d8 BE       		.byte	-66
 754 02d9 01       		.byte	1
 755 02da D8       		.byte	-40
 756 02db 04       		.byte	4
 757 02dc D9       		.byte	-39
 758 02dd 04       		.byte	4
 759 02de DF       		.byte	-33
 760 02df 01       		.byte	1
 761 02e0 00       		.byte	0
 762 02e1 80       		.byte	-128
 763 02e2 03       		.byte	3
 764 02e3 98       		.byte	-104
 765 02e4 04       		.byte	4
 766 02e5 04       		.byte	4
 767 02e6 06       		.byte	6
 768 02e7 08       		.byte	8
 769 02e8 07       		.byte	7
 770 02e9 06       		.byte	6
 771 02ea 08       		.byte	8
 772 02eb 40       		.byte	64
 773 02ec 09       		.byte	9
 774 02ed 08       		.byte	8
 775 02ee 0A       		.byte	10
 776 02ef 40       		.byte	64
 777 02f0 0B       		.byte	11
 778 02f1 08       		.byte	8
 779 02f2 0E       		.byte	14
 780 02f3 83       		.byte	-125
 781 02f4 0F       		.byte	15
 782 02f5 10       		.byte	16
 783 02f6 10       		.byte	16
 784 02f7 08       		.byte	8
 785 02f8 11       		.byte	17
 786 02f9 40       		.byte	64
 787 02fa 13       		.byte	19
 788 02fb 05       		.byte	5
 789 02fc 14       		.byte	20
 790 02fd 80       		.byte	-128
 791 02fe 17       		.byte	23
 792 02ff 21       		.byte	33
 793 0300 19       		.byte	25
 794 0301 06       		.byte	6
 795 0302 1A       		.byte	26
 796 0303 40       		.byte	64
 797 0304 1B       		.byte	27
 798 0305 2A       		.byte	42
ARM GAS  C:\Users\UCA-MA~1\AppData\Local\Temp\ccH0RipZ.s 			page 15


 799 0306 1F       		.byte	31
 800 0307 01       		.byte	1
 801 0308 20       		.byte	32
 802 0309 40       		.byte	64
 803 030a 21       		.byte	33
 804 030b 10       		.byte	16
 805 030c 22       		.byte	34
 806 030d A4       		.byte	-92
 807 030e 28       		.byte	40
 808 030f 0A       		.byte	10
 809 0310 29       		.byte	41
 810 0311 02       		.byte	2
 811 0312 2B       		.byte	43
 812 0313 20       		.byte	32
 813 0314 2D       		.byte	45
 814 0315 20       		.byte	32
 815 0316 2E       		.byte	46
 816 0317 21       		.byte	33
 817 0318 30       		.byte	48
 818 0319 80       		.byte	-128
 819 031a 32       		.byte	50
 820 031b 16       		.byte	22
 821 031c 37       		.byte	55
 822 031d 21       		.byte	33
 823 031e 38       		.byte	56
 824 031f 68       		.byte	104
 825 0320 39       		.byte	57
 826 0321 02       		.byte	2
 827 0322 3E       		.byte	62
 828 0323 08       		.byte	8
 829 0324 3F       		.byte	63
 830 0325 12       		.byte	18
 831 0326 49       		.byte	73
 832 0327 40       		.byte	64
 833 0328 4A       		.byte	74
 834 0329 02       		.byte	2
 835 032a 82       		.byte	-126
 836 032b 40       		.byte	64
 837 032c 86       		.byte	-122
 838 032d 80       		.byte	-128
 839 032e 88       		.byte	-120
 840 032f 84       		.byte	-124
 841 0330 90       		.byte	-112
 842 0331 2C       		.byte	44
 843 0332 91       		.byte	-111
 844 0333 C0       		.byte	-64
 845 0334 92       		.byte	-110
 846 0335 20       		.byte	32
 847 0336 93       		.byte	-109
 848 0337 0D       		.byte	13
 849 0338 94       		.byte	-108
 850 0339 80       		.byte	-128
 851 033a 96       		.byte	-106
 852 033b 02       		.byte	2
 853 033c 98       		.byte	-104
 854 033d 40       		.byte	64
 855 033e 9B       		.byte	-101
ARM GAS  C:\Users\UCA-MA~1\AppData\Local\Temp\ccH0RipZ.s 			page 16


 856 033f 10       		.byte	16
 857 0340 9C       		.byte	-100
 858 0341 80       		.byte	-128
 859 0342 9D       		.byte	-99
 860 0343 44       		.byte	68
 861 0344 9E       		.byte	-98
 862 0345 20       		.byte	32
 863 0346 9F       		.byte	-97
 864 0347 24       		.byte	36
 865 0348 A0       		.byte	-96
 866 0349 C8       		.byte	-56
 867 034a A1       		.byte	-95
 868 034b 08       		.byte	8
 869 034c A3       		.byte	-93
 870 034d 01       		.byte	1
 871 034e A4       		.byte	-92
 872 034f 04       		.byte	4
 873 0350 A7       		.byte	-89
 874 0351 08       		.byte	8
 875 0352 A9       		.byte	-87
 876 0353 01       		.byte	1
 877 0354 AA       		.byte	-86
 878 0355 18       		.byte	24
 879 0356 AD       		.byte	-83
 880 0357 42       		.byte	66
 881 0358 AE       		.byte	-82
 882 0359 80       		.byte	-128
 883 035a AF       		.byte	-81
 884 035b 01       		.byte	1
 885 035c B1       		.byte	-79
 886 035d 10       		.byte	16
 887 035e B2       		.byte	-78
 888 035f 40       		.byte	64
 889 0360 B3       		.byte	-77
 890 0361 40       		.byte	64
 891 0362 C0       		.byte	-64
 892 0363 EF       		.byte	-17
 893 0364 C2       		.byte	-62
 894 0365 BF       		.byte	-65
 895 0366 C4       		.byte	-60
 896 0367 5F       		.byte	95
 897 0368 CA       		.byte	-54
 898 0369 AF       		.byte	-81
 899 036a CC       		.byte	-52
 900 036b AF       		.byte	-81
 901 036c CE       		.byte	-50
 902 036d EF       		.byte	-17
 903 036e E0       		.byte	-32
 904 036f 04       		.byte	4
 905 0370 E4       		.byte	-28
 906 0371 08       		.byte	8
 907 0372 E6       		.byte	-26
 908 0373 01       		.byte	1
 909 0374 EA       		.byte	-22
 910 0375 20       		.byte	32
 911 0376 EC       		.byte	-20
 912 0377 01       		.byte	1
ARM GAS  C:\Users\UCA-MA~1\AppData\Local\Temp\ccH0RipZ.s 			page 17


 913 0378 EE       		.byte	-18
 914 0379 88       		.byte	-120
 915 037a 1C       		.byte	28
 916 037b 01       		.byte	1
 917 037c 32       		.byte	50
 918 037d 01       		.byte	1
 919 037e 3E       		.byte	62
 920 037f 04       		.byte	4
 921 0380 58       		.byte	88
 922 0381 04       		.byte	4
 923 0382 59       		.byte	89
 924 0383 04       		.byte	4
 925 0384 5F       		.byte	95
 926 0385 01       		.byte	1
 927 0386 85       		.byte	-123
 928 0387 18       		.byte	24
 929 0388 88       		.byte	-120
 930 0389 01       		.byte	1
 931 038a 89       		.byte	-119
 932 038b 08       		.byte	8
 933 038c 8D       		.byte	-115
 934 038d 1C       		.byte	28
 935 038e 8F       		.byte	-113
 936 038f 23       		.byte	35
 937 0390 91       		.byte	-111
 938 0391 03       		.byte	3
 939 0392 95       		.byte	-107
 940 0393 27       		.byte	39
 941 0394 96       		.byte	-106
 942 0395 01       		.byte	1
 943 0396 97       		.byte	-105
 944 0397 18       		.byte	24
 945 0398 99       		.byte	-103
 946 0399 02       		.byte	2
 947 039a 9A       		.byte	-102
 948 039b 01       		.byte	1
 949 039c 9D       		.byte	-99
 950 039d 10       		.byte	16
 951 039e 9E       		.byte	-98
 952 039f 01       		.byte	1
 953 03a0 A0       		.byte	-96
 954 03a1 01       		.byte	1
 955 03a2 A1       		.byte	-95
 956 03a3 01       		.byte	1
 957 03a4 A3       		.byte	-93
 958 03a5 40       		.byte	64
 959 03a6 A7       		.byte	-89
 960 03a7 27       		.byte	39
 961 03a8 A9       		.byte	-87
 962 03a9 18       		.byte	24
 963 03aa AB       		.byte	-85
 964 03ab 27       		.byte	39
 965 03ac AD       		.byte	-83
 966 03ad 3F       		.byte	63
 967 03ae B0       		.byte	-80
 968 03af 01       		.byte	1
 969 03b0 B1       		.byte	-79
ARM GAS  C:\Users\UCA-MA~1\AppData\Local\Temp\ccH0RipZ.s 			page 18


 970 03b1 40       		.byte	64
 971 03b2 B3       		.byte	-77
 972 03b3 1C       		.byte	28
 973 03b4 B5       		.byte	-75
 974 03b5 38       		.byte	56
 975 03b6 B7       		.byte	-73
 976 03b7 03       		.byte	3
 977 03b8 BB       		.byte	-69
 978 03b9 20       		.byte	32
 979 03ba BE       		.byte	-66
 980 03bb 01       		.byte	1
 981 03bc D4       		.byte	-44
 982 03bd 01       		.byte	1
 983 03be D8       		.byte	-40
 984 03bf 04       		.byte	4
 985 03c0 D9       		.byte	-39
 986 03c1 04       		.byte	4
 987 03c2 DB       		.byte	-37
 988 03c3 04       		.byte	4
 989 03c4 DC       		.byte	-36
 990 03c5 20       		.byte	32
 991 03c6 DD       		.byte	-35
 992 03c7 20       		.byte	32
 993 03c8 DF       		.byte	-33
 994 03c9 01       		.byte	1
 995 03ca 00       		.byte	0
 996 03cb 08       		.byte	8
 997 03cc 02       		.byte	2
 998 03cd 80       		.byte	-128
 999 03ce 03       		.byte	3
 1000 03cf 09       		.byte	9
 1001 03d0 05       		.byte	5
 1002 03d1 20       		.byte	32
 1003 03d2 06       		.byte	6
 1004 03d3 08       		.byte	8
 1005 03d4 07       		.byte	7
 1006 03d5 01       		.byte	1
 1007 03d6 08       		.byte	8
 1008 03d7 10       		.byte	16
 1009 03d8 09       		.byte	9
 1010 03d9 09       		.byte	9
 1011 03da 0B       		.byte	11
 1012 03db C9       		.byte	-55
 1013 03dc 0D       		.byte	13
 1014 03dd 40       		.byte	64
 1015 03de 0E       		.byte	14
 1016 03df 01       		.byte	1
 1017 03e0 0F       		.byte	15
 1018 03e1 D0       		.byte	-48
 1019 03e2 10       		.byte	16
 1020 03e3 45       		.byte	69
 1021 03e4 12       		.byte	18
 1022 03e5 10       		.byte	16
 1023 03e6 14       		.byte	20
 1024 03e7 84       		.byte	-124
 1025 03e8 16       		.byte	22
 1026 03e9 30       		.byte	48
ARM GAS  C:\Users\UCA-MA~1\AppData\Local\Temp\ccH0RipZ.s 			page 19


 1027 03ea 17       		.byte	23
 1028 03eb 06       		.byte	6
 1029 03ec 1A       		.byte	26
 1030 03ed 40       		.byte	64
 1031 03ee 1D       		.byte	29
 1032 03ef 04       		.byte	4
 1033 03f0 20       		.byte	32
 1034 03f1 24       		.byte	36
 1035 03f2 21       		.byte	33
 1036 03f3 01       		.byte	1
 1037 03f4 22       		.byte	34
 1038 03f5 40       		.byte	64
 1039 03f6 28       		.byte	40
 1040 03f7 0A       		.byte	10
 1041 03f8 2B       		.byte	43
 1042 03f9 A0       		.byte	-96
 1043 03fa 2E       		.byte	46
 1044 03fb 28       		.byte	40
 1045 03fc 2F       		.byte	47
 1046 03fd 40       		.byte	64
 1047 03fe 30       		.byte	48
 1048 03ff 80       		.byte	-128
 1049 0400 32       		.byte	50
 1050 0401 14       		.byte	20
 1051 0402 33       		.byte	51
 1052 0403 02       		.byte	2
 1053 0404 34       		.byte	52
 1054 0405 80       		.byte	-128
 1055 0406 36       		.byte	54
 1056 0407 A0       		.byte	-96
 1057 0408 37       		.byte	55
 1058 0409 01       		.byte	1
 1059 040a 38       		.byte	56
 1060 040b 68       		.byte	104
 1061 040c 3C       		.byte	60
 1062 040d 08       		.byte	8
 1063 040e 58       		.byte	88
 1064 040f 10       		.byte	16
 1065 0410 59       		.byte	89
 1066 0411 04       		.byte	4
 1067 0412 5A       		.byte	90
 1068 0413 41       		.byte	65
 1069 0414 7C       		.byte	124
 1070 0415 0C       		.byte	12
 1071 0416 8A       		.byte	-118
 1072 0417 04       		.byte	4
 1073 0418 8E       		.byte	-114
 1074 0419 21       		.byte	33
 1075 041a 8F       		.byte	-113
 1076 041b 20       		.byte	32
 1077 041c 90       		.byte	-112
 1078 041d 68       		.byte	104
 1079 041e 91       		.byte	-111
 1080 041f A0       		.byte	-96
 1081 0420 92       		.byte	-110
 1082 0421 28       		.byte	40
 1083 0422 93       		.byte	-109
ARM GAS  C:\Users\UCA-MA~1\AppData\Local\Temp\ccH0RipZ.s 			page 20


 1084 0423 09       		.byte	9
 1085 0424 95       		.byte	-107
 1086 0425 02       		.byte	2
 1087 0426 96       		.byte	-106
 1088 0427 02       		.byte	2
 1089 0428 97       		.byte	-105
 1090 0429 10       		.byte	16
 1091 042a 98       		.byte	-104
 1092 042b 42       		.byte	66
 1093 042c 9B       		.byte	-101
 1094 042d 01       		.byte	1
 1095 042e 9C       		.byte	-100
 1096 042f 08       		.byte	8
 1097 0430 9F       		.byte	-97
 1098 0431 06       		.byte	6
 1099 0432 A0       		.byte	-96
 1100 0433 80       		.byte	-128
 1101 0434 A1       		.byte	-95
 1102 0435 09       		.byte	9
 1103 0436 A3       		.byte	-93
 1104 0437 AA       		.byte	-86
 1105 0438 A6       		.byte	-90
 1106 0439 01       		.byte	1
 1107 043a A8       		.byte	-88
 1108 043b 40       		.byte	64
 1109 043c A9       		.byte	-87
 1110 043d 21       		.byte	33
 1111 043e AB       		.byte	-85
 1112 043f 20       		.byte	32
 1113 0440 AD       		.byte	-83
 1114 0441 60       		.byte	96
 1115 0442 AE       		.byte	-82
 1116 0443 40       		.byte	64
 1117 0444 AF       		.byte	-81
 1118 0445 80       		.byte	-128
 1119 0446 B0       		.byte	-80
 1120 0447 02       		.byte	2
 1121 0448 B2       		.byte	-78
 1122 0449 20       		.byte	32
 1123 044a B7       		.byte	-73
 1124 044b 01       		.byte	1
 1125 044c C0       		.byte	-64
 1126 044d CF       		.byte	-49
 1127 044e C2       		.byte	-62
 1128 044f BF       		.byte	-65
 1129 0450 C4       		.byte	-60
 1130 0451 7F       		.byte	127
 1131 0452 CA       		.byte	-54
 1132 0453 EF       		.byte	-17
 1133 0454 CC       		.byte	-52
 1134 0455 BF       		.byte	-65
 1135 0456 CE       		.byte	-50
 1136 0457 4E       		.byte	78
 1137 0458 D6       		.byte	-42
 1138 0459 0F       		.byte	15
 1139 045a E6       		.byte	-26
 1140 045b 03       		.byte	3
ARM GAS  C:\Users\UCA-MA~1\AppData\Local\Temp\ccH0RipZ.s 			page 21


 1141 045c EA       		.byte	-22
 1142 045d 41       		.byte	65
 1143 045e EC       		.byte	-20
 1144 045f 08       		.byte	8
 1145 0460 EE       		.byte	-18
 1146 0461 01       		.byte	1
 1147 0462 02       		.byte	2
 1148 0463 03       		.byte	3
 1149 0464 04       		.byte	4
 1150 0465 09       		.byte	9
 1151 0466 06       		.byte	6
 1152 0467 10       		.byte	16
 1153 0468 07       		.byte	7
 1154 0469 01       		.byte	1
 1155 046a 08       		.byte	8
 1156 046b 40       		.byte	64
 1157 046c 0B       		.byte	11
 1158 046d 04       		.byte	4
 1159 046e 11       		.byte	17
 1160 046f 02       		.byte	2
 1161 0470 14       		.byte	20
 1162 0471 14       		.byte	20
 1163 0472 15       		.byte	21
 1164 0473 03       		.byte	3
 1165 0474 18       		.byte	24
 1166 0475 2C       		.byte	44
 1167 0476 19       		.byte	25
 1168 0477 03       		.byte	3
 1169 0478 1A       		.byte	26
 1170 0479 11       		.byte	17
 1171 047a 1C       		.byte	28
 1172 047b 1C       		.byte	28
 1173 047c 1E       		.byte	30
 1174 047d 22       		.byte	34
 1175 047e 20       		.byte	32
 1176 047f 10       		.byte	16
 1177 0480 28       		.byte	40
 1178 0481 30       		.byte	48
 1179 0482 2A       		.byte	42
 1180 0483 0C       		.byte	12
 1181 0484 2B       		.byte	43
 1182 0485 04       		.byte	4
 1183 0486 30       		.byte	48
 1184 0487 1F       		.byte	31
 1185 0488 31       		.byte	49
 1186 0489 04       		.byte	4
 1187 048a 34       		.byte	52
 1188 048b 60       		.byte	96
 1189 048c 35       		.byte	53
 1190 048d 03       		.byte	3
 1191 048e 38       		.byte	56
 1192 048f 28       		.byte	40
 1193 0490 39       		.byte	57
 1194 0491 20       		.byte	32
 1195 0492 3E       		.byte	62
 1196 0493 04       		.byte	4
 1197 0494 3F       		.byte	63
ARM GAS  C:\Users\UCA-MA~1\AppData\Local\Temp\ccH0RipZ.s 			page 22


 1198 0495 11       		.byte	17
 1199 0496 40       		.byte	64
 1200 0497 15       		.byte	21
 1201 0498 41       		.byte	65
 1202 0499 06       		.byte	6
 1203 049a 42       		.byte	66
 1204 049b 02       		.byte	2
 1205 049c 44       		.byte	68
 1206 049d 03       		.byte	3
 1207 049e 46       		.byte	70
 1208 049f CE       		.byte	-50
 1209 04a0 48       		.byte	72
 1210 04a1 0C       		.byte	12
 1211 04a2 49       		.byte	73
 1212 04a3 FF       		.byte	-1
 1213 04a4 4A       		.byte	74
 1214 04a5 FF       		.byte	-1
 1215 04a6 4B       		.byte	75
 1216 04a7 FF       		.byte	-1
 1217 04a8 4C       		.byte	76
 1218 04a9 62       		.byte	98
 1219 04aa 4D       		.byte	77
 1220 04ab A0       		.byte	-96
 1221 04ac 4E       		.byte	78
 1222 04ad F0       		.byte	-16
 1223 04ae 4F       		.byte	79
 1224 04af 41       		.byte	65
 1225 04b0 50       		.byte	80
 1226 04b1 0C       		.byte	12
 1227 04b2 54       		.byte	84
 1228 04b3 18       		.byte	24
 1229 04b4 56       		.byte	86
 1230 04b5 04       		.byte	4
 1231 04b6 58       		.byte	88
 1232 04b7 04       		.byte	4
 1233 04b8 59       		.byte	89
 1234 04b9 04       		.byte	4
 1235 04ba 5A       		.byte	90
 1236 04bb 04       		.byte	4
 1237 04bc 5B       		.byte	91
 1238 04bd 04       		.byte	4
 1239 04be 5C       		.byte	92
 1240 04bf 01       		.byte	1
 1241 04c0 5D       		.byte	93
 1242 04c1 22       		.byte	34
 1243 04c2 5F       		.byte	95
 1244 04c3 01       		.byte	1
 1245 04c4 66       		.byte	102
 1246 04c5 40       		.byte	64
 1247 04c6 67       		.byte	103
 1248 04c7 02       		.byte	2
 1249 04c8 69       		.byte	105
 1250 04c9 10       		.byte	16
 1251 04ca 6A       		.byte	106
 1252 04cb 30       		.byte	48
 1253 04cc 6B       		.byte	107
 1254 04cd 10       		.byte	16
ARM GAS  C:\Users\UCA-MA~1\AppData\Local\Temp\ccH0RipZ.s 			page 23


 1255 04ce 6D       		.byte	109
 1256 04cf 10       		.byte	16
 1257 04d0 6E       		.byte	110
 1258 04d1 10       		.byte	16
 1259 04d2 6F       		.byte	111
 1260 04d3 12       		.byte	18
 1261 04d4 84       		.byte	-124
 1262 04d5 0E       		.byte	14
 1263 04d6 8A       		.byte	-118
 1264 04d7 01       		.byte	1
 1265 04d8 8C       		.byte	-116
 1266 04d9 08       		.byte	8
 1267 04da 90       		.byte	-112
 1268 04db 04       		.byte	4
 1269 04dc 92       		.byte	-110
 1270 04dd 02       		.byte	2
 1271 04de 96       		.byte	-106
 1272 04df 01       		.byte	1
 1273 04e0 A4       		.byte	-92
 1274 04e1 0E       		.byte	14
 1275 04e2 A8       		.byte	-88
 1276 04e3 02       		.byte	2
 1277 04e4 AA       		.byte	-86
 1278 04e5 04       		.byte	4
 1279 04e6 B0       		.byte	-80
 1280 04e7 06       		.byte	6
 1281 04e8 B4       		.byte	-76
 1282 04e9 01       		.byte	1
 1283 04ea B6       		.byte	-74
 1284 04eb 08       		.byte	8
 1285 04ec BE       		.byte	-66
 1286 04ed 10       		.byte	16
 1287 04ee D2       		.byte	-46
 1288 04ef 03       		.byte	3
 1289 04f0 D3       		.byte	-45
 1290 04f1 02       		.byte	2
 1291 04f2 D8       		.byte	-40
 1292 04f3 04       		.byte	4
 1293 04f4 D9       		.byte	-39
 1294 04f5 04       		.byte	4
 1295 04f6 DB       		.byte	-37
 1296 04f7 04       		.byte	4
 1297 04f8 DC       		.byte	-36
 1298 04f9 01       		.byte	1
 1299 04fa DF       		.byte	-33
 1300 04fb 01       		.byte	1
 1301 04fc 00       		.byte	0
 1302 04fd 28       		.byte	40
 1303 04fe 03       		.byte	3
 1304 04ff 01       		.byte	1
 1305 0500 04       		.byte	4
 1306 0501 04       		.byte	4
 1307 0502 05       		.byte	5
 1308 0503 01       		.byte	1
 1309 0504 06       		.byte	6
 1310 0505 08       		.byte	8
 1311 0506 0A       		.byte	10
ARM GAS  C:\Users\UCA-MA~1\AppData\Local\Temp\ccH0RipZ.s 			page 24


 1312 0507 A0       		.byte	-96
 1313 0508 0E       		.byte	14
 1314 0509 0A       		.byte	10
 1315 050a 0F       		.byte	15
 1316 050b 10       		.byte	16
 1317 050c 11       		.byte	17
 1318 050d 04       		.byte	4
 1319 050e 12       		.byte	18
 1320 050f 04       		.byte	4
 1321 0510 15       		.byte	21
 1322 0511 01       		.byte	1
 1323 0512 17       		.byte	23
 1324 0513 20       		.byte	32
 1325 0514 19       		.byte	25
 1326 0515 80       		.byte	-128
 1327 0516 1A       		.byte	26
 1328 0517 88       		.byte	-120
 1329 0518 1B       		.byte	27
 1330 0519 02       		.byte	2
 1331 051a 1C       		.byte	28
 1332 051b 84       		.byte	-124
 1333 051c 1D       		.byte	29
 1334 051d 05       		.byte	5
 1335 051e 1F       		.byte	31
 1336 051f 10       		.byte	16
 1337 0520 25       		.byte	37
 1338 0521 12       		.byte	18
 1339 0522 2B       		.byte	43
 1340 0523 91       		.byte	-111
 1341 0524 2C       		.byte	44
 1342 0525 04       		.byte	4
 1343 0526 30       		.byte	48
 1344 0527 41       		.byte	65
 1345 0528 31       		.byte	49
 1346 0529 02       		.byte	2
 1347 052a 32       		.byte	50
 1348 052b 08       		.byte	8
 1349 052c 36       		.byte	54
 1350 052d 27       		.byte	39
 1351 052e 37       		.byte	55
 1352 052f 20       		.byte	32
 1353 0530 38       		.byte	56
 1354 0531 60       		.byte	96
 1355 0532 3E       		.byte	62
 1356 0533 28       		.byte	40
 1357 0534 44       		.byte	68
 1358 0535 04       		.byte	4
 1359 0536 46       		.byte	70
 1360 0537 02       		.byte	2
 1361 0538 47       		.byte	71
 1362 0539 08       		.byte	8
 1363 053a 4C       		.byte	76
 1364 053b 01       		.byte	1
 1365 053c 4D       		.byte	77
 1366 053d 20       		.byte	32
 1367 053e 55       		.byte	85
 1368 053f 40       		.byte	64
ARM GAS  C:\Users\UCA-MA~1\AppData\Local\Temp\ccH0RipZ.s 			page 25


 1369 0540 56       		.byte	86
 1370 0541 20       		.byte	32
 1371 0542 5C       		.byte	92
 1372 0543 02       		.byte	2
 1373 0544 64       		.byte	100
 1374 0545 09       		.byte	9
 1375 0546 67       		.byte	103
 1376 0547 40       		.byte	64
 1377 0548 68       		.byte	104
 1378 0549 08       		.byte	8
 1379 054a 69       		.byte	105
 1380 054b 80       		.byte	-128
 1381 054c 81       		.byte	-127
 1382 054d 04       		.byte	4
 1383 054e 86       		.byte	-122
 1384 054f 84       		.byte	-124
 1385 0550 87       		.byte	-121
 1386 0551 40       		.byte	64
 1387 0552 8A       		.byte	-118
 1388 0553 02       		.byte	2
 1389 0554 8C       		.byte	-116
 1390 0555 01       		.byte	1
 1391 0556 8F       		.byte	-113
 1392 0557 10       		.byte	16
 1393 0558 90       		.byte	-112
 1394 0559 70       		.byte	112
 1395 055a 91       		.byte	-111
 1396 055b 01       		.byte	1
 1397 055c 92       		.byte	-110
 1398 055d 10       		.byte	16
 1399 055e 95       		.byte	-107
 1400 055f 80       		.byte	-128
 1401 0560 96       		.byte	-106
 1402 0561 40       		.byte	64
 1403 0562 98       		.byte	-104
 1404 0563 48       		.byte	72
 1405 0564 99       		.byte	-103
 1406 0565 20       		.byte	32
 1407 0566 9A       		.byte	-102
 1408 0567 48       		.byte	72
 1409 0568 9B       		.byte	-101
 1410 0569 08       		.byte	8
 1411 056a A1       		.byte	-95
 1412 056b 08       		.byte	8
 1413 056c A2       		.byte	-94
 1414 056d 08       		.byte	8
 1415 056e A3       		.byte	-93
 1416 056f 91       		.byte	-111
 1417 0570 A4       		.byte	-92
 1418 0571 08       		.byte	8
 1419 0572 A5       		.byte	-91
 1420 0573 50       		.byte	80
 1421 0574 A8       		.byte	-88
 1422 0575 10       		.byte	16
 1423 0576 AA       		.byte	-86
 1424 0577 10       		.byte	16
 1425 0578 AB       		.byte	-85
ARM GAS  C:\Users\UCA-MA~1\AppData\Local\Temp\ccH0RipZ.s 			page 26


 1426 0579 80       		.byte	-128
 1427 057a AF       		.byte	-81
 1428 057b 20       		.byte	32
 1429 057c B1       		.byte	-79
 1430 057d 20       		.byte	32
 1431 057e B4       		.byte	-76
 1432 057f 20       		.byte	32
 1433 0580 C0       		.byte	-64
 1434 0581 77       		.byte	119
 1435 0582 C2       		.byte	-62
 1436 0583 EC       		.byte	-20
 1437 0584 C4       		.byte	-60
 1438 0585 56       		.byte	86
 1439 0586 CA       		.byte	-54
 1440 0587 2B       		.byte	43
 1441 0588 CC       		.byte	-52
 1442 0589 EA       		.byte	-22
 1443 058a CE       		.byte	-50
 1444 058b 6C       		.byte	108
 1445 058c D0       		.byte	-48
 1446 058d 70       		.byte	112
 1447 058e D2       		.byte	-46
 1448 058f 30       		.byte	48
 1449 0590 D6       		.byte	-42
 1450 0591 80       		.byte	-128
 1451 0592 D8       		.byte	-40
 1452 0593 B0       		.byte	-80
 1453 0594 E0       		.byte	-32
 1454 0595 C0       		.byte	-64
 1455 0596 E2       		.byte	-30
 1456 0597 10       		.byte	16
 1457 0598 E8       		.byte	-24
 1458 0599 20       		.byte	32
 1459 059a 06       		.byte	6
 1460 059b 04       		.byte	4
 1461 059c 15       		.byte	21
 1462 059d 01       		.byte	1
 1463 059e 25       		.byte	37
 1464 059f 01       		.byte	1
 1465 05a0 26       		.byte	38
 1466 05a1 01       		.byte	1
 1467 05a2 2E       		.byte	46
 1468 05a3 02       		.byte	2
 1469 05a4 30       		.byte	48
 1470 05a5 02       		.byte	2
 1471 05a6 31       		.byte	49
 1472 05a7 01       		.byte	1
 1473 05a8 32       		.byte	50
 1474 05a9 01       		.byte	1
 1475 05aa 34       		.byte	52
 1476 05ab 04       		.byte	4
 1477 05ac 39       		.byte	57
 1478 05ad 02       		.byte	2
 1479 05ae 3B       		.byte	59
 1480 05af 08       		.byte	8
 1481 05b0 3F       		.byte	63
 1482 05b1 01       		.byte	1
ARM GAS  C:\Users\UCA-MA~1\AppData\Local\Temp\ccH0RipZ.s 			page 27


 1483 05b2 56       		.byte	86
 1484 05b3 02       		.byte	2
 1485 05b4 57       		.byte	87
 1486 05b5 3E       		.byte	62
 1487 05b6 58       		.byte	88
 1488 05b7 04       		.byte	4
 1489 05b8 59       		.byte	89
 1490 05b9 04       		.byte	4
 1491 05ba 5B       		.byte	91
 1492 05bb 0C       		.byte	12
 1493 05bc 5C       		.byte	92
 1494 05bd 10       		.byte	16
 1495 05be 5F       		.byte	95
 1496 05bf 01       		.byte	1
 1497 05c0 87       		.byte	-121
 1498 05c1 01       		.byte	1
 1499 05c2 8F       		.byte	-113
 1500 05c3 04       		.byte	4
 1501 05c4 92       		.byte	-110
 1502 05c5 01       		.byte	1
 1503 05c6 93       		.byte	-109
 1504 05c7 02       		.byte	2
 1505 05c8 9B       		.byte	-101
 1506 05c9 04       		.byte	4
 1507 05ca A7       		.byte	-89
 1508 05cb 02       		.byte	2
 1509 05cc B3       		.byte	-77
 1510 05cd 04       		.byte	4
 1511 05ce B5       		.byte	-75
 1512 05cf 03       		.byte	3
 1513 05d0 B6       		.byte	-74
 1514 05d1 01       		.byte	1
 1515 05d2 BF       		.byte	-65
 1516 05d3 14       		.byte	20
 1517 05d4 D8       		.byte	-40
 1518 05d5 04       		.byte	4
 1519 05d6 D9       		.byte	-39
 1520 05d7 04       		.byte	4
 1521 05d8 DF       		.byte	-33
 1522 05d9 01       		.byte	1
 1523 05da 00       		.byte	0
 1524 05db 48       		.byte	72
 1525 05dc 03       		.byte	3
 1526 05dd C0       		.byte	-64
 1527 05de 04       		.byte	4
 1528 05df 50       		.byte	80
 1529 05e0 07       		.byte	7
 1530 05e1 40       		.byte	64
 1531 05e2 08       		.byte	8
 1532 05e3 50       		.byte	80
 1533 05e4 0A       		.byte	10
 1534 05e5 80       		.byte	-128
 1535 05e6 0B       		.byte	11
 1536 05e7 10       		.byte	16
 1537 05e8 0C       		.byte	12
 1538 05e9 10       		.byte	16
 1539 05ea 0D       		.byte	13
ARM GAS  C:\Users\UCA-MA~1\AppData\Local\Temp\ccH0RipZ.s 			page 28


 1540 05eb 01       		.byte	1
 1541 05ec 0F       		.byte	15
 1542 05ed 22       		.byte	34
 1543 05ee 10       		.byte	16
 1544 05ef 22       		.byte	34
 1545 05f0 12       		.byte	18
 1546 05f1 08       		.byte	8
 1547 05f2 17       		.byte	23
 1548 05f3 80       		.byte	-128
 1549 05f4 18       		.byte	24
 1550 05f5 20       		.byte	32
 1551 05f6 1A       		.byte	26
 1552 05f7 80       		.byte	-128
 1553 05f8 1B       		.byte	27
 1554 05f9 19       		.byte	25
 1555 05fa 1F       		.byte	31
 1556 05fb 80       		.byte	-128
 1557 05fc 21       		.byte	33
 1558 05fd 0A       		.byte	10
 1559 05fe 27       		.byte	39
 1560 05ff 18       		.byte	24
 1561 0600 28       		.byte	40
 1562 0601 20       		.byte	32
 1563 0602 2F       		.byte	47
 1564 0603 A9       		.byte	-87
 1565 0604 30       		.byte	48
 1566 0605 08       		.byte	8
 1567 0606 31       		.byte	49
 1568 0607 04       		.byte	4
 1569 0608 34       		.byte	52
 1570 0609 40       		.byte	64
 1571 060a 36       		.byte	54
 1572 060b 9A       		.byte	-102
 1573 060c 37       		.byte	55
 1574 060d 80       		.byte	-128
 1575 060e 3D       		.byte	61
 1576 060f 88       		.byte	-120
 1577 0610 3F       		.byte	63
 1578 0611 32       		.byte	50
 1579 0612 44       		.byte	68
 1580 0613 08       		.byte	8
 1581 0614 47       		.byte	71
 1582 0615 10       		.byte	16
 1583 0616 59       		.byte	89
 1584 0617 04       		.byte	4
 1585 0618 61       		.byte	97
 1586 0619 02       		.byte	2
 1587 061a 68       		.byte	104
 1588 061b 86       		.byte	-122
 1589 061c 69       		.byte	105
 1590 061d 06       		.byte	6
 1591 061e 6B       		.byte	107
 1592 061f 04       		.byte	4
 1593 0620 70       		.byte	112
 1594 0621 60       		.byte	96
 1595 0622 79       		.byte	121
 1596 0623 80       		.byte	-128
ARM GAS  C:\Users\UCA-MA~1\AppData\Local\Temp\ccH0RipZ.s 			page 29


 1597 0624 81       		.byte	-127
 1598 0625 04       		.byte	4
 1599 0626 86       		.byte	-122
 1600 0627 10       		.byte	16
 1601 0628 88       		.byte	-120
 1602 0629 10       		.byte	16
 1603 062a 8B       		.byte	-117
 1604 062b 08       		.byte	8
 1605 062c 90       		.byte	-112
 1606 062d 50       		.byte	80
 1607 062e 91       		.byte	-111
 1608 062f 01       		.byte	1
 1609 0630 92       		.byte	-110
 1610 0631 10       		.byte	16
 1611 0632 93       		.byte	-109
 1612 0633 02       		.byte	2
 1613 0634 94       		.byte	-108
 1614 0635 80       		.byte	-128
 1615 0636 95       		.byte	-107
 1616 0637 84       		.byte	-124
 1617 0638 96       		.byte	-106
 1618 0639 40       		.byte	64
 1619 063a 9A       		.byte	-102
 1620 063b 48       		.byte	72
 1621 063c 9F       		.byte	-97
 1622 063d 04       		.byte	4
 1623 063e A2       		.byte	-94
 1624 063f 0A       		.byte	10
 1625 0640 A4       		.byte	-92
 1626 0641 A2       		.byte	-94
 1627 0642 A5       		.byte	-91
 1628 0643 10       		.byte	16
 1629 0644 A6       		.byte	-90
 1630 0645 80       		.byte	-128
 1631 0646 A7       		.byte	-89
 1632 0647 99       		.byte	-103
 1633 0648 A8       		.byte	-88
 1634 0649 80       		.byte	-128
 1635 064a AF       		.byte	-81
 1636 064b 80       		.byte	-128
 1637 064c B2       		.byte	-78
 1638 064d 02       		.byte	2
 1639 064e C0       		.byte	-64
 1640 064f DD       		.byte	-35
 1641 0650 C2       		.byte	-62
 1642 0651 FF       		.byte	-1
 1643 0652 C4       		.byte	-60
 1644 0653 87       		.byte	-121
 1645 0654 CA       		.byte	-54
 1646 0655 F2       		.byte	-14
 1647 0656 CC       		.byte	-52
 1648 0657 F2       		.byte	-14
 1649 0658 CE       		.byte	-50
 1650 0659 F0       		.byte	-16
 1651 065a D6       		.byte	-42
 1652 065b 02       		.byte	2
 1653 065c D8       		.byte	-40
ARM GAS  C:\Users\UCA-MA~1\AppData\Local\Temp\ccH0RipZ.s 			page 30


 1654 065d 01       		.byte	1
 1655 065e DE       		.byte	-34
 1656 065f 08       		.byte	8
 1657 0660 E2       		.byte	-30
 1658 0661 20       		.byte	32
 1659 0662 E6       		.byte	-26
 1660 0663 01       		.byte	1
 1661 0664 EC       		.byte	-20
 1662 0665 20       		.byte	32
 1663 0666 07       		.byte	7
 1664 0667 01       		.byte	1
 1665 0668 33       		.byte	51
 1666 0669 01       		.byte	1
 1667 066a 40       		.byte	64
 1668 066b 02       		.byte	2
 1669 066c 45       		.byte	69
 1670 066d 40       		.byte	64
 1671 066e 49       		.byte	73
 1672 066f FF       		.byte	-1
 1673 0670 4A       		.byte	74
 1674 0671 07       		.byte	7
 1675 0672 4B       		.byte	75
 1676 0673 FF       		.byte	-1
 1677 0674 4C       		.byte	76
 1678 0675 40       		.byte	64
 1679 0676 4D       		.byte	77
 1680 0677 20       		.byte	32
 1681 0678 4E       		.byte	78
 1682 0679 F0       		.byte	-16
 1683 067a 4F       		.byte	79
 1684 067b 05       		.byte	5
 1685 067c 50       		.byte	80
 1686 067d 08       		.byte	8
 1687 067e 56       		.byte	86
 1688 067f 08       		.byte	8
 1689 0680 58       		.byte	88
 1690 0681 04       		.byte	4
 1691 0682 59       		.byte	89
 1692 0683 04       		.byte	4
 1693 0684 5A       		.byte	90
 1694 0685 04       		.byte	4
 1695 0686 5B       		.byte	91
 1696 0687 04       		.byte	4
 1697 0688 5D       		.byte	93
 1698 0689 91       		.byte	-111
 1699 068a 5F       		.byte	95
 1700 068b 01       		.byte	1
 1701 068c 60       		.byte	96
 1702 068d 40       		.byte	64
 1703 068e 61       		.byte	97
 1704 068f A8       		.byte	-88
 1705 0690 62       		.byte	98
 1706 0691 40       		.byte	64
 1707 0692 63       		.byte	99
 1708 0693 20       		.byte	32
 1709 0694 83       		.byte	-125
 1710 0695 02       		.byte	2
ARM GAS  C:\Users\UCA-MA~1\AppData\Local\Temp\ccH0RipZ.s 			page 31


 1711 0696 85       		.byte	-123
 1712 0697 08       		.byte	8
 1713 0698 86       		.byte	-122
 1714 0699 08       		.byte	8
 1715 069a 8B       		.byte	-117
 1716 069b 08       		.byte	8
 1717 069c 8C       		.byte	-116
 1718 069d 02       		.byte	2
 1719 069e 8D       		.byte	-115
 1720 069f 02       		.byte	2
 1721 06a0 91       		.byte	-111
 1722 06a1 80       		.byte	-128
 1723 06a2 92       		.byte	-110
 1724 06a3 10       		.byte	16
 1725 06a4 93       		.byte	-109
 1726 06a5 40       		.byte	64
 1727 06a6 94       		.byte	-108
 1728 06a7 01       		.byte	1
 1729 06a8 95       		.byte	-107
 1730 06a9 20       		.byte	32
 1731 06aa 97       		.byte	-105
 1732 06ab 10       		.byte	16
 1733 06ac 99       		.byte	-103
 1734 06ad 01       		.byte	1
 1735 06ae 9C       		.byte	-100
 1736 06af 04       		.byte	4
 1737 06b0 9D       		.byte	-99
 1738 06b1 04       		.byte	4
 1739 06b2 A2       		.byte	-94
 1740 06b3 04       		.byte	4
 1741 06b4 A3       		.byte	-93
 1742 06b5 04       		.byte	4
 1743 06b6 A5       		.byte	-91
 1744 06b7 10       		.byte	16
 1745 06b8 A6       		.byte	-90
 1746 06b9 01       		.byte	1
 1747 06ba A7       		.byte	-89
 1748 06bb 20       		.byte	32
 1749 06bc A8       		.byte	-88
 1750 06bd 08       		.byte	8
 1751 06be AB       		.byte	-85
 1752 06bf 01       		.byte	1
 1753 06c0 AD       		.byte	-83
 1754 06c1 40       		.byte	64
 1755 06c2 AE       		.byte	-82
 1756 06c3 02       		.byte	2
 1757 06c4 AF       		.byte	-81
 1758 06c5 80       		.byte	-128
 1759 06c6 B1       		.byte	-79
 1760 06c7 FF       		.byte	-1
 1761 06c8 B2       		.byte	-78
 1762 06c9 1F       		.byte	31
 1763 06ca B8       		.byte	-72
 1764 06cb 08       		.byte	8
 1765 06cc BE       		.byte	-66
 1766 06cd 04       		.byte	4
 1767 06ce BF       		.byte	-65
ARM GAS  C:\Users\UCA-MA~1\AppData\Local\Temp\ccH0RipZ.s 			page 32


 1768 06cf 01       		.byte	1
 1769 06d0 D4       		.byte	-44
 1770 06d1 01       		.byte	1
 1771 06d2 D8       		.byte	-40
 1772 06d3 04       		.byte	4
 1773 06d4 D9       		.byte	-39
 1774 06d5 04       		.byte	4
 1775 06d6 DB       		.byte	-37
 1776 06d7 0C       		.byte	12
 1777 06d8 DF       		.byte	-33
 1778 06d9 01       		.byte	1
 1779 06da 00       		.byte	0
 1780 06db 40       		.byte	64
 1781 06dc 01       		.byte	1
 1782 06dd 04       		.byte	4
 1783 06de 02       		.byte	2
 1784 06df 85       		.byte	-123
 1785 06e0 04       		.byte	4
 1786 06e1 10       		.byte	16
 1787 06e2 05       		.byte	5
 1788 06e3 04       		.byte	4
 1789 06e4 08       		.byte	8
 1790 06e5 44       		.byte	68
 1791 06e6 09       		.byte	9
 1792 06e7 02       		.byte	2
 1793 06e8 0A       		.byte	10
 1794 06e9 08       		.byte	8
 1795 06ea 0C       		.byte	12
 1796 06eb 40       		.byte	64
 1797 06ec 0F       		.byte	15
 1798 06ed 20       		.byte	32
 1799 06ee 10       		.byte	16
 1800 06ef A0       		.byte	-96
 1801 06f0 11       		.byte	17
 1802 06f1 40       		.byte	64
 1803 06f2 12       		.byte	18
 1804 06f3 08       		.byte	8
 1805 06f4 14       		.byte	20
 1806 06f5 04       		.byte	4
 1807 06f6 16       		.byte	22
 1808 06f7 81       		.byte	-127
 1809 06f8 19       		.byte	25
 1810 06f9 04       		.byte	4
 1811 06fa 1A       		.byte	26
 1812 06fb 10       		.byte	16
 1813 06fc 21       		.byte	33
 1814 06fd 02       		.byte	2
 1815 06fe 24       		.byte	36
 1816 06ff 10       		.byte	16
 1817 0700 26       		.byte	38
 1818 0701 08       		.byte	8
 1819 0702 28       		.byte	40
 1820 0703 44       		.byte	68
 1821 0704 2A       		.byte	42
 1822 0705 84       		.byte	-124
 1823 0706 2B       		.byte	43
 1824 0707 99       		.byte	-103
ARM GAS  C:\Users\UCA-MA~1\AppData\Local\Temp\ccH0RipZ.s 			page 33


 1825 0708 2F       		.byte	47
 1826 0709 88       		.byte	-120
 1827 070a 30       		.byte	48
 1828 070b A2       		.byte	-94
 1829 070c 33       		.byte	51
 1830 070d 04       		.byte	4
 1831 070e 36       		.byte	54
 1832 070f 88       		.byte	-120
 1833 0710 38       		.byte	56
 1834 0711 90       		.byte	-112
 1835 0712 39       		.byte	57
 1836 0713 44       		.byte	68
 1837 0714 3A       		.byte	58
 1838 0715 01       		.byte	1
 1839 0716 3B       		.byte	59
 1840 0717 02       		.byte	2
 1841 0718 3C       		.byte	60
 1842 0719 40       		.byte	64
 1843 071a 3D       		.byte	61
 1844 071b 04       		.byte	4
 1845 071c 3F       		.byte	63
 1846 071d 22       		.byte	34
 1847 071e 45       		.byte	69
 1848 071f 10       		.byte	16
 1849 0720 4D       		.byte	77
 1850 0721 01       		.byte	1
 1851 0722 56       		.byte	86
 1852 0723 08       		.byte	8
 1853 0724 5A       		.byte	90
 1854 0725 40       		.byte	64
 1855 0726 5C       		.byte	92
 1856 0727 80       		.byte	-128
 1857 0728 66       		.byte	102
 1858 0729 40       		.byte	64
 1859 072a 79       		.byte	121
 1860 072b 80       		.byte	-128
 1861 072c 86       		.byte	-122
 1862 072d 04       		.byte	4
 1863 072e 87       		.byte	-121
 1864 072f 01       		.byte	1
 1865 0730 8C       		.byte	-116
 1866 0731 40       		.byte	64
 1867 0732 8F       		.byte	-113
 1868 0733 10       		.byte	16
 1869 0734 96       		.byte	-106
 1870 0735 40       		.byte	64
 1871 0736 9A       		.byte	-102
 1872 0737 01       		.byte	1
 1873 0738 AA       		.byte	-86
 1874 0739 40       		.byte	64
 1875 073a B6       		.byte	-74
 1876 073b 01       		.byte	1
 1877 073c C0       		.byte	-64
 1878 073d 6F       		.byte	111
 1879 073e C2       		.byte	-62
 1880 073f AF       		.byte	-81
 1881 0740 C4       		.byte	-60
ARM GAS  C:\Users\UCA-MA~1\AppData\Local\Temp\ccH0RipZ.s 			page 34


 1882 0741 DF       		.byte	-33
 1883 0742 CA       		.byte	-54
 1884 0743 AF       		.byte	-81
 1885 0744 CC       		.byte	-52
 1886 0745 5F       		.byte	95
 1887 0746 CE       		.byte	-50
 1888 0747 FF       		.byte	-1
 1889 0748 D0       		.byte	-48
 1890 0749 20       		.byte	32
 1891 074a D6       		.byte	-42
 1892 074b 18       		.byte	24
 1893 074c D8       		.byte	-40
 1894 074d 10       		.byte	16
 1895 074e DE       		.byte	-34
 1896 074f 08       		.byte	8
 1897 0750 E2       		.byte	-30
 1898 0751 10       		.byte	16
 1899 0752 E6       		.byte	-26
 1900 0753 10       		.byte	16
 1901 0754 EC       		.byte	-20
 1902 0755 40       		.byte	64
 1903 0756 06       		.byte	6
 1904 0757 01       		.byte	1
 1905 0758 1A       		.byte	26
 1906 0759 01       		.byte	1
 1907 075a 32       		.byte	50
 1908 075b 01       		.byte	1
 1909 075c 3E       		.byte	62
 1910 075d 04       		.byte	4
 1911 075e 40       		.byte	64
 1912 075f 60       		.byte	96
 1913 0760 41       		.byte	65
 1914 0761 02       		.byte	2
 1915 0762 49       		.byte	73
 1916 0763 FF       		.byte	-1
 1917 0764 4A       		.byte	74
 1918 0765 FF       		.byte	-1
 1919 0766 4B       		.byte	75
 1920 0767 FF       		.byte	-1
 1921 0768 4D       		.byte	77
 1922 0769 A0       		.byte	-96
 1923 076a 4F       		.byte	79
 1924 076b 04       		.byte	4
 1925 076c 50       		.byte	80
 1926 076d 18       		.byte	24
 1927 076e 58       		.byte	88
 1928 076f 04       		.byte	4
 1929 0770 59       		.byte	89
 1930 0771 04       		.byte	4
 1931 0772 5A       		.byte	90
 1932 0773 04       		.byte	4
 1933 0774 5D       		.byte	93
 1934 0775 03       		.byte	3
 1935 0776 5F       		.byte	95
 1936 0777 01       		.byte	1
 1937 0778 60       		.byte	96
 1938 0779 40       		.byte	64
ARM GAS  C:\Users\UCA-MA~1\AppData\Local\Temp\ccH0RipZ.s 			page 35


 1939 077a 62       		.byte	98
 1940 077b C0       		.byte	-64
 1941 077c 64       		.byte	100
 1942 077d 40       		.byte	64
 1943 077e 65       		.byte	101
 1944 077f 40       		.byte	64
 1945 0780 66       		.byte	102
 1946 0781 C0       		.byte	-64
 1947 0782 68       		.byte	104
 1948 0783 C0       		.byte	-64
 1949 0784 6A       		.byte	106
 1950 0785 C0       		.byte	-64
 1951 0786 6C       		.byte	108
 1952 0787 C0       		.byte	-64
 1953 0788 6E       		.byte	110
 1954 0789 C0       		.byte	-64
 1955 078a 83       		.byte	-125
 1956 078b 0C       		.byte	12
 1957 078c 87       		.byte	-121
 1958 078d 03       		.byte	3
 1959 078e 8A       		.byte	-118
 1960 078f 06       		.byte	6
 1961 0790 91       		.byte	-111
 1962 0791 08       		.byte	8
 1963 0792 95       		.byte	-107
 1964 0793 02       		.byte	2
 1965 0794 9E       		.byte	-98
 1966 0795 04       		.byte	4
 1967 0796 AA       		.byte	-86
 1968 0797 02       		.byte	2
 1969 0798 AE       		.byte	-82
 1970 0799 01       		.byte	1
 1971 079a B0       		.byte	-80
 1972 079b 02       		.byte	2
 1973 079c B1       		.byte	-79
 1974 079d 02       		.byte	2
 1975 079e B2       		.byte	-78
 1976 079f 04       		.byte	4
 1977 07a0 B3       		.byte	-77
 1978 07a1 08       		.byte	8
 1979 07a2 B4       		.byte	-76
 1980 07a3 01       		.byte	1
 1981 07a4 B5       		.byte	-75
 1982 07a5 01       		.byte	1
 1983 07a6 B7       		.byte	-73
 1984 07a7 04       		.byte	4
 1985 07a8 C0       		.byte	-64
 1986 07a9 60       		.byte	96
 1987 07aa C1       		.byte	-63
 1988 07ab 02       		.byte	2
 1989 07ac C5       		.byte	-59
 1990 07ad D0       		.byte	-48
 1991 07ae C6       		.byte	-58
 1992 07af 20       		.byte	32
 1993 07b0 C7       		.byte	-57
 1994 07b1 51       		.byte	81
 1995 07b2 C8       		.byte	-56
ARM GAS  C:\Users\UCA-MA~1\AppData\Local\Temp\ccH0RipZ.s 			page 36


 1996 07b3 3A       		.byte	58
 1997 07b4 C9       		.byte	-55
 1998 07b5 FF       		.byte	-1
 1999 07b6 CA       		.byte	-54
 2000 07b7 FF       		.byte	-1
 2001 07b8 CB       		.byte	-53
 2002 07b9 FF       		.byte	-1
 2003 07ba CD       		.byte	-51
 2004 07bb AF       		.byte	-81
 2005 07bc CE       		.byte	-50
 2006 07bd 0F       		.byte	15
 2007 07be CF       		.byte	-49
 2008 07bf 04       		.byte	4
 2009 07c0 D0       		.byte	-48
 2010 07c1 18       		.byte	24
 2011 07c2 D2       		.byte	-46
 2012 07c3 80       		.byte	-128
 2013 07c4 D4       		.byte	-44
 2014 07c5 07       		.byte	7
 2015 07c6 D8       		.byte	-40
 2016 07c7 04       		.byte	4
 2017 07c8 D9       		.byte	-39
 2018 07c9 04       		.byte	4
 2019 07ca DA       		.byte	-38
 2020 07cb 04       		.byte	4
 2021 07cc DB       		.byte	-37
 2022 07cd 04       		.byte	4
 2023 07ce DC       		.byte	-36
 2024 07cf 33       		.byte	51
 2025 07d0 DD       		.byte	-35
 2026 07d1 33       		.byte	51
 2027 07d2 DF       		.byte	-33
 2028 07d3 01       		.byte	1
 2029 07d4 E0       		.byte	-32
 2030 07d5 40       		.byte	64
 2031 07d6 E2       		.byte	-30
 2032 07d7 C0       		.byte	-64
 2033 07d8 E4       		.byte	-28
 2034 07d9 40       		.byte	64
 2035 07da E5       		.byte	-27
 2036 07db 40       		.byte	64
 2037 07dc E6       		.byte	-26
 2038 07dd C0       		.byte	-64
 2039 07de E8       		.byte	-24
 2040 07df C0       		.byte	-64
 2041 07e0 EA       		.byte	-22
 2042 07e1 C0       		.byte	-64
 2043 07e2 EC       		.byte	-20
 2044 07e3 C0       		.byte	-64
 2045 07e4 EE       		.byte	-18
 2046 07e5 C0       		.byte	-64
 2047 07e6 00       		.byte	0
 2048 07e7 08       		.byte	8
 2049 07e8 01       		.byte	1
 2050 07e9 42       		.byte	66
 2051 07ea 05       		.byte	5
 2052 07eb 10       		.byte	16
ARM GAS  C:\Users\UCA-MA~1\AppData\Local\Temp\ccH0RipZ.s 			page 37


 2053 07ec 08       		.byte	8
 2054 07ed 08       		.byte	8
 2055 07ee 09       		.byte	9
 2056 07ef 22       		.byte	34
 2057 07f0 0F       		.byte	15
 2058 07f1 02       		.byte	2
 2059 07f2 10       		.byte	16
 2060 07f3 14       		.byte	20
 2061 07f4 11       		.byte	17
 2062 07f5 0A       		.byte	10
 2063 07f6 16       		.byte	22
 2064 07f7 08       		.byte	8
 2065 07f8 17       		.byte	23
 2066 07f9 40       		.byte	64
 2067 07fa 19       		.byte	25
 2068 07fb 08       		.byte	8
 2069 07fc 1C       		.byte	28
 2070 07fd 88       		.byte	-120
 2071 07fe 1D       		.byte	29
 2072 07ff 10       		.byte	16
 2073 0800 1E       		.byte	30
 2074 0801 20       		.byte	32
 2075 0802 24       		.byte	36
 2076 0803 40       		.byte	64
 2077 0804 27       		.byte	39
 2078 0805 29       		.byte	41
 2079 0806 28       		.byte	40
 2080 0807 A8       		.byte	-88
 2081 0808 2B       		.byte	43
 2082 0809 10       		.byte	16
 2083 080a 30       		.byte	48
 2084 080b 14       		.byte	20
 2085 080c 31       		.byte	49
 2086 080d 01       		.byte	1
 2087 080e 37       		.byte	55
 2088 080f 09       		.byte	9
 2089 0810 38       		.byte	56
 2090 0811 80       		.byte	-128
 2091 0812 3E       		.byte	62
 2092 0813 08       		.byte	8
 2093 0814 3F       		.byte	63
 2094 0815 02       		.byte	2
 2095 0816 41       		.byte	65
 2096 0817 20       		.byte	32
 2097 0818 45       		.byte	69
 2098 0819 20       		.byte	32
 2099 081a 48       		.byte	72
 2100 081b 04       		.byte	4
 2101 081c 4A       		.byte	74
 2102 081d 08       		.byte	8
 2103 081e 4D       		.byte	77
 2104 081f 01       		.byte	1
 2105 0820 4E       		.byte	78
 2106 0821 08       		.byte	8
 2107 0822 55       		.byte	85
 2108 0823 20       		.byte	32
 2109 0824 56       		.byte	86
ARM GAS  C:\Users\UCA-MA~1\AppData\Local\Temp\ccH0RipZ.s 			page 38


 2110 0825 08       		.byte	8
 2111 0826 57       		.byte	87
 2112 0827 01       		.byte	1
 2113 0828 5C       		.byte	92
 2114 0829 40       		.byte	64
 2115 082a 5D       		.byte	93
 2116 082b 09       		.byte	9
 2117 082c 5F       		.byte	95
 2118 082d 20       		.byte	32
 2119 082e 77       		.byte	119
 2120 082f 40       		.byte	64
 2121 0830 80       		.byte	-128
 2122 0831 E8       		.byte	-24
 2123 0832 81       		.byte	-127
 2124 0833 43       		.byte	67
 2125 0834 84       		.byte	-124
 2126 0835 40       		.byte	64
 2127 0836 86       		.byte	-122
 2128 0837 10       		.byte	16
 2129 0838 88       		.byte	-120
 2130 0839 10       		.byte	16
 2131 083a 8D       		.byte	-115
 2132 083b 02       		.byte	2
 2133 083c 98       		.byte	-104
 2134 083d 0C       		.byte	12
 2135 083e 99       		.byte	-103
 2136 083f 03       		.byte	3
 2137 0840 A4       		.byte	-92
 2138 0841 08       		.byte	8
 2139 0842 A5       		.byte	-91
 2140 0843 06       		.byte	6
 2141 0844 A7       		.byte	-89
 2142 0845 10       		.byte	16
 2143 0846 A8       		.byte	-88
 2144 0847 A0       		.byte	-96
 2145 0848 A9       		.byte	-87
 2146 0849 51       		.byte	81
 2147 084a AE       		.byte	-82
 2148 084b 01       		.byte	1
 2149 084c AF       		.byte	-81
 2150 084d 40       		.byte	64
 2151 084e B4       		.byte	-76
 2152 084f 20       		.byte	32
 2153 0850 B6       		.byte	-74
 2154 0851 10       		.byte	16
 2155 0852 C0       		.byte	-64
 2156 0853 4D       		.byte	77
 2157 0854 C2       		.byte	-62
 2158 0855 8E       		.byte	-114
 2159 0856 C4       		.byte	-60
 2160 0857 CE       		.byte	-50
 2161 0858 CA       		.byte	-54
 2162 0859 07       		.byte	7
 2163 085a CC       		.byte	-52
 2164 085b C7       		.byte	-57
 2165 085c CE       		.byte	-50
 2166 085d C8       		.byte	-56
ARM GAS  C:\Users\UCA-MA~1\AppData\Local\Temp\ccH0RipZ.s 			page 39


 2167 085e D0       		.byte	-48
 2168 085f 24       		.byte	36
 2169 0860 D2       		.byte	-46
 2170 0861 24       		.byte	36
 2171 0862 D6       		.byte	-42
 2172 0863 F0       		.byte	-16
 2173 0864 E2       		.byte	-30
 2174 0865 01       		.byte	1
 2175 0866 E6       		.byte	-26
 2176 0867 05       		.byte	5
 2177 0868 E8       		.byte	-24
 2178 0869 18       		.byte	24
 2179 086a EA       		.byte	-22
 2180 086b 01       		.byte	1
 2181 086c EE       		.byte	-18
 2182 086d 05       		.byte	5
 2183 086e 58       		.byte	88
 2184 086f 04       		.byte	4
 2185 0870 59       		.byte	89
 2186 0871 04       		.byte	4
 2187 0872 5F       		.byte	95
 2188 0873 01       		.byte	1
 2189 0874 82       		.byte	-126
 2190 0875 01       		.byte	1
 2191 0876 85       		.byte	-123
 2192 0877 01       		.byte	1
 2193 0878 89       		.byte	-119
 2194 0879 01       		.byte	1
 2195 087a 8C       		.byte	-116
 2196 087b 01       		.byte	1
 2197 087c 8D       		.byte	-115
 2198 087d 01       		.byte	1
 2199 087e 95       		.byte	-107
 2200 087f 01       		.byte	1
 2201 0880 9A       		.byte	-102
 2202 0881 01       		.byte	1
 2203 0882 A0       		.byte	-96
 2204 0883 01       		.byte	1
 2205 0884 A6       		.byte	-90
 2206 0885 01       		.byte	1
 2207 0886 B1       		.byte	-79
 2208 0887 01       		.byte	1
 2209 0888 B6       		.byte	-74
 2210 0889 01       		.byte	1
 2211 088a BE       		.byte	-66
 2212 088b 40       		.byte	64
 2213 088c BF       		.byte	-65
 2214 088d 01       		.byte	1
 2215 088e C0       		.byte	-64
 2216 088f 41       		.byte	65
 2217 0890 C1       		.byte	-63
 2218 0891 03       		.byte	3
 2219 0892 C5       		.byte	-59
 2220 0893 0B       		.byte	11
 2221 0894 C6       		.byte	-58
 2222 0895 CE       		.byte	-50
 2223 0896 C8       		.byte	-56
ARM GAS  C:\Users\UCA-MA~1\AppData\Local\Temp\ccH0RipZ.s 			page 40


 2224 0897 0D       		.byte	13
 2225 0898 C9       		.byte	-55
 2226 0899 FF       		.byte	-1
 2227 089a CA       		.byte	-54
 2228 089b FF       		.byte	-1
 2229 089c CB       		.byte	-53
 2230 089d FF       		.byte	-1
 2231 089e CE       		.byte	-50
 2232 089f F0       		.byte	-16
 2233 08a0 CF       		.byte	-49
 2234 08a1 44       		.byte	68
 2235 08a2 D0       		.byte	-48
 2236 08a3 0C       		.byte	12
 2237 08a4 D4       		.byte	-44
 2238 08a5 01       		.byte	1
 2239 08a6 D8       		.byte	-40
 2240 08a7 04       		.byte	4
 2241 08a8 D9       		.byte	-39
 2242 08a9 04       		.byte	4
 2243 08aa DA       		.byte	-38
 2244 08ab 04       		.byte	4
 2245 08ac DB       		.byte	-37
 2246 08ad 04       		.byte	4
 2247 08ae DD       		.byte	-35
 2248 08af 11       		.byte	17
 2249 08b0 DF       		.byte	-33
 2250 08b1 01       		.byte	1
 2251 08b2 E6       		.byte	-26
 2252 08b3 C0       		.byte	-64
 2253 08b4 EA       		.byte	-22
 2254 08b5 40       		.byte	64
 2255 08b6 EB       		.byte	-21
 2256 08b7 02       		.byte	2
 2257 08b8 01       		.byte	1
 2258 08b9 40       		.byte	64
 2259 08ba 02       		.byte	2
 2260 08bb 34       		.byte	52
 2261 08bc 03       		.byte	3
 2262 08bd 44       		.byte	68
 2263 08be 05       		.byte	5
 2264 08bf 02       		.byte	2
 2265 08c0 06       		.byte	6
 2266 08c1 11       		.byte	17
 2267 08c2 08       		.byte	8
 2268 08c3 42       		.byte	66
 2269 08c4 09       		.byte	9
 2270 08c5 14       		.byte	20
 2271 08c6 0A       		.byte	10
 2272 08c7 20       		.byte	32
 2273 08c8 0B       		.byte	11
 2274 08c9 10       		.byte	16
 2275 08ca 0D       		.byte	13
 2276 08cb 02       		.byte	2
 2277 08cc 0F       		.byte	15
 2278 08cd 10       		.byte	16
 2279 08ce 10       		.byte	16
 2280 08cf 28       		.byte	40
ARM GAS  C:\Users\UCA-MA~1\AppData\Local\Temp\ccH0RipZ.s 			page 41


 2281 08d0 11       		.byte	17
 2282 08d1 02       		.byte	2
 2283 08d2 12       		.byte	18
 2284 08d3 01       		.byte	1
 2285 08d4 14       		.byte	20
 2286 08d5 40       		.byte	64
 2287 08d6 17       		.byte	23
 2288 08d7 04       		.byte	4
 2289 08d8 19       		.byte	25
 2290 08d9 40       		.byte	64
 2291 08da 22       		.byte	34
 2292 08db 01       		.byte	1
 2293 08dc 28       		.byte	40
 2294 08dd 06       		.byte	6
 2295 08de 2A       		.byte	42
 2296 08df 15       		.byte	21
 2297 08e0 2B       		.byte	43
 2298 08e1 50       		.byte	80
 2299 08e2 2C       		.byte	44
 2300 08e3 08       		.byte	8
 2301 08e4 2D       		.byte	45
 2302 08e5 20       		.byte	32
 2303 08e6 30       		.byte	48
 2304 08e7 41       		.byte	65
 2305 08e8 31       		.byte	49
 2306 08e9 02       		.byte	2
 2307 08ea 32       		.byte	50
 2308 08eb 14       		.byte	20
 2309 08ec 34       		.byte	52
 2310 08ed 02       		.byte	2
 2311 08ee 35       		.byte	53
 2312 08ef 03       		.byte	3
 2313 08f0 36       		.byte	54
 2314 08f1 A0       		.byte	-96
 2315 08f2 37       		.byte	55
 2316 08f3 05       		.byte	5
 2317 08f4 38       		.byte	56
 2318 08f5 44       		.byte	68
 2319 08f6 39       		.byte	57
 2320 08f7 20       		.byte	32
 2321 08f8 3C       		.byte	60
 2322 08f9 08       		.byte	8
 2323 08fa 3D       		.byte	61
 2324 08fb 08       		.byte	8
 2325 08fc 3F       		.byte	63
 2326 08fd 80       		.byte	-128
 2327 08fe 40       		.byte	64
 2328 08ff A0       		.byte	-96
 2329 0900 43       		.byte	67
 2330 0901 40       		.byte	64
 2331 0902 48       		.byte	72
 2332 0903 10       		.byte	16
 2333 0904 50       		.byte	80
 2334 0905 20       		.byte	32
 2335 0906 53       		.byte	83
 2336 0907 40       		.byte	64
 2337 0908 59       		.byte	89
ARM GAS  C:\Users\UCA-MA~1\AppData\Local\Temp\ccH0RipZ.s 			page 42


 2338 0909 48       		.byte	72
 2339 090a 5A       		.byte	90
 2340 090b 11       		.byte	17
 2341 090c 84       		.byte	-124
 2342 090d 48       		.byte	72
 2343 090e 86       		.byte	-122
 2344 090f 80       		.byte	-128
 2345 0910 88       		.byte	-120
 2346 0911 10       		.byte	16
 2347 0912 8D       		.byte	-115
 2348 0913 08       		.byte	8
 2349 0914 90       		.byte	-112
 2350 0915 44       		.byte	68
 2351 0916 91       		.byte	-111
 2352 0917 20       		.byte	32
 2353 0918 92       		.byte	-110
 2354 0919 08       		.byte	8
 2355 091a 96       		.byte	-106
 2356 091b 02       		.byte	2
 2357 091c 97       		.byte	-105
 2358 091d 10       		.byte	16
 2359 091e 9B       		.byte	-101
 2360 091f 41       		.byte	65
 2361 0920 9C       		.byte	-100
 2362 0921 05       		.byte	5
 2363 0922 9D       		.byte	-99
 2364 0923 20       		.byte	32
 2365 0924 9F       		.byte	-97
 2366 0925 04       		.byte	4
 2367 0926 A2       		.byte	-94
 2368 0927 20       		.byte	32
 2369 0928 A3       		.byte	-93
 2370 0929 40       		.byte	64
 2371 092a A4       		.byte	-92
 2372 092b 04       		.byte	4
 2373 092c A6       		.byte	-90
 2374 092d 80       		.byte	-128
 2375 092e AB       		.byte	-85
 2376 092f 40       		.byte	64
 2377 0930 B0       		.byte	-80
 2378 0931 10       		.byte	16
 2379 0932 B6       		.byte	-74
 2380 0933 40       		.byte	64
 2381 0934 C0       		.byte	-64
 2382 0935 BF       		.byte	-65
 2383 0936 C2       		.byte	-62
 2384 0937 3F       		.byte	63
 2385 0938 C4       		.byte	-60
 2386 0939 3F       		.byte	63
 2387 093a CA       		.byte	-54
 2388 093b 2F       		.byte	47
 2389 093c CC       		.byte	-52
 2390 093d FF       		.byte	-1
 2391 093e CE       		.byte	-50
 2392 093f 5E       		.byte	94
 2393 0940 D0       		.byte	-48
 2394 0941 0B       		.byte	11
ARM GAS  C:\Users\UCA-MA~1\AppData\Local\Temp\ccH0RipZ.s 			page 43


 2395 0942 D6       		.byte	-42
 2396 0943 0F       		.byte	15
 2397 0944 E6       		.byte	-26
 2398 0945 08       		.byte	8
 2399 0946 EE       		.byte	-18
 2400 0947 01       		.byte	1
 2401 0948 02       		.byte	2
 2402 0949 02       		.byte	2
 2403 094a 03       		.byte	3
 2404 094b 08       		.byte	8
 2405 094c 07       		.byte	7
 2406 094d A3       		.byte	-93
 2407 094e 10       		.byte	16
 2408 094f 01       		.byte	1
 2409 0950 11       		.byte	17
 2410 0951 5C       		.byte	92
 2411 0952 13       		.byte	19
 2412 0953 83       		.byte	-125
 2413 0954 15       		.byte	21
 2414 0955 61       		.byte	97
 2415 0956 17       		.byte	23
 2416 0957 8E       		.byte	-114
 2417 0958 19       		.byte	25
 2418 0959 61       		.byte	97
 2419 095a 1B       		.byte	27
 2420 095b 96       		.byte	-106
 2421 095c 1E       		.byte	30
 2422 095d 01       		.byte	1
 2423 095e 27       		.byte	39
 2424 095f 1C       		.byte	28
 2425 0960 28       		.byte	40
 2426 0961 04       		.byte	4
 2427 0962 2D       		.byte	45
 2428 0963 60       		.byte	96
 2429 0964 2F       		.byte	47
 2430 0965 80       		.byte	-128
 2431 0966 30       		.byte	48
 2432 0967 04       		.byte	4
 2433 0968 31       		.byte	49
 2434 0969 0F       		.byte	15
 2435 096a 33       		.byte	51
 2436 096b 1A       		.byte	26
 2437 096c 35       		.byte	53
 2438 096d F0       		.byte	-16
 2439 096e 36       		.byte	54
 2440 096f 03       		.byte	3
 2441 0970 3B       		.byte	59
 2442 0971 2A       		.byte	42
 2443 0972 3E       		.byte	62
 2444 0973 01       		.byte	1
 2445 0974 58       		.byte	88
 2446 0975 04       		.byte	4
 2447 0976 59       		.byte	89
 2448 0977 04       		.byte	4
 2449 0978 5C       		.byte	92
 2450 0979 19       		.byte	25
 2451 097a 5F       		.byte	95
ARM GAS  C:\Users\UCA-MA~1\AppData\Local\Temp\ccH0RipZ.s 			page 44


 2452 097b 01       		.byte	1
 2453 097c 82       		.byte	-126
 2454 097d 08       		.byte	8
 2455 097e 85       		.byte	-123
 2456 097f 07       		.byte	7
 2457 0980 88       		.byte	-120
 2458 0981 01       		.byte	1
 2459 0982 89       		.byte	-119
 2460 0983 07       		.byte	7
 2461 0984 8C       		.byte	-116
 2462 0985 04       		.byte	4
 2463 0986 8F       		.byte	-113
 2464 0987 60       		.byte	96
 2465 0988 91       		.byte	-111
 2466 0989 44       		.byte	68
 2467 098a 92       		.byte	-110
 2468 098b 03       		.byte	3
 2469 098c 93       		.byte	-109
 2470 098d 0A       		.byte	10
 2471 098e 95       		.byte	-107
 2472 098f 60       		.byte	96
 2473 0990 99       		.byte	-103
 2474 0991 62       		.byte	98
 2475 0992 9B       		.byte	-101
 2476 0993 15       		.byte	21
 2477 0994 9F       		.byte	-97
 2478 0995 60       		.byte	96
 2479 0996 A5       		.byte	-91
 2480 0997 21       		.byte	33
 2481 0998 A7       		.byte	-89
 2482 0999 0A       		.byte	10
 2483 099a A9       		.byte	-87
 2484 099b 60       		.byte	96
 2485 099c AE       		.byte	-82
 2486 099d 08       		.byte	8
 2487 099e AF       		.byte	-81
 2488 099f 60       		.byte	96
 2489 09a0 B0       		.byte	-80
 2490 09a1 01       		.byte	1
 2491 09a2 B1       		.byte	-79
 2492 09a3 60       		.byte	96
 2493 09a4 B2       		.byte	-78
 2494 09a5 02       		.byte	2
 2495 09a6 B3       		.byte	-77
 2496 09a7 18       		.byte	24
 2497 09a8 B4       		.byte	-76
 2498 09a9 08       		.byte	8
 2499 09aa B5       		.byte	-75
 2500 09ab 07       		.byte	7
 2501 09ac B6       		.byte	-74
 2502 09ad 04       		.byte	4
 2503 09ae BE       		.byte	-66
 2504 09af 50       		.byte	80
 2505 09b0 BF       		.byte	-65
 2506 09b1 04       		.byte	4
 2507 09b2 C0       		.byte	-64
 2508 09b3 25       		.byte	37
ARM GAS  C:\Users\UCA-MA~1\AppData\Local\Temp\ccH0RipZ.s 			page 45


 2509 09b4 C1       		.byte	-63
 2510 09b5 03       		.byte	3
 2511 09b6 C2       		.byte	-62
 2512 09b7 01       		.byte	1
 2513 09b8 C4       		.byte	-60
 2514 09b9 06       		.byte	6
 2515 09ba C5       		.byte	-59
 2516 09bb 0C       		.byte	12
 2517 09bc C7       		.byte	-57
 2518 09bd E0       		.byte	-32
 2519 09be C8       		.byte	-56
 2520 09bf 21       		.byte	33
 2521 09c0 C9       		.byte	-55
 2522 09c1 FF       		.byte	-1
 2523 09c2 CA       		.byte	-54
 2524 09c3 FF       		.byte	-1
 2525 09c4 CB       		.byte	-53
 2526 09c5 FF       		.byte	-1
 2527 09c6 CC       		.byte	-52
 2528 09c7 62       		.byte	98
 2529 09c8 CD       		.byte	-51
 2530 09c9 A0       		.byte	-96
 2531 09ca CE       		.byte	-50
 2532 09cb F0       		.byte	-16
 2533 09cc CF       		.byte	-49
 2534 09cd 41       		.byte	65
 2535 09ce D0       		.byte	-48
 2536 09cf 0C       		.byte	12
 2537 09d0 D4       		.byte	-44
 2538 09d1 18       		.byte	24
 2539 09d2 D8       		.byte	-40
 2540 09d3 0C       		.byte	12
 2541 09d4 D9       		.byte	-39
 2542 09d5 04       		.byte	4
 2543 09d6 DA       		.byte	-38
 2544 09d7 04       		.byte	4
 2545 09d8 DB       		.byte	-37
 2546 09d9 04       		.byte	4
 2547 09da DC       		.byte	-36
 2548 09db 10       		.byte	16
 2549 09dc DD       		.byte	-35
 2550 09dd 11       		.byte	17
 2551 09de DF       		.byte	-33
 2552 09df 01       		.byte	1
 2553 09e0 E6       		.byte	-26
 2554 09e1 40       		.byte	64
 2555 09e2 E7       		.byte	-25
 2556 09e3 02       		.byte	2
 2557 09e4 E9       		.byte	-23
 2558 09e5 10       		.byte	16
 2559 09e6 EA       		.byte	-22
 2560 09e7 30       		.byte	48
 2561 09e8 EB       		.byte	-21
 2562 09e9 10       		.byte	16
 2563 09ea ED       		.byte	-19
 2564 09eb 10       		.byte	16
 2565 09ec EE       		.byte	-18
ARM GAS  C:\Users\UCA-MA~1\AppData\Local\Temp\ccH0RipZ.s 			page 46


 2566 09ed 10       		.byte	16
 2567 09ee EF       		.byte	-17
 2568 09ef 12       		.byte	18
 2569 09f0 00       		.byte	0
 2570 09f1 80       		.byte	-128
 2571 09f2 01       		.byte	1
 2572 09f3 02       		.byte	2
 2573 09f4 03       		.byte	3
 2574 09f5 08       		.byte	8
 2575 09f6 06       		.byte	6
 2576 09f7 40       		.byte	64
 2577 09f8 0B       		.byte	11
 2578 09f9 80       		.byte	-128
 2579 09fa 0E       		.byte	14
 2580 09fb 42       		.byte	66
 2581 09fc 10       		.byte	16
 2582 09fd 02       		.byte	2
 2583 09fe 14       		.byte	20
 2584 09ff 04       		.byte	4
 2585 0a00 18       		.byte	24
 2586 0a01 06       		.byte	6
 2587 0a02 1A       		.byte	26
 2588 0a03 40       		.byte	64
 2589 0a04 1B       		.byte	27
 2590 0a05 08       		.byte	8
 2591 0a06 1E       		.byte	30
 2592 0a07 02       		.byte	2
 2593 0a08 1F       		.byte	31
 2594 0a09 41       		.byte	65
 2595 0a0a 21       		.byte	33
 2596 0a0b 20       		.byte	32
 2597 0a0c 22       		.byte	34
 2598 0a0d 09       		.byte	9
 2599 0a0e 26       		.byte	38
 2600 0a0f 26       		.byte	38
 2601 0a10 28       		.byte	40
 2602 0a11 02       		.byte	2
 2603 0a12 29       		.byte	41
 2604 0a13 10       		.byte	16
 2605 0a14 2A       		.byte	42
 2606 0a15 04       		.byte	4
 2607 0a16 2E       		.byte	46
 2608 0a17 80       		.byte	-128
 2609 0a18 2F       		.byte	47
 2610 0a19 10       		.byte	16
 2611 0a1a 30       		.byte	48
 2612 0a1b 01       		.byte	1
 2613 0a1c 31       		.byte	49
 2614 0a1d 28       		.byte	40
 2615 0a1e 32       		.byte	50
 2616 0a1f 40       		.byte	64
 2617 0a20 33       		.byte	51
 2618 0a21 02       		.byte	2
 2619 0a22 36       		.byte	54
 2620 0a23 26       		.byte	38
 2621 0a24 39       		.byte	57
 2622 0a25 14       		.byte	20
ARM GAS  C:\Users\UCA-MA~1\AppData\Local\Temp\ccH0RipZ.s 			page 47


 2623 0a26 3B       		.byte	59
 2624 0a27 40       		.byte	64
 2625 0a28 3D       		.byte	61
 2626 0a29 01       		.byte	1
 2627 0a2a 3E       		.byte	62
 2628 0a2b 08       		.byte	8
 2629 0a2c 41       		.byte	65
 2630 0a2d 08       		.byte	8
 2631 0a2e 42       		.byte	66
 2632 0a2f 06       		.byte	6
 2633 0a30 48       		.byte	72
 2634 0a31 10       		.byte	16
 2635 0a32 49       		.byte	73
 2636 0a33 80       		.byte	-128
 2637 0a34 4A       		.byte	74
 2638 0a35 08       		.byte	8
 2639 0a36 4B       		.byte	75
 2640 0a37 40       		.byte	64
 2641 0a38 50       		.byte	80
 2642 0a39 02       		.byte	2
 2643 0a3a 5A       		.byte	90
 2644 0a3b 02       		.byte	2
 2645 0a3c 60       		.byte	96
 2646 0a3d 04       		.byte	4
 2647 0a3e 62       		.byte	98
 2648 0a3f 80       		.byte	-128
 2649 0a40 79       		.byte	121
 2650 0a41 80       		.byte	-128
 2651 0a42 82       		.byte	-126
 2652 0a43 12       		.byte	18
 2653 0a44 84       		.byte	-124
 2654 0a45 20       		.byte	32
 2655 0a46 87       		.byte	-121
 2656 0a47 80       		.byte	-128
 2657 0a48 8B       		.byte	-117
 2658 0a49 10       		.byte	16
 2659 0a4a 8F       		.byte	-113
 2660 0a4b 01       		.byte	1
 2661 0a4c 90       		.byte	-112
 2662 0a4d 50       		.byte	80
 2663 0a4e 91       		.byte	-111
 2664 0a4f 81       		.byte	-127
 2665 0a50 92       		.byte	-110
 2666 0a51 10       		.byte	16
 2667 0a52 93       		.byte	-109
 2668 0a53 20       		.byte	32
 2669 0a54 95       		.byte	-107
 2670 0a55 04       		.byte	4
 2671 0a56 96       		.byte	-106
 2672 0a57 60       		.byte	96
 2673 0a58 97       		.byte	-105
 2674 0a59 10       		.byte	16
 2675 0a5a 99       		.byte	-103
 2676 0a5b 80       		.byte	-128
 2677 0a5c 9A       		.byte	-102
 2678 0a5d 48       		.byte	72
 2679 0a5e 9E       		.byte	-98
ARM GAS  C:\Users\UCA-MA~1\AppData\Local\Temp\ccH0RipZ.s 			page 48


 2680 0a5f 04       		.byte	4
 2681 0a60 9F       		.byte	-97
 2682 0a61 01       		.byte	1
 2683 0a62 A0       		.byte	-96
 2684 0a63 40       		.byte	64
 2685 0a64 A1       		.byte	-95
 2686 0a65 08       		.byte	8
 2687 0a66 A2       		.byte	-94
 2688 0a67 80       		.byte	-128
 2689 0a68 A3       		.byte	-93
 2690 0a69 93       		.byte	-109
 2691 0a6a A4       		.byte	-92
 2692 0a6b 14       		.byte	20
 2693 0a6c A6       		.byte	-90
 2694 0a6d 26       		.byte	38
 2695 0a6e AA       		.byte	-86
 2696 0a6f 08       		.byte	8
 2697 0a70 B0       		.byte	-80
 2698 0a71 04       		.byte	4
 2699 0a72 B4       		.byte	-76
 2700 0a73 02       		.byte	2
 2701 0a74 C0       		.byte	-64
 2702 0a75 1B       		.byte	27
 2703 0a76 C2       		.byte	-62
 2704 0a77 98       		.byte	-104
 2705 0a78 C4       		.byte	-60
 2706 0a79 41       		.byte	65
 2707 0a7a CA       		.byte	-54
 2708 0a7b 5E       		.byte	94
 2709 0a7c CC       		.byte	-52
 2710 0a7d EF       		.byte	-17
 2711 0a7e CE       		.byte	-50
 2712 0a7f CE       		.byte	-50
 2713 0a80 D0       		.byte	-48
 2714 0a81 0E       		.byte	14
 2715 0a82 D2       		.byte	-46
 2716 0a83 0C       		.byte	12
 2717 0a84 D6       		.byte	-42
 2718 0a85 01       		.byte	1
 2719 0a86 D8       		.byte	-40
 2720 0a87 0C       		.byte	12
 2721 0a88 DE       		.byte	-34
 2722 0a89 08       		.byte	8
 2723 0a8a E2       		.byte	-30
 2724 0a8b 40       		.byte	64
 2725 0a8c E4       		.byte	-28
 2726 0a8d 80       		.byte	-128
 2727 0a8e E8       		.byte	-24
 2728 0a8f 10       		.byte	16
 2729 0a90 EC       		.byte	-20
 2730 0a91 80       		.byte	-128
 2731 0a92 01       		.byte	1
 2732 0a93 3C       		.byte	60
 2733 0a94 03       		.byte	3
 2734 0a95 02       		.byte	2
 2735 0a96 04       		.byte	4
 2736 0a97 73       		.byte	115
ARM GAS  C:\Users\UCA-MA~1\AppData\Local\Temp\ccH0RipZ.s 			page 49


 2737 0a98 06       		.byte	6
 2738 0a99 0C       		.byte	12
 2739 0a9a 07       		.byte	7
 2740 0a9b 04       		.byte	4
 2741 0a9c 08       		.byte	8
 2742 0a9d 01       		.byte	1
 2743 0a9e 09       		.byte	9
 2744 0a9f 18       		.byte	24
 2745 0aa0 0C       		.byte	12
 2746 0aa1 0F       		.byte	15
 2747 0aa2 0E       		.byte	14
 2748 0aa3 70       		.byte	112
 2749 0aa4 0F       		.byte	15
 2750 0aa5 03       		.byte	3
 2751 0aa6 12       		.byte	18
 2752 0aa7 33       		.byte	51
 2753 0aa8 14       		.byte	20
 2754 0aa9 7F       		.byte	127
 2755 0aaa 15       		.byte	21
 2756 0aab 3F       		.byte	63
 2757 0aac 18       		.byte	24
 2758 0aad 03       		.byte	3
 2759 0aae 19       		.byte	25
 2760 0aaf 08       		.byte	8
 2761 0ab0 1C       		.byte	28
 2762 0ab1 1C       		.byte	28
 2763 0ab2 1D       		.byte	29
 2764 0ab3 10       		.byte	16
 2765 0ab4 1E       		.byte	30
 2766 0ab5 63       		.byte	99
 2767 0ab6 20       		.byte	32
 2768 0ab7 08       		.byte	8
 2769 0ab8 24       		.byte	36
 2770 0ab9 04       		.byte	4
 2771 0aba 25       		.byte	37
 2772 0abb 04       		.byte	4
 2773 0abc 27       		.byte	39
 2774 0abd 40       		.byte	64
 2775 0abe 28       		.byte	40
 2776 0abf 0C       		.byte	12
 2777 0ac0 29       		.byte	41
 2778 0ac1 27       		.byte	39
 2779 0ac2 2B       		.byte	43
 2780 0ac3 18       		.byte	24
 2781 0ac4 2C       		.byte	44
 2782 0ac5 02       		.byte	2
 2783 0ac6 2D       		.byte	45
 2784 0ac7 3C       		.byte	60
 2785 0ac8 2F       		.byte	47
 2786 0ac9 01       		.byte	1
 2787 0aca 30       		.byte	48
 2788 0acb 40       		.byte	64
 2789 0acc 32       		.byte	50
 2790 0acd 1C       		.byte	28
 2791 0ace 33       		.byte	51
 2792 0acf 20       		.byte	32
 2793 0ad0 34       		.byte	52
ARM GAS  C:\Users\UCA-MA~1\AppData\Local\Temp\ccH0RipZ.s 			page 50


 2794 0ad1 0F       		.byte	15
 2795 0ad2 35       		.byte	53
 2796 0ad3 40       		.byte	64
 2797 0ad4 36       		.byte	54
 2798 0ad5 2C       		.byte	44
 2799 0ad6 37       		.byte	55
 2800 0ad7 1F       		.byte	31
 2801 0ad8 38       		.byte	56
 2802 0ad9 02       		.byte	2
 2803 0ada 3A       		.byte	58
 2804 0adb A0       		.byte	-96
 2805 0adc 3B       		.byte	59
 2806 0add 80       		.byte	-128
 2807 0ade 3F       		.byte	63
 2808 0adf 04       		.byte	4
 2809 0ae0 56       		.byte	86
 2810 0ae1 02       		.byte	2
 2811 0ae2 57       		.byte	87
 2812 0ae3 12       		.byte	18
 2813 0ae4 58       		.byte	88
 2814 0ae5 04       		.byte	4
 2815 0ae6 59       		.byte	89
 2816 0ae7 04       		.byte	4
 2817 0ae8 5B       		.byte	91
 2818 0ae9 04       		.byte	4
 2819 0aea 5C       		.byte	92
 2820 0aeb 11       		.byte	17
 2821 0aec 5D       		.byte	93
 2822 0aed 10       		.byte	16
 2823 0aee 5F       		.byte	95
 2824 0aef 01       		.byte	1
 2825 0af0 D8       		.byte	-40
 2826 0af1 04       		.byte	4
 2827 0af2 D9       		.byte	-39
 2828 0af3 04       		.byte	4
 2829 0af4 DF       		.byte	-33
 2830 0af5 01       		.byte	1
 2831 0af6 01       		.byte	1
 2832 0af7 80       		.byte	-128
 2833 0af8 02       		.byte	2
 2834 0af9 04       		.byte	4
 2835 0afa 03       		.byte	3
 2836 0afb 20       		.byte	32
 2837 0afc 04       		.byte	4
 2838 0afd 50       		.byte	80
 2839 0afe 07       		.byte	7
 2840 0aff 04       		.byte	4
 2841 0b00 09       		.byte	9
 2842 0b01 28       		.byte	40
 2843 0b02 0B       		.byte	11
 2844 0b03 41       		.byte	65
 2845 0b04 0C       		.byte	12
 2846 0b05 40       		.byte	64
 2847 0b06 0F       		.byte	15
 2848 0b07 2A       		.byte	42
 2849 0b08 10       		.byte	16
 2850 0b09 A1       		.byte	-95
ARM GAS  C:\Users\UCA-MA~1\AppData\Local\Temp\ccH0RipZ.s 			page 51


 2851 0b0a 13       		.byte	19
 2852 0b0b 10       		.byte	16
 2853 0b0c 14       		.byte	20
 2854 0b0d 24       		.byte	36
 2855 0b0e 19       		.byte	25
 2856 0b0f 92       		.byte	-110
 2857 0b10 1A       		.byte	26
 2858 0b11 24       		.byte	36
 2859 0b12 1B       		.byte	27
 2860 0b13 20       		.byte	32
 2861 0b14 22       		.byte	34
 2862 0b15 44       		.byte	68
 2863 0b16 23       		.byte	35
 2864 0b17 05       		.byte	5
 2865 0b18 28       		.byte	40
 2866 0b19 02       		.byte	2
 2867 0b1a 29       		.byte	41
 2868 0b1b 90       		.byte	-112
 2869 0b1c 2A       		.byte	42
 2870 0b1d 04       		.byte	4
 2871 0b1e 2C       		.byte	44
 2872 0b1f 04       		.byte	4
 2873 0b20 2E       		.byte	46
 2874 0b21 10       		.byte	16
 2875 0b22 2F       		.byte	47
 2876 0b23 80       		.byte	-128
 2877 0b24 30       		.byte	48
 2878 0b25 A0       		.byte	-96
 2879 0b26 31       		.byte	49
 2880 0b27 08       		.byte	8
 2881 0b28 34       		.byte	52
 2882 0b29 40       		.byte	64
 2883 0b2a 36       		.byte	54
 2884 0b2b 40       		.byte	64
 2885 0b2c 37       		.byte	55
 2886 0b2d 04       		.byte	4
 2887 0b2e 3B       		.byte	59
 2888 0b2f 55       		.byte	85
 2889 0b30 3C       		.byte	60
 2890 0b31 40       		.byte	64
 2891 0b32 3F       		.byte	63
 2892 0b33 28       		.byte	40
 2893 0b34 5A       		.byte	90
 2894 0b35 08       		.byte	8
 2895 0b36 68       		.byte	104
 2896 0b37 04       		.byte	4
 2897 0b38 69       		.byte	105
 2898 0b39 14       		.byte	20
 2899 0b3a 6B       		.byte	107
 2900 0b3b 01       		.byte	1
 2901 0b3c 70       		.byte	112
 2902 0b3d A0       		.byte	-96
 2903 0b3e 73       		.byte	115
 2904 0b3f 10       		.byte	16
 2905 0b40 80       		.byte	-128
 2906 0b41 50       		.byte	80
 2907 0b42 82       		.byte	-126
ARM GAS  C:\Users\UCA-MA~1\AppData\Local\Temp\ccH0RipZ.s 			page 52


 2908 0b43 10       		.byte	16
 2909 0b44 8A       		.byte	-118
 2910 0b45 40       		.byte	64
 2911 0b46 8E       		.byte	-114
 2912 0b47 04       		.byte	4
 2913 0b48 8F       		.byte	-113
 2914 0b49 04       		.byte	4
 2915 0b4a 90       		.byte	-112
 2916 0b4b 50       		.byte	80
 2917 0b4c 92       		.byte	-110
 2918 0b4d 10       		.byte	16
 2919 0b4e 93       		.byte	-109
 2920 0b4f 40       		.byte	64
 2921 0b50 95       		.byte	-107
 2922 0b51 14       		.byte	20
 2923 0b52 96       		.byte	-106
 2924 0b53 A4       		.byte	-92
 2925 0b54 98       		.byte	-104
 2926 0b55 21       		.byte	33
 2927 0b56 9C       		.byte	-100
 2928 0b57 02       		.byte	2
 2929 0b58 9D       		.byte	-99
 2930 0b59 12       		.byte	18
 2931 0b5a 9E       		.byte	-98
 2932 0b5b 04       		.byte	4
 2933 0b5c 9F       		.byte	-97
 2934 0b5d 01       		.byte	1
 2935 0b5e A1       		.byte	-95
 2936 0b5f 28       		.byte	40
 2937 0b60 A3       		.byte	-93
 2938 0b61 91       		.byte	-111
 2939 0b62 A4       		.byte	-92
 2940 0b63 04       		.byte	4
 2941 0b64 AA       		.byte	-86
 2942 0b65 26       		.byte	38
 2943 0b66 AC       		.byte	-84
 2944 0b67 04       		.byte	4
 2945 0b68 B4       		.byte	-76
 2946 0b69 01       		.byte	1
 2947 0b6a B6       		.byte	-74
 2948 0b6b 80       		.byte	-128
 2949 0b6c C0       		.byte	-64
 2950 0b6d C7       		.byte	-57
 2951 0b6e C2       		.byte	-62
 2952 0b6f EF       		.byte	-17
 2953 0b70 C4       		.byte	-60
 2954 0b71 6F       		.byte	111
 2955 0b72 CA       		.byte	-54
 2956 0b73 AE       		.byte	-82
 2957 0b74 CC       		.byte	-52
 2958 0b75 5E       		.byte	94
 2959 0b76 CE       		.byte	-50
 2960 0b77 7F       		.byte	127
 2961 0b78 D6       		.byte	-42
 2962 0b79 02       		.byte	2
 2963 0b7a E0       		.byte	-32
 2964 0b7b 40       		.byte	64
ARM GAS  C:\Users\UCA-MA~1\AppData\Local\Temp\ccH0RipZ.s 			page 53


 2965 0b7c E2       		.byte	-30
 2966 0b7d 20       		.byte	32
 2967 0b7e E8       		.byte	-24
 2968 0b7f 10       		.byte	16
 2969 0b80 EC       		.byte	-20
 2970 0b81 10       		.byte	16
 2971 0b82 13       		.byte	19
 2972 0b83 02       		.byte	2
 2973 0b84 16       		.byte	22
 2974 0b85 80       		.byte	-128
 2975 0b86 30       		.byte	48
 2976 0b87 80       		.byte	-128
 2977 0b88 33       		.byte	51
 2978 0b89 08       		.byte	8
 2979 0b8a 36       		.byte	54
 2980 0b8b 80       		.byte	-128
 2981 0b8c 38       		.byte	56
 2982 0b8d 08       		.byte	8
 2983 0b8e 3E       		.byte	62
 2984 0b8f 80       		.byte	-128
 2985 0b90 C4       		.byte	-60
 2986 0b91 30       		.byte	48
 2987 0b92 CC       		.byte	-52
 2988 0b93 70       		.byte	112
 2989 0b94 CE       		.byte	-50
 2990 0b95 60       		.byte	96
 2991 0b96 50       		.byte	80
 2992 0b97 08       		.byte	8
 2993 0b98 57       		.byte	87
 2994 0b99 02       		.byte	2
 2995 0b9a 58       		.byte	88
 2996 0b9b 10       		.byte	16
 2997 0b9c 94       		.byte	-108
 2998 0b9d 08       		.byte	8
 2999 0b9e 9B       		.byte	-101
 3000 0b9f 02       		.byte	2
 3001 0ba0 A6       		.byte	-90
 3002 0ba1 80       		.byte	-128
 3003 0ba2 A7       		.byte	-89
 3004 0ba3 08       		.byte	8
 3005 0ba4 A8       		.byte	-88
 3006 0ba5 80       		.byte	-128
 3007 0ba6 D4       		.byte	-44
 3008 0ba7 A0       		.byte	-96
 3009 0ba8 D6       		.byte	-42
 3010 0ba9 20       		.byte	32
 3011 0baa EA       		.byte	-22
 3012 0bab 20       		.byte	32
 3013 0bac 03       		.byte	3
 3014 0bad 20       		.byte	32
 3015 0bae 12       		.byte	18
 3016 0baf 80       		.byte	-128
 3017 0bb0 57       		.byte	87
 3018 0bb1 04       		.byte	4
 3019 0bb2 5B       		.byte	91
 3020 0bb3 01       		.byte	1
 3021 0bb4 80       		.byte	-128
ARM GAS  C:\Users\UCA-MA~1\AppData\Local\Temp\ccH0RipZ.s 			page 54


 3022 0bb5 04       		.byte	4
 3023 0bb6 94       		.byte	-108
 3024 0bb7 08       		.byte	8
 3025 0bb8 9B       		.byte	-101
 3026 0bb9 01       		.byte	1
 3027 0bba A6       		.byte	-90
 3028 0bbb 80       		.byte	-128
 3029 0bbc A7       		.byte	-89
 3030 0bbd 08       		.byte	8
 3031 0bbe A8       		.byte	-88
 3032 0bbf 08       		.byte	8
 3033 0bc0 AB       		.byte	-85
 3034 0bc1 02       		.byte	2
 3035 0bc2 AF       		.byte	-81
 3036 0bc3 01       		.byte	1
 3037 0bc4 B0       		.byte	-80
 3038 0bc5 10       		.byte	16
 3039 0bc6 B3       		.byte	-77
 3040 0bc7 02       		.byte	2
 3041 0bc8 C0       		.byte	-64
 3042 0bc9 10       		.byte	16
 3043 0bca C4       		.byte	-60
 3044 0bcb 10       		.byte	16
 3045 0bcc D4       		.byte	-44
 3046 0bcd 40       		.byte	64
 3047 0bce D6       		.byte	-42
 3048 0bcf 40       		.byte	64
 3049 0bd0 E6       		.byte	-26
 3050 0bd1 80       		.byte	-128
 3051 0bd2 EA       		.byte	-22
 3052 0bd3 C0       		.byte	-64
 3053 0bd4 EC       		.byte	-20
 3054 0bd5 80       		.byte	-128
 3055 0bd6 62       		.byte	98
 3056 0bd7 20       		.byte	32
 3057 0bd8 82       		.byte	-126
 3058 0bd9 20       		.byte	32
 3059 0bda 87       		.byte	-121
 3060 0bdb 08       		.byte	8
 3061 0bdc A7       		.byte	-89
 3062 0bdd 08       		.byte	8
 3063 0bde AF       		.byte	-81
 3064 0bdf 20       		.byte	32
 3065 0be0 B7       		.byte	-73
 3066 0be1 04       		.byte	4
 3067 0be2 D8       		.byte	-40
 3068 0be3 40       		.byte	64
 3069 0be4 E6       		.byte	-26
 3070 0be5 C0       		.byte	-64
 3071 0be6 EC       		.byte	-20
 3072 0be7 10       		.byte	16
 3073 0be8 19       		.byte	25
 3074 0be9 04       		.byte	4
 3075 0bea 24       		.byte	36
 3076 0beb 40       		.byte	64
 3077 0bec 81       		.byte	-127
 3078 0bed 04       		.byte	4
ARM GAS  C:\Users\UCA-MA~1\AppData\Local\Temp\ccH0RipZ.s 			page 55


 3079 0bee C6       		.byte	-58
 3080 0bef 08       		.byte	8
 3081 0bf0 C8       		.byte	-56
 3082 0bf1 01       		.byte	1
 3083 0bf2 44       		.byte	68
 3084 0bf3 02       		.byte	2
 3085 0bf4 B4       		.byte	-76
 3086 0bf5 40       		.byte	64
 3087 0bf6 D0       		.byte	-48
 3088 0bf7 04       		.byte	4
 3089 0bf8 EA       		.byte	-22
 3090 0bf9 02       		.byte	2
 3091 0bfa 24       		.byte	36
 3092 0bfb 08       		.byte	8
 3093 0bfc C8       		.byte	-56
 3094 0bfd 20       		.byte	32
 3095 0bfe 63       		.byte	99
 3096 0bff 02       		.byte	2
 3097 0c00 64       		.byte	100
 3098 0c01 01       		.byte	1
 3099 0c02 84       		.byte	-124
 3100 0c03 01       		.byte	1
 3101 0c04 87       		.byte	-121
 3102 0c05 01       		.byte	1
 3103 0c06 B4       		.byte	-76
 3104 0c07 04       		.byte	4
 3105 0c08 D6       		.byte	-42
 3106 0c09 C0       		.byte	-64
 3107 0c0a E2       		.byte	-30
 3108 0c0b 40       		.byte	64
 3109 0c0c E6       		.byte	-26
 3110 0c0d 10       		.byte	16
 3111 0c0e 9C       		.byte	-100
 3112 0c0f 02       		.byte	2
 3113 0c10 10       		.byte	16
 3114 0c11 20       		.byte	32
 3115 0c12 75       		.byte	117
 3116 0c13 02       		.byte	2
 3117 0c14 8C       		.byte	-116
 3118 0c15 20       		.byte	32
 3119 0c16 99       		.byte	-103
 3120 0c17 02       		.byte	2
 3121 0c18 B4       		.byte	-76
 3122 0c19 02       		.byte	2
 3123 0c1a B5       		.byte	-75
 3124 0c1b 02       		.byte	2
 3125 0c1c C4       		.byte	-60
 3126 0c1d 08       		.byte	8
 3127 0c1e DE       		.byte	-34
 3128 0c1f 04       		.byte	4
 3129 0c20 E6       		.byte	-26
 3130 0c21 08       		.byte	8
 3131 0c22 E8       		.byte	-24
 3132 0c23 0A       		.byte	10
 3133 0c24 00       		.byte	0
 3134 0c25 07       		.byte	7
 3135 0c26 01       		.byte	1
ARM GAS  C:\Users\UCA-MA~1\AppData\Local\Temp\ccH0RipZ.s 			page 56


 3136 0c27 01       		.byte	1
 3137 0c28 08       		.byte	8
 3138 0c29 05       		.byte	5
 3139 0c2a 0A       		.byte	10
 3140 0c2b 05       		.byte	5
 3141 0c2c 0C       		.byte	12
 3142 0c2d 07       		.byte	7
 3143 0c2e 0E       		.byte	14
 3144 0c2f 03       		.byte	3
 3145 0c30 0F       		.byte	15
 3146 0c31 01       		.byte	1
 3147 0c32 10       		.byte	16
 3148 0c33 0B       		.byte	11
 3149 0c34 11       		.byte	17
 3150 0c35 01       		.byte	1
 3151 0c36 1A       		.byte	26
 3152 0c37 0B       		.byte	11
 3153 0c38 1C       		.byte	28
 3154 0c39 03       		.byte	3
 3155 0c3a 1D       		.byte	29
 3156 0c3b 01       		.byte	1
 3157 0c3c 00       		.byte	0
 3158 0c3d 3B       		.byte	59
 3159 0c3e 10       		.byte	16
 3160 0c3f 0A       		.byte	10
 3161 0c40 88       		.byte	-120
 3162 0c41 88       		.byte	-120
 3163 0c42 00       		.byte	0
 3164 0c43 00       		.byte	0
 3165 0c44 44       		.byte	68
 3166 0c45 00       		.byte	0
 3167 0c46 00       		.byte	0
 3168 0c47 00       		.byte	0
 3169 0c48 00       		.byte	0
 3170 0c49 00       		.byte	0
 3171 0c4a 00       		.byte	0
 3172 0c4b 00       		.byte	0
 3173 0c4c 00       		.byte	0
 3174 0c4d 07       		.byte	7
 3175 0c4e 07       		.byte	7
 3176 0c4f 00       		.byte	0
 3177 0c50 88       		.byte	-120
 3178 0c51 00       		.byte	0
 3179 0c52 44       		.byte	68
 3180 0c53 88       		.byte	-120
 3181 0c54 88       		.byte	-120
 3182 0c55 00       		.byte	0
 3183 0c56 88       		.byte	-120
 3184 0c57 00       		.byte	0
 3185 0c58 00       		.byte	0
 3186 0c59 00       		.byte	0
 3187 0c5a 00       		.byte	0
 3188 0c5b 00       		.byte	0
 3189 0c5c 00       		.byte	0
 3190 0c5d 0B       		.byte	11
 3191 0c5e 0B       		.byte	11
 3192 0c5f 00       		.byte	0
ARM GAS  C:\Users\UCA-MA~1\AppData\Local\Temp\ccH0RipZ.s 			page 57


 3193 0c60 00       		.byte	0
 3194 0c61 00       		.byte	0
 3195 0c62 00       		.byte	0
 3196 0c63 00       		.byte	0
 3197 0c64 00       		.byte	0
 3198 0c65 17       		.byte	23
 3199 0c66 17       		.byte	23
 3200 0c67 00       		.byte	0
 3201 0c68 00       		.byte	0
 3202 0c69 00       		.byte	0
 3203 0c6a 00       		.byte	0
 3204 0c6b 00       		.byte	0
 3205 0c6c 00       		.byte	0
 3206 0c6d 30       		.byte	48
 3207 0c6e 30       		.byte	48
 3208 0c6f 00       		.byte	0
 3209 0c70 30       		.byte	48
 3210 0c71 00       		.byte	0
 3211 0c72 00       		.byte	0
 3212 0c73 00       		.byte	0
 3213 0c74 00       		.byte	0
 3214 0c75 01       		.byte	1
 3215 0c76 00       		.byte	0
 3216 0c77 00       		.byte	0
 3217              		.global	cy_meta_custnvl
 3218              		.section	.cycustnvl,"a",%progbits
 3219              		.align	2
 3220              		.type	cy_meta_custnvl, %object
 3221              		.size	cy_meta_custnvl, 4
 3222              	cy_meta_custnvl:
 3223 0000 00       		.byte	0
 3224 0001 00       		.byte	0
 3225 0002 40       		.byte	64
 3226 0003 05       		.byte	5
 3227              		.global	cy_meta_wonvl
 3228              		.section	.cywolatch,"a",%progbits
 3229              		.align	2
 3230              		.type	cy_meta_wonvl, %object
 3231              		.size	cy_meta_wonvl, 4
 3232              	cy_meta_wonvl:
 3233 0000 BC       		.byte	-68
 3234 0001 90       		.byte	-112
 3235 0002 AC       		.byte	-84
 3236 0003 AF       		.byte	-81
 3237              		.global	cy_meta_flashprotect
 3238              		.section	.cyflashprotect,"a",%progbits
 3239              		.align	2
 3240              		.type	cy_meta_flashprotect, %object
 3241              		.size	cy_meta_flashprotect, 256
 3242              	cy_meta_flashprotect:
 3243 0000 00000000 		.space	256
 3243      00000000 
 3243      00000000 
 3243      00000000 
 3243      00000000 
 3244              		.global	cy_metadata
 3245              		.section	.cymeta,"a",%progbits
ARM GAS  C:\Users\UCA-MA~1\AppData\Local\Temp\ccH0RipZ.s 			page 58


 3246              		.align	2
 3247              		.type	cy_metadata, %object
 3248              		.size	cy_metadata, 12
 3249              	cy_metadata:
 3250 0000 00       		.byte	0
 3251 0001 01       		.byte	1
 3252 0002 2E       		.byte	46
 3253 0003 16       		.byte	22
 3254 0004 10       		.byte	16
 3255 0005 69       		.byte	105
 3256 0006 00       		.byte	0
 3257 0007 01       		.byte	1
 3258 0008 00       		.byte	0
 3259 0009 00       		.byte	0
 3260 000a 00       		.byte	0
 3261 000b 00       		.byte	0
 3262              		.text
 3263              	.Letext0:
 3264              		.file 1 "c:\\program files (x86)\\cypress\\psoc creator\\4.4\\psoc creator\\import\\gnu\\arm\\5.4.
 3265              		.file 2 "c:\\program files (x86)\\cypress\\psoc creator\\4.4\\psoc creator\\import\\gnu\\arm\\5.4.
 3266              		.file 3 "Generated_Source\\PSoC5\\cymetadata.c"
 3267              		.section	.debug_info,"",%progbits
 3268              	.Ldebug_info0:
 3269 0000 35010000 		.4byte	0x135
 3270 0004 0400     		.2byte	0x4
 3271 0006 00000000 		.4byte	.Ldebug_abbrev0
 3272 000a 04       		.byte	0x4
 3273 000b 01       		.uleb128 0x1
 3274 000c 0A000000 		.4byte	.LASF17
 3275 0010 0C       		.byte	0xc
 3276 0011 C5010000 		.4byte	.LASF18
 3277 0015 D7000000 		.4byte	.LASF19
 3278 0019 00000000 		.4byte	.Ldebug_line0
 3279 001d 02       		.uleb128 0x2
 3280 001e 01       		.byte	0x1
 3281 001f 06       		.byte	0x6
 3282 0020 B9010000 		.4byte	.LASF0
 3283 0024 03       		.uleb128 0x3
 3284 0025 00000000 		.4byte	.LASF9
 3285 0029 01       		.byte	0x1
 3286 002a 1D       		.byte	0x1d
 3287 002b 2F000000 		.4byte	0x2f
 3288 002f 02       		.uleb128 0x2
 3289 0030 01       		.byte	0x1
 3290 0031 08       		.byte	0x8
 3291 0032 A4000000 		.4byte	.LASF1
 3292 0036 02       		.uleb128 0x2
 3293 0037 02       		.byte	0x2
 3294 0038 05       		.byte	0x5
 3295 0039 A6010000 		.4byte	.LASF2
 3296 003d 02       		.uleb128 0x2
 3297 003e 02       		.byte	0x2
 3298 003f 07       		.byte	0x7
 3299 0040 C4000000 		.4byte	.LASF3
 3300 0044 02       		.uleb128 0x2
 3301 0045 04       		.byte	0x4
 3302 0046 05       		.byte	0x5
ARM GAS  C:\Users\UCA-MA~1\AppData\Local\Temp\ccH0RipZ.s 			page 59


 3303 0047 B0010000 		.4byte	.LASF4
 3304 004b 02       		.uleb128 0x2
 3305 004c 04       		.byte	0x4
 3306 004d 07       		.byte	0x7
 3307 004e B2000000 		.4byte	.LASF5
 3308 0052 02       		.uleb128 0x2
 3309 0053 08       		.byte	0x8
 3310 0054 05       		.byte	0x5
 3311 0055 98010000 		.4byte	.LASF6
 3312 0059 02       		.uleb128 0x2
 3313 005a 08       		.byte	0x8
 3314 005b 07       		.byte	0x7
 3315 005c 4D010000 		.4byte	.LASF7
 3316 0060 04       		.uleb128 0x4
 3317 0061 04       		.byte	0x4
 3318 0062 05       		.byte	0x5
 3319 0063 696E7400 		.ascii	"int\000"
 3320 0067 02       		.uleb128 0x2
 3321 0068 04       		.byte	0x4
 3322 0069 07       		.byte	0x7
 3323 006a 40010000 		.4byte	.LASF8
 3324 006e 03       		.uleb128 0x3
 3325 006f 64010000 		.4byte	.LASF10
 3326 0073 02       		.byte	0x2
 3327 0074 18       		.byte	0x18
 3328 0075 24000000 		.4byte	0x24
 3329 0079 05       		.uleb128 0x5
 3330 007a 91000000 		.4byte	0x91
 3331 007e 8A000000 		.4byte	0x8a
 3332 0082 06       		.uleb128 0x6
 3333 0083 8A000000 		.4byte	0x8a
 3334 0087 770C     		.2byte	0xc77
 3335 0089 00       		.byte	0
 3336 008a 02       		.uleb128 0x2
 3337 008b 04       		.byte	0x4
 3338 008c 07       		.byte	0x7
 3339 008d 8F010000 		.4byte	.LASF11
 3340 0091 07       		.uleb128 0x7
 3341 0092 6E000000 		.4byte	0x6e
 3342 0096 08       		.uleb128 0x8
 3343 0097 2E010000 		.4byte	.LASF12
 3344 009b 03       		.byte	0x3
 3345 009c 1F       		.byte	0x1f
 3346 009d A7000000 		.4byte	0xa7
 3347 00a1 05       		.uleb128 0x5
 3348 00a2 03       		.byte	0x3
 3349 00a3 00000000 		.4byte	cy_meta_configecc
 3350 00a7 07       		.uleb128 0x7
 3351 00a8 79000000 		.4byte	0x79
 3352 00ac 05       		.uleb128 0x5
 3353 00ad 91000000 		.4byte	0x91
 3354 00b1 BC000000 		.4byte	0xbc
 3355 00b5 09       		.uleb128 0x9
 3356 00b6 8A000000 		.4byte	0x8a
 3357 00ba 03       		.byte	0x3
 3358 00bb 00       		.byte	0
 3359 00bc 0A       		.uleb128 0xa
ARM GAS  C:\Users\UCA-MA~1\AppData\Local\Temp\ccH0RipZ.s 			page 60


 3360 00bd 1E010000 		.4byte	.LASF13
 3361 00c1 03       		.byte	0x3
 3362 00c2 BB01     		.2byte	0x1bb
 3363 00c4 CE000000 		.4byte	0xce
 3364 00c8 05       		.uleb128 0x5
 3365 00c9 03       		.byte	0x3
 3366 00ca 00000000 		.4byte	cy_meta_custnvl
 3367 00ce 07       		.uleb128 0x7
 3368 00cf AC000000 		.4byte	0xac
 3369 00d3 0A       		.uleb128 0xa
 3370 00d4 81010000 		.4byte	.LASF14
 3371 00d8 03       		.byte	0x3
 3372 00d9 C901     		.2byte	0x1c9
 3373 00db E5000000 		.4byte	0xe5
 3374 00df 05       		.uleb128 0x5
 3375 00e0 03       		.byte	0x3
 3376 00e1 00000000 		.4byte	cy_meta_wonvl
 3377 00e5 07       		.uleb128 0x7
 3378 00e6 AC000000 		.4byte	0xac
 3379 00ea 05       		.uleb128 0x5
 3380 00eb 91000000 		.4byte	0x91
 3381 00ef FA000000 		.4byte	0xfa
 3382 00f3 09       		.uleb128 0x9
 3383 00f4 8A000000 		.4byte	0x8a
 3384 00f8 FF       		.byte	0xff
 3385 00f9 00       		.byte	0
 3386 00fa 0A       		.uleb128 0xa
 3387 00fb 6C010000 		.4byte	.LASF15
 3388 00ff 03       		.byte	0x3
 3389 0100 D701     		.2byte	0x1d7
 3390 0102 0C010000 		.4byte	0x10c
 3391 0106 05       		.uleb128 0x5
 3392 0107 03       		.byte	0x3
 3393 0108 00000000 		.4byte	cy_meta_flashprotect
 3394 010c 07       		.uleb128 0x7
 3395 010d EA000000 		.4byte	0xea
 3396 0111 05       		.uleb128 0x5
 3397 0112 91000000 		.4byte	0x91
 3398 0116 21010000 		.4byte	0x121
 3399 011a 09       		.uleb128 0x9
 3400 011b 8A000000 		.4byte	0x8a
 3401 011f 0B       		.byte	0xb
 3402 0120 00       		.byte	0
 3403 0121 0A       		.uleb128 0xa
 3404 0122 98000000 		.4byte	.LASF16
 3405 0126 03       		.byte	0x3
 3406 0127 0402     		.2byte	0x204
 3407 0129 33010000 		.4byte	0x133
 3408 012d 05       		.uleb128 0x5
 3409 012e 03       		.byte	0x3
 3410 012f 00000000 		.4byte	cy_metadata
 3411 0133 07       		.uleb128 0x7
 3412 0134 11010000 		.4byte	0x111
 3413 0138 00       		.byte	0
 3414              		.section	.debug_abbrev,"",%progbits
 3415              	.Ldebug_abbrev0:
 3416 0000 01       		.uleb128 0x1
ARM GAS  C:\Users\UCA-MA~1\AppData\Local\Temp\ccH0RipZ.s 			page 61


 3417 0001 11       		.uleb128 0x11
 3418 0002 01       		.byte	0x1
 3419 0003 25       		.uleb128 0x25
 3420 0004 0E       		.uleb128 0xe
 3421 0005 13       		.uleb128 0x13
 3422 0006 0B       		.uleb128 0xb
 3423 0007 03       		.uleb128 0x3
 3424 0008 0E       		.uleb128 0xe
 3425 0009 1B       		.uleb128 0x1b
 3426 000a 0E       		.uleb128 0xe
 3427 000b 10       		.uleb128 0x10
 3428 000c 17       		.uleb128 0x17
 3429 000d 00       		.byte	0
 3430 000e 00       		.byte	0
 3431 000f 02       		.uleb128 0x2
 3432 0010 24       		.uleb128 0x24
 3433 0011 00       		.byte	0
 3434 0012 0B       		.uleb128 0xb
 3435 0013 0B       		.uleb128 0xb
 3436 0014 3E       		.uleb128 0x3e
 3437 0015 0B       		.uleb128 0xb
 3438 0016 03       		.uleb128 0x3
 3439 0017 0E       		.uleb128 0xe
 3440 0018 00       		.byte	0
 3441 0019 00       		.byte	0
 3442 001a 03       		.uleb128 0x3
 3443 001b 16       		.uleb128 0x16
 3444 001c 00       		.byte	0
 3445 001d 03       		.uleb128 0x3
 3446 001e 0E       		.uleb128 0xe
 3447 001f 3A       		.uleb128 0x3a
 3448 0020 0B       		.uleb128 0xb
 3449 0021 3B       		.uleb128 0x3b
 3450 0022 0B       		.uleb128 0xb
 3451 0023 49       		.uleb128 0x49
 3452 0024 13       		.uleb128 0x13
 3453 0025 00       		.byte	0
 3454 0026 00       		.byte	0
 3455 0027 04       		.uleb128 0x4
 3456 0028 24       		.uleb128 0x24
 3457 0029 00       		.byte	0
 3458 002a 0B       		.uleb128 0xb
 3459 002b 0B       		.uleb128 0xb
 3460 002c 3E       		.uleb128 0x3e
 3461 002d 0B       		.uleb128 0xb
 3462 002e 03       		.uleb128 0x3
 3463 002f 08       		.uleb128 0x8
 3464 0030 00       		.byte	0
 3465 0031 00       		.byte	0
 3466 0032 05       		.uleb128 0x5
 3467 0033 01       		.uleb128 0x1
 3468 0034 01       		.byte	0x1
 3469 0035 49       		.uleb128 0x49
 3470 0036 13       		.uleb128 0x13
 3471 0037 01       		.uleb128 0x1
 3472 0038 13       		.uleb128 0x13
 3473 0039 00       		.byte	0
ARM GAS  C:\Users\UCA-MA~1\AppData\Local\Temp\ccH0RipZ.s 			page 62


 3474 003a 00       		.byte	0
 3475 003b 06       		.uleb128 0x6
 3476 003c 21       		.uleb128 0x21
 3477 003d 00       		.byte	0
 3478 003e 49       		.uleb128 0x49
 3479 003f 13       		.uleb128 0x13
 3480 0040 2F       		.uleb128 0x2f
 3481 0041 05       		.uleb128 0x5
 3482 0042 00       		.byte	0
 3483 0043 00       		.byte	0
 3484 0044 07       		.uleb128 0x7
 3485 0045 26       		.uleb128 0x26
 3486 0046 00       		.byte	0
 3487 0047 49       		.uleb128 0x49
 3488 0048 13       		.uleb128 0x13
 3489 0049 00       		.byte	0
 3490 004a 00       		.byte	0
 3491 004b 08       		.uleb128 0x8
 3492 004c 34       		.uleb128 0x34
 3493 004d 00       		.byte	0
 3494 004e 03       		.uleb128 0x3
 3495 004f 0E       		.uleb128 0xe
 3496 0050 3A       		.uleb128 0x3a
 3497 0051 0B       		.uleb128 0xb
 3498 0052 3B       		.uleb128 0x3b
 3499 0053 0B       		.uleb128 0xb
 3500 0054 49       		.uleb128 0x49
 3501 0055 13       		.uleb128 0x13
 3502 0056 3F       		.uleb128 0x3f
 3503 0057 19       		.uleb128 0x19
 3504 0058 02       		.uleb128 0x2
 3505 0059 18       		.uleb128 0x18
 3506 005a 00       		.byte	0
 3507 005b 00       		.byte	0
 3508 005c 09       		.uleb128 0x9
 3509 005d 21       		.uleb128 0x21
 3510 005e 00       		.byte	0
 3511 005f 49       		.uleb128 0x49
 3512 0060 13       		.uleb128 0x13
 3513 0061 2F       		.uleb128 0x2f
 3514 0062 0B       		.uleb128 0xb
 3515 0063 00       		.byte	0
 3516 0064 00       		.byte	0
 3517 0065 0A       		.uleb128 0xa
 3518 0066 34       		.uleb128 0x34
 3519 0067 00       		.byte	0
 3520 0068 03       		.uleb128 0x3
 3521 0069 0E       		.uleb128 0xe
 3522 006a 3A       		.uleb128 0x3a
 3523 006b 0B       		.uleb128 0xb
 3524 006c 3B       		.uleb128 0x3b
 3525 006d 05       		.uleb128 0x5
 3526 006e 49       		.uleb128 0x49
 3527 006f 13       		.uleb128 0x13
 3528 0070 3F       		.uleb128 0x3f
 3529 0071 19       		.uleb128 0x19
 3530 0072 02       		.uleb128 0x2
ARM GAS  C:\Users\UCA-MA~1\AppData\Local\Temp\ccH0RipZ.s 			page 63


 3531 0073 18       		.uleb128 0x18
 3532 0074 00       		.byte	0
 3533 0075 00       		.byte	0
 3534 0076 00       		.byte	0
 3535              		.section	.debug_aranges,"",%progbits
 3536 0000 14000000 		.4byte	0x14
 3537 0004 0200     		.2byte	0x2
 3538 0006 00000000 		.4byte	.Ldebug_info0
 3539 000a 04       		.byte	0x4
 3540 000b 00       		.byte	0
 3541 000c 0000     		.2byte	0
 3542 000e 0000     		.2byte	0
 3543 0010 00000000 		.4byte	0
 3544 0014 00000000 		.4byte	0
 3545              		.section	.debug_line,"",%progbits
 3546              	.Ldebug_line0:
 3547 0000 3D010000 		.section	.debug_str,"MS",%progbits,1
 3547      02003701 
 3547      00000201 
 3547      FB0E0D00 
 3547      01010101 
 3548              	.LASF9:
 3549 0000 5F5F7569 		.ascii	"__uint8_t\000"
 3549      6E74385F 
 3549      7400
 3550              	.LASF17:
 3551 000a 474E5520 		.ascii	"GNU C11 5.4.1 20160609 (release) [ARM/embedded-5-br"
 3551      43313120 
 3551      352E342E 
 3551      31203230 
 3551      31363036 
 3552 003d 616E6368 		.ascii	"anch revision 237715] -mcpu=cortex-m3 -mthumb -g -O"
 3552      20726576 
 3552      6973696F 
 3552      6E203233 
 3552      37373135 
 3553 0070 30202D66 		.ascii	"0 -ffunction-sections -ffat-lto-objects\000"
 3553      66756E63 
 3553      74696F6E 
 3553      2D736563 
 3553      74696F6E 
 3554              	.LASF16:
 3555 0098 63795F6D 		.ascii	"cy_metadata\000"
 3555      65746164 
 3555      61746100 
 3556              	.LASF1:
 3557 00a4 756E7369 		.ascii	"unsigned char\000"
 3557      676E6564 
 3557      20636861 
 3557      7200
 3558              	.LASF5:
 3559 00b2 6C6F6E67 		.ascii	"long unsigned int\000"
 3559      20756E73 
 3559      69676E65 
 3559      6420696E 
 3559      7400
 3560              	.LASF3:
ARM GAS  C:\Users\UCA-MA~1\AppData\Local\Temp\ccH0RipZ.s 			page 64


 3561 00c4 73686F72 		.ascii	"short unsigned int\000"
 3561      7420756E 
 3561      7369676E 
 3561      65642069 
 3561      6E7400
 3562              	.LASF19:
 3563 00d7 433A5C55 		.ascii	"C:\\Users\\UCA-Master\\Documents\\PSoC Creator\\ADC"
 3563      73657273 
 3563      5C554341 
 3563      2D4D6173 
 3563      7465725C 
 3564 0105 5F53656E 		.ascii	"_SensordeAgua\\Agua.cydsn\000"
 3564      736F7264 
 3564      65416775 
 3564      615C4167 
 3564      75612E63 
 3565              	.LASF13:
 3566 011e 63795F6D 		.ascii	"cy_meta_custnvl\000"
 3566      6574615F 
 3566      63757374 
 3566      6E766C00 
 3567              	.LASF12:
 3568 012e 63795F6D 		.ascii	"cy_meta_configecc\000"
 3568      6574615F 
 3568      636F6E66 
 3568      69676563 
 3568      6300
 3569              	.LASF8:
 3570 0140 756E7369 		.ascii	"unsigned int\000"
 3570      676E6564 
 3570      20696E74 
 3570      00
 3571              	.LASF7:
 3572 014d 6C6F6E67 		.ascii	"long long unsigned int\000"
 3572      206C6F6E 
 3572      6720756E 
 3572      7369676E 
 3572      65642069 
 3573              	.LASF10:
 3574 0164 75696E74 		.ascii	"uint8_t\000"
 3574      385F7400 
 3575              	.LASF15:
 3576 016c 63795F6D 		.ascii	"cy_meta_flashprotect\000"
 3576      6574615F 
 3576      666C6173 
 3576      6870726F 
 3576      74656374 
 3577              	.LASF14:
 3578 0181 63795F6D 		.ascii	"cy_meta_wonvl\000"
 3578      6574615F 
 3578      776F6E76 
 3578      6C00
 3579              	.LASF11:
 3580 018f 73697A65 		.ascii	"sizetype\000"
 3580      74797065 
 3580      00
 3581              	.LASF6:
ARM GAS  C:\Users\UCA-MA~1\AppData\Local\Temp\ccH0RipZ.s 			page 65


 3582 0198 6C6F6E67 		.ascii	"long long int\000"
 3582      206C6F6E 
 3582      6720696E 
 3582      7400
 3583              	.LASF2:
 3584 01a6 73686F72 		.ascii	"short int\000"
 3584      7420696E 
 3584      7400
 3585              	.LASF4:
 3586 01b0 6C6F6E67 		.ascii	"long int\000"
 3586      20696E74 
 3586      00
 3587              	.LASF0:
 3588 01b9 7369676E 		.ascii	"signed char\000"
 3588      65642063 
 3588      68617200 
 3589              	.LASF18:
 3590 01c5 47656E65 		.ascii	"Generated_Source\\PSoC5\\cymetadata.c\000"
 3590      72617465 
 3590      645F536F 
 3590      75726365 
 3590      5C50536F 
 3591              		.ident	"GCC: (GNU Tools for ARM Embedded Processors) 5.4.1 20160609 (release) [ARM/embedded-5-bran
