ARM GAS  C:\Users\UCA-MA~1\AppData\Local\Temp\ccj5oRMv.s 			page 1


   1              		.syntax unified
   2              		.cpu cortex-m3
   3              		.fpu softvfp
   4              		.eabi_attribute 20, 1
   5              		.eabi_attribute 21, 1
   6              		.eabi_attribute 23, 3
   7              		.eabi_attribute 24, 1
   8              		.eabi_attribute 25, 1
   9              		.eabi_attribute 26, 1
  10              		.eabi_attribute 30, 6
  11              		.eabi_attribute 34, 1
  12              		.eabi_attribute 18, 4
  13              		.thumb
  14              		.syntax unified
  15              		.file	"main.c"
  16              		.text
  17              	.Ltext0:
  18              		.cfi_sections	.debug_frame
  19              		.comm	rxBuffer,100,4
  20              		.global	rxIndex
  21              		.bss
  22              		.type	rxIndex, %object
  23              		.size	rxIndex, 1
  24              	rxIndex:
  25 0000 00       		.space	1
  26              		.global	interrup
  27 0001 000000   		.align	2
  28              		.type	interrup, %object
  29              		.size	interrup, 4
  30              	interrup:
  31 0004 00000000 		.space	4
  32              		.global	cMain
  33              		.type	cMain, %object
  34              		.size	cMain, 1
  35              	cMain:
  36 0008 00       		.space	1
  37              		.comm	buffer,32,4
  38              		.comm	bufferESP,32,4
  39              		.comm	configPH,8,4
  40              		.section	.text.ver_pH,"ax",%progbits
  41              		.align	2
  42              		.global	ver_pH
  43              		.thumb
  44              		.thumb_func
  45              		.type	ver_pH, %function
  46              	ver_pH:
  47              	.LFB64:
  48              		.file 1 "main.c"
   1:main.c        **** /* ========================================
   2:main.c        ****  *
   3:main.c        ****  * Copyright YOUR COMPANY, THE YEAR
   4:main.c        ****  * All Rights Reserved
   5:main.c        ****  * UNPUBLISHED, LICENSED SOFTWARE.
   6:main.c        ****  *
   7:main.c        ****  * CONFIDENTIAL AND PROPRIETARY INFORMATION
   8:main.c        ****  * WHICH IS THE PROPERTY OF your company.
   9:main.c        ****  *
ARM GAS  C:\Users\UCA-MA~1\AppData\Local\Temp\ccj5oRMv.s 			page 2


  10:main.c        ****  * ========================================
  11:main.c        **** */
  12:main.c        **** #include "project.h"
  13:main.c        **** #include "SIST_HIDRO.h"
  14:main.c        **** 
  15:main.c        **** ConfigPH configPH;
  16:main.c        **** 
  17:main.c        **** CY_ISR(ver_pH){
  49              		.loc 1 17 0
  50              		.cfi_startproc
  51              		@ args = 0, pretend = 0, frame = 0
  52              		@ frame_needed = 1, uses_anonymous_args = 0
  53              		@ link register save eliminated.
  54 0000 80B4     		push	{r7}
  55              		.cfi_def_cfa_offset 4
  56              		.cfi_offset 7, -4
  57 0002 00AF     		add	r7, sp, #0
  58              		.cfi_def_cfa_register 7
  18:main.c        ****     interrup = PH_TIMER;
  59              		.loc 1 18 0
  60 0004 034B     		ldr	r3, .L2
  61 0006 0422     		movs	r2, #4
  62 0008 1A60     		str	r2, [r3]
  19:main.c        **** }
  63              		.loc 1 19 0
  64 000a 00BF     		nop
  65 000c BD46     		mov	sp, r7
  66              		.cfi_def_cfa_register 13
  67              		@ sp needed
  68 000e 80BC     		pop	{r7}
  69              		.cfi_restore 7
  70              		.cfi_def_cfa_offset 0
  71 0010 7047     		bx	lr
  72              	.L3:
  73 0012 00BF     		.align	2
  74              	.L2:
  75 0014 00000000 		.word	interrup
  76              		.cfi_endproc
  77              	.LFE64:
  78              		.size	ver_pH, .-ver_pH
  79              		.section	.text.inicializarConfigPH,"ax",%progbits
  80              		.align	2
  81              		.global	inicializarConfigPH
  82              		.thumb
  83              		.thumb_func
  84              		.type	inicializarConfigPH, %function
  85              	inicializarConfigPH:
  86              	.LFB65:
  20:main.c        **** 
  21:main.c        **** void inicializarConfigPH() {
  87              		.loc 1 21 0
  88              		.cfi_startproc
  89              		@ args = 0, pretend = 0, frame = 0
  90              		@ frame_needed = 1, uses_anonymous_args = 0
  91              		@ link register save eliminated.
  92 0000 80B4     		push	{r7}
  93              		.cfi_def_cfa_offset 4
ARM GAS  C:\Users\UCA-MA~1\AppData\Local\Temp\ccj5oRMv.s 			page 3


  94              		.cfi_offset 7, -4
  95 0002 00AF     		add	r7, sp, #0
  96              		.cfi_def_cfa_register 7
  22:main.c        ****     configPH.minPH = PH_ACIDO; 
  97              		.loc 1 22 0
  98 0004 044B     		ldr	r3, .L5
  99 0006 054A     		ldr	r2, .L5+4
 100 0008 1A60     		str	r2, [r3]	@ float
  23:main.c        ****     configPH.maxPH = PH_BASICO; 
 101              		.loc 1 23 0
 102 000a 034B     		ldr	r3, .L5
 103 000c 044A     		ldr	r2, .L5+8
 104 000e 5A60     		str	r2, [r3, #4]	@ float
  24:main.c        **** }
 105              		.loc 1 24 0
 106 0010 00BF     		nop
 107 0012 BD46     		mov	sp, r7
 108              		.cfi_def_cfa_register 13
 109              		@ sp needed
 110 0014 80BC     		pop	{r7}
 111              		.cfi_restore 7
 112              		.cfi_def_cfa_offset 0
 113 0016 7047     		bx	lr
 114              	.L6:
 115              		.align	2
 116              	.L5:
 117 0018 00000000 		.word	configPH
 118 001c CDCCDC40 		.word	1088212173
 119 0020 9A99E940 		.word	1089051034
 120              		.cfi_endproc
 121              	.LFE65:
 122              		.size	inicializarConfigPH, .-inicializarConfigPH
 123              		.global	__aeabi_fcmplt
 124              		.global	__aeabi_fcmpge
 125              		.global	__aeabi_fcmple
 126              		.section	.rodata
 127              		.align	2
 128              	.LC0:
 129 0000 4572726F 		.ascii	"Error: Rango de pH invalido.\015\012\000"
 129      723A2052 
 129      616E676F 
 129      20646520 
 129      70482069 
 130              		.section	.text.actualizarConfigPH,"ax",%progbits
 131              		.align	2
 132              		.global	actualizarConfigPH
 133              		.thumb
 134              		.thumb_func
 135              		.type	actualizarConfigPH, %function
 136              	actualizarConfigPH:
 137              	.LFB66:
  25:main.c        **** 
  26:main.c        **** void actualizarConfigPH(float nuevoMin, float nuevoMax) {
 138              		.loc 1 26 0
 139              		.cfi_startproc
 140              		@ args = 0, pretend = 0, frame = 8
 141              		@ frame_needed = 1, uses_anonymous_args = 0
ARM GAS  C:\Users\UCA-MA~1\AppData\Local\Temp\ccj5oRMv.s 			page 4


 142 0000 80B5     		push	{r7, lr}
 143              		.cfi_def_cfa_offset 8
 144              		.cfi_offset 7, -8
 145              		.cfi_offset 14, -4
 146 0002 82B0     		sub	sp, sp, #8
 147              		.cfi_def_cfa_offset 16
 148 0004 00AF     		add	r7, sp, #0
 149              		.cfi_def_cfa_register 7
 150 0006 7860     		str	r0, [r7, #4]	@ float
 151 0008 3960     		str	r1, [r7]	@ float
  27:main.c        ****     if (nuevoMin < nuevoMax && nuevoMin >= 0 && nuevoMax <= 14) {
 152              		.loc 1 27 0
 153 000a 3968     		ldr	r1, [r7]	@ float
 154 000c 7868     		ldr	r0, [r7, #4]	@ float
 155 000e FFF7FEFF 		bl	__aeabi_fcmplt
 156 0012 0346     		mov	r3, r0
 157 0014 002B     		cmp	r3, #0
 158 0016 15D0     		beq	.L8
 159              		.loc 1 27 0 is_stmt 0 discriminator 1
 160 0018 4FF00001 		mov	r1, #0
 161 001c 7868     		ldr	r0, [r7, #4]	@ float
 162 001e FFF7FEFF 		bl	__aeabi_fcmpge
 163 0022 0346     		mov	r3, r0
 164 0024 002B     		cmp	r3, #0
 165 0026 0DD0     		beq	.L8
 166              		.loc 1 27 0 discriminator 2
 167 0028 0A49     		ldr	r1, .L16
 168 002a 3868     		ldr	r0, [r7]	@ float
 169 002c FFF7FEFF 		bl	__aeabi_fcmple
 170 0030 0346     		mov	r3, r0
 171 0032 002B     		cmp	r3, #0
 172 0034 06D0     		beq	.L8
  28:main.c        ****         configPH.minPH = nuevoMin;
 173              		.loc 1 28 0 is_stmt 1
 174 0036 084A     		ldr	r2, .L16+4
 175 0038 7B68     		ldr	r3, [r7, #4]	@ float
 176 003a 1360     		str	r3, [r2]	@ float
  29:main.c        ****         configPH.maxPH = nuevoMax;
 177              		.loc 1 29 0
 178 003c 064A     		ldr	r2, .L16+4
 179 003e 3B68     		ldr	r3, [r7]	@ float
 180 0040 5360     		str	r3, [r2, #4]	@ float
 181 0042 02E0     		b	.L12
 182              	.L8:
  30:main.c        ****     } else {
  31:main.c        ****         UART_PSOC_PutString("Error: Rango de pH invalido.\r\n");
 183              		.loc 1 31 0
 184 0044 0548     		ldr	r0, .L16+8
 185 0046 FFF7FEFF 		bl	UART_PSOC_PutString
 186              	.L12:
  32:main.c        ****     }
  33:main.c        **** }
 187              		.loc 1 33 0
 188 004a 00BF     		nop
 189 004c 0837     		adds	r7, r7, #8
 190              		.cfi_def_cfa_offset 8
 191 004e BD46     		mov	sp, r7
ARM GAS  C:\Users\UCA-MA~1\AppData\Local\Temp\ccj5oRMv.s 			page 5


 192              		.cfi_def_cfa_register 13
 193              		@ sp needed
 194 0050 80BD     		pop	{r7, pc}
 195              	.L17:
 196 0052 00BF     		.align	2
 197              	.L16:
 198 0054 00006041 		.word	1096810496
 199 0058 00000000 		.word	configPH
 200 005c 00000000 		.word	.LC0
 201              		.cfi_endproc
 202              	.LFE66:
 203              		.size	actualizarConfigPH, .-actualizarConfigPH
 204              		.global	__aeabi_f2d
 205              		.section	.rodata
 206 001f 00       		.align	2
 207              	.LC1:
 208 0020 56616C6F 		.ascii	"Valores recibidos de pH: %.2f, %.2f.\015\012\000"
 208      72657320 
 208      72656369 
 208      6269646F 
 208      73206465 
 209              		.section	.text.conv_pH,"ax",%progbits
 210              		.align	2
 211              		.global	conv_pH
 212              		.thumb
 213              		.thumb_func
 214              		.type	conv_pH, %function
 215              	conv_pH:
 216              	.LFB67:
  34:main.c        **** 
  35:main.c        **** void conv_pH (char *buffer){
 217              		.loc 1 35 0
 218              		.cfi_startproc
 219              		@ args = 0, pretend = 0, frame = 16
 220              		@ frame_needed = 1, uses_anonymous_args = 0
 221 0000 B0B5     		push	{r4, r5, r7, lr}
 222              		.cfi_def_cfa_offset 16
 223              		.cfi_offset 4, -16
 224              		.cfi_offset 5, -12
 225              		.cfi_offset 7, -8
 226              		.cfi_offset 14, -4
 227 0002 88B0     		sub	sp, sp, #32
 228              		.cfi_def_cfa_offset 48
 229 0004 04AF     		add	r7, sp, #16
 230              		.cfi_def_cfa 7, 32
 231 0006 7860     		str	r0, [r7, #4]
  36:main.c        ****     char* pEnd;
  37:main.c        ****     static float f1, f2;
  38:main.c        ****     f1 = strtof (buffer, &pEnd);
 232              		.loc 1 38 0
 233 0008 07F10C03 		add	r3, r7, #12
 234 000c 1946     		mov	r1, r3
 235 000e 7868     		ldr	r0, [r7, #4]
 236 0010 FFF7FEFF 		bl	strtof
 237 0014 0246     		mov	r2, r0
 238 0016 184B     		ldr	r3, .L19
 239 0018 1A60     		str	r2, [r3]	@ float
ARM GAS  C:\Users\UCA-MA~1\AppData\Local\Temp\ccj5oRMv.s 			page 6


  39:main.c        ****     f2 = strtof (pEnd, NULL);
 240              		.loc 1 39 0
 241 001a FB68     		ldr	r3, [r7, #12]
 242 001c 0021     		movs	r1, #0
 243 001e 1846     		mov	r0, r3
 244 0020 FFF7FEFF 		bl	strtof
 245 0024 0246     		mov	r2, r0
 246 0026 154B     		ldr	r3, .L19+4
 247 0028 1A60     		str	r2, [r3]	@ float
  40:main.c        ****     snprintf (rxBuffer, Max_Buffer, "Valores recibidos de pH: %.2f, %.2f.\r\n", f1, f2);
 248              		.loc 1 40 0
 249 002a 134B     		ldr	r3, .L19
 250 002c 1B68     		ldr	r3, [r3]	@ float
 251 002e 1846     		mov	r0, r3
 252 0030 FFF7FEFF 		bl	__aeabi_f2d
 253 0034 0446     		mov	r4, r0
 254 0036 0D46     		mov	r5, r1
 255 0038 104B     		ldr	r3, .L19+4
 256 003a 1B68     		ldr	r3, [r3]	@ float
 257 003c 1846     		mov	r0, r3
 258 003e FFF7FEFF 		bl	__aeabi_f2d
 259 0042 0246     		mov	r2, r0
 260 0044 0B46     		mov	r3, r1
 261 0046 CDE90223 		strd	r2, [sp, #8]
 262 004a CDE90045 		strd	r4, [sp]
 263 004e 0C4A     		ldr	r2, .L19+8
 264 0050 6421     		movs	r1, #100
 265 0052 0C48     		ldr	r0, .L19+12
 266 0054 FFF7FEFF 		bl	snprintf
  41:main.c        ****     UART_PSOC_PutString(rxBuffer);
 267              		.loc 1 41 0
 268 0058 0A48     		ldr	r0, .L19+12
 269 005a FFF7FEFF 		bl	UART_PSOC_PutString
  42:main.c        ****     actualizarConfigPH(f1, f2);
 270              		.loc 1 42 0
 271 005e 064B     		ldr	r3, .L19
 272 0060 1A68     		ldr	r2, [r3]	@ float
 273 0062 064B     		ldr	r3, .L19+4
 274 0064 1B68     		ldr	r3, [r3]	@ float
 275 0066 1946     		mov	r1, r3
 276 0068 1046     		mov	r0, r2
 277 006a FFF7FEFF 		bl	actualizarConfigPH
  43:main.c        ****     
  44:main.c        **** }
 278              		.loc 1 44 0
 279 006e 00BF     		nop
 280 0070 1037     		adds	r7, r7, #16
 281              		.cfi_def_cfa_offset 16
 282 0072 BD46     		mov	sp, r7
 283              		.cfi_def_cfa_register 13
 284              		@ sp needed
 285 0074 B0BD     		pop	{r4, r5, r7, pc}
 286              	.L20:
 287 0076 00BF     		.align	2
 288              	.L19:
 289 0078 0C000000 		.word	f1.7393
 290 007c 10000000 		.word	f2.7394
ARM GAS  C:\Users\UCA-MA~1\AppData\Local\Temp\ccj5oRMv.s 			page 7


 291 0080 20000000 		.word	.LC1
 292 0084 00000000 		.word	rxBuffer
 293              		.cfi_endproc
 294              	.LFE67:
 295              		.size	conv_pH, .-conv_pH
 296              		.section	.text.servoPosition,"ax",%progbits
 297              		.align	2
 298              		.global	servoPosition
 299              		.thumb
 300              		.thumb_func
 301              		.type	servoPosition, %function
 302              	servoPosition:
 303              	.LFB68:
  45:main.c        **** 
  46:main.c        **** 
  47:main.c        **** void servoPosition(uint8_t nServo){
 304              		.loc 1 47 0
 305              		.cfi_startproc
 306              		@ args = 0, pretend = 0, frame = 8
 307              		@ frame_needed = 1, uses_anonymous_args = 0
 308 0000 80B5     		push	{r7, lr}
 309              		.cfi_def_cfa_offset 8
 310              		.cfi_offset 7, -8
 311              		.cfi_offset 14, -4
 312 0002 82B0     		sub	sp, sp, #8
 313              		.cfi_def_cfa_offset 16
 314 0004 00AF     		add	r7, sp, #0
 315              		.cfi_def_cfa_register 7
 316 0006 0346     		mov	r3, r0
 317 0008 FB71     		strb	r3, [r7, #7]
  48:main.c        ****     resetTimerpH_Write(1);
 318              		.loc 1 48 0
 319 000a 0120     		movs	r0, #1
 320 000c FFF7FEFF 		bl	resetTimerpH_Write
  49:main.c        ****     switch(nServo){
 321              		.loc 1 49 0
 322 0010 FB79     		ldrb	r3, [r7, #7]	@ zero_extendqisi2
 323 0012 002B     		cmp	r3, #0
 324 0014 02D0     		beq	.L23
 325 0016 012B     		cmp	r3, #1
 326 0018 0DD0     		beq	.L24
 327 001a 19E0     		b	.L26
 328              	.L23:
  50:main.c        ****         case SERVO_PH_ELEVADOR_ABIERTO:
  51:main.c        ****             PWM_WriteCompare1(MIN_PULSE);
 329              		.loc 1 51 0
 330 001c C720     		movs	r0, #199
 331 001e FFF7FEFF 		bl	PWM_WriteCompare1
  52:main.c        ****             PWM_WriteCompare2(MAX_PULSE);
 332              		.loc 1 52 0
 333 0022 40F28F10 		movw	r0, #399
 334 0026 FFF7FEFF 		bl	PWM_WriteCompare2
  53:main.c        ****             resetTimerpH_Write(0); // resetar el timer
 335              		.loc 1 53 0
 336 002a 0020     		movs	r0, #0
 337 002c FFF7FEFF 		bl	resetTimerpH_Write
  54:main.c        ****             timerpH_Enable();
ARM GAS  C:\Users\UCA-MA~1\AppData\Local\Temp\ccj5oRMv.s 			page 8


 338              		.loc 1 54 0
 339 0030 FFF7FEFF 		bl	timerpH_Enable
  55:main.c        ****             break;
 340              		.loc 1 55 0
 341 0034 15E0     		b	.L25
 342              	.L24:
  56:main.c        ****         case SERVO_PH_REDUCTOR_ABIERTO:
  57:main.c        ****             PWM_WriteCompare1(MAX_PULSE);
 343              		.loc 1 57 0
 344 0036 40F28F10 		movw	r0, #399
 345 003a FFF7FEFF 		bl	PWM_WriteCompare1
  58:main.c        ****             PWM_WriteCompare2(MIN_PULSE);
 346              		.loc 1 58 0
 347 003e C720     		movs	r0, #199
 348 0040 FFF7FEFF 		bl	PWM_WriteCompare2
  59:main.c        ****             resetTimerpH_Write(0); // resetar el timer
 349              		.loc 1 59 0
 350 0044 0020     		movs	r0, #0
 351 0046 FFF7FEFF 		bl	resetTimerpH_Write
  60:main.c        ****             timerpH_Enable();
 352              		.loc 1 60 0
 353 004a FFF7FEFF 		bl	timerpH_Enable
  61:main.c        ****             break;
 354              		.loc 1 61 0
 355 004e 08E0     		b	.L25
 356              	.L26:
  62:main.c        ****         default:
  63:main.c        ****             PWM_WriteCompare1(MAX_PULSE);
 357              		.loc 1 63 0
 358 0050 40F28F10 		movw	r0, #399
 359 0054 FFF7FEFF 		bl	PWM_WriteCompare1
  64:main.c        ****             PWM_WriteCompare2(MAX_PULSE);
 360              		.loc 1 64 0
 361 0058 40F28F10 		movw	r0, #399
 362 005c FFF7FEFF 		bl	PWM_WriteCompare2
  65:main.c        ****             break;
 363              		.loc 1 65 0
 364 0060 00BF     		nop
 365              	.L25:
  66:main.c        ****             
  67:main.c        ****     }
  68:main.c        **** }
 366              		.loc 1 68 0
 367 0062 00BF     		nop
 368 0064 0837     		adds	r7, r7, #8
 369              		.cfi_def_cfa_offset 8
 370 0066 BD46     		mov	sp, r7
 371              		.cfi_def_cfa_register 13
 372              		@ sp needed
 373 0068 80BD     		pop	{r7, pc}
 374              		.cfi_endproc
 375              	.LFE68:
 376              		.size	servoPosition, .-servoPosition
 377 006a 00BF     		.section	.text.init_ADC,"ax",%progbits
 378              		.align	2
 379              		.global	init_ADC
 380              		.thumb
ARM GAS  C:\Users\UCA-MA~1\AppData\Local\Temp\ccj5oRMv.s 			page 9


 381              		.thumb_func
 382              		.type	init_ADC, %function
 383              	init_ADC:
 384              	.LFB69:
  69:main.c        **** 
  70:main.c        **** void init_ADC(){
 385              		.loc 1 70 0
 386              		.cfi_startproc
 387              		@ args = 0, pretend = 0, frame = 0
 388              		@ frame_needed = 1, uses_anonymous_args = 0
 389 0000 80B5     		push	{r7, lr}
 390              		.cfi_def_cfa_offset 8
 391              		.cfi_offset 7, -8
 392              		.cfi_offset 14, -4
 393 0002 00AF     		add	r7, sp, #0
 394              		.cfi_def_cfa_register 7
  71:main.c        ****     ADC_SA1_StartConvert();
 395              		.loc 1 71 0
 396 0004 FFF7FEFF 		bl	ADC_SA1_StartConvert
  72:main.c        **** }
 397              		.loc 1 72 0
 398 0008 00BF     		nop
 399 000a 80BD     		pop	{r7, pc}
 400              		.cfi_endproc
 401              	.LFE69:
 402              		.size	init_ADC, .-init_ADC
 403              		.section	.rodata
 404 0047 00       		.align	2
 405              	.LC2:
 406 0048 53656E73 		.ascii	"Sensor 1 de Agua, Canal %d: %f\015\012\000"
 406      6F722031 
 406      20646520 
 406      41677561 
 406      2C204361 
 407              		.section	.text.sensor_de_agua,"ax",%progbits
 408              		.align	2
 409              		.global	sensor_de_agua
 410              		.thumb
 411              		.thumb_func
 412              		.type	sensor_de_agua, %function
 413              	sensor_de_agua:
 414              	.LFB70:
  73:main.c        **** 
  74:main.c        **** 
  75:main.c        **** uint8_t sensor_de_agua(){
 415              		.loc 1 75 0
 416              		.cfi_startproc
 417              		@ args = 0, pretend = 0, frame = 8
 418              		@ frame_needed = 1, uses_anonymous_args = 0
 419 0000 90B5     		push	{r4, r7, lr}
 420              		.cfi_def_cfa_offset 12
 421              		.cfi_offset 4, -12
 422              		.cfi_offset 7, -8
 423              		.cfi_offset 14, -4
 424 0002 85B0     		sub	sp, sp, #20
 425              		.cfi_def_cfa_offset 32
 426 0004 02AF     		add	r7, sp, #8
ARM GAS  C:\Users\UCA-MA~1\AppData\Local\Temp\ccj5oRMv.s 			page 10


 427              		.cfi_def_cfa 7, 24
  76:main.c        ****     uint16_t result = ADC_SA1_GetResult16(CHANNEL_1_SENSOR_A_1);
 428              		.loc 1 76 0
 429 0006 0120     		movs	r0, #1
 430 0008 FFF7FEFF 		bl	ADC_SA1_GetResult16
 431 000c 0346     		mov	r3, r0
 432 000e FB80     		strh	r3, [r7, #6]	@ movhi
  77:main.c        ****     float voltaje = ADC_SA1_CountsTo_Volts(result); 
 433              		.loc 1 77 0
 434 0010 B7F90630 		ldrsh	r3, [r7, #6]
 435 0014 1846     		mov	r0, r3
 436 0016 FFF7FEFF 		bl	ADC_SA1_CountsTo_Volts
 437 001a 3860     		str	r0, [r7]	@ float
  78:main.c        **** 
  79:main.c        ****     snprintf(buffer, 100, "Sensor 1 de Agua, Canal %d: %f\r\n", CHANNEL_1_SENSOR_A_1, voltaje);
 438              		.loc 1 79 0
 439 001c 3868     		ldr	r0, [r7]	@ float
 440 001e FFF7FEFF 		bl	__aeabi_f2d
 441 0022 0346     		mov	r3, r0
 442 0024 0C46     		mov	r4, r1
 443 0026 CDE90034 		strd	r3, [sp]
 444 002a 0123     		movs	r3, #1
 445 002c 0E4A     		ldr	r2, .L34
 446 002e 6421     		movs	r1, #100
 447 0030 0E48     		ldr	r0, .L34+4
 448 0032 FFF7FEFF 		bl	snprintf
  80:main.c        ****     UART_PSOC_PutString(buffer);
 449              		.loc 1 80 0
 450 0036 0D48     		ldr	r0, .L34+4
 451 0038 FFF7FEFF 		bl	UART_PSOC_PutString
  81:main.c        ****     
  82:main.c        ****     if(voltaje >= SENSOR_1_AGUA){
 452              		.loc 1 82 0
 453 003c 4FF08041 		mov	r1, #1073741824
 454 0040 3868     		ldr	r0, [r7]	@ float
 455 0042 FFF7FEFF 		bl	__aeabi_fcmpge
 456 0046 0346     		mov	r3, r0
 457 0048 002B     		cmp	r3, #0
 458 004a 04D0     		beq	.L33
  83:main.c        ****         Pin_LED_Write(1);  // Enciende LED si hay agua
 459              		.loc 1 83 0
 460 004c 0120     		movs	r0, #1
 461 004e FFF7FEFF 		bl	Pin_LED_Write
  84:main.c        ****         return 1;
 462              		.loc 1 84 0
 463 0052 0123     		movs	r3, #1
 464 0054 03E0     		b	.L31
 465              	.L33:
  85:main.c        ****     }else{
  86:main.c        ****         Pin_LED_Write(0);  // Apaga LED si no hay agua
 466              		.loc 1 86 0
 467 0056 0020     		movs	r0, #0
 468 0058 FFF7FEFF 		bl	Pin_LED_Write
  87:main.c        ****         return 0;
 469              		.loc 1 87 0
 470 005c 0023     		movs	r3, #0
 471              	.L31:
ARM GAS  C:\Users\UCA-MA~1\AppData\Local\Temp\ccj5oRMv.s 			page 11


  88:main.c        ****     }
  89:main.c        **** }
 472              		.loc 1 89 0
 473 005e 1846     		mov	r0, r3
 474 0060 0C37     		adds	r7, r7, #12
 475              		.cfi_def_cfa_offset 12
 476 0062 BD46     		mov	sp, r7
 477              		.cfi_def_cfa_register 13
 478              		@ sp needed
 479 0064 90BD     		pop	{r4, r7, pc}
 480              	.L35:
 481 0066 00BF     		.align	2
 482              	.L34:
 483 0068 48000000 		.word	.LC2
 484 006c 00000000 		.word	buffer
 485              		.cfi_endproc
 486              	.LFE70:
 487              		.size	sensor_de_agua, .-sensor_de_agua
 488              		.global	__aeabi_dmul
 489              		.global	__aeabi_dsub
 490              		.global	__aeabi_d2f
 491              		.global	__aeabi_fcmpgt
 492              		.section	.rodata
 493 0069 000000   		.align	2
 494              	.LC3:
 495 006c 456C2076 		.ascii	"El valor del pH es: %.2f, acida\015\012\000"
 495      616C6F72 
 495      2064656C 
 495      20704820 
 495      65733A20 
 496 008e 0000     		.align	2
 497              	.LC4:
 498 0090 456C2076 		.ascii	"El valor del pH es: %.2f, basica\015\012\000"
 498      616C6F72 
 498      2064656C 
 498      20704820 
 498      65733A20 
 499 00b3 00       		.align	2
 500              	.LC5:
 501 00b4 456C2076 		.ascii	"El valor del pH es: %.2f, en rango\015\012\000"
 501      616C6F72 
 501      2064656C 
 501      20704820 
 501      65733A20 
 502              		.section	.text.sensor_PH,"ax",%progbits
 503              		.align	2
 504              		.global	sensor_PH
 505              		.thumb
 506              		.thumb_func
 507              		.type	sensor_PH, %function
 508              	sensor_PH:
 509              	.LFB71:
  90:main.c        **** 
  91:main.c        **** void sensor_PH(){  //  Lee el adc, el pin del pH
 510              		.loc 1 91 0
 511              		.cfi_startproc
 512              		@ args = 0, pretend = 0, frame = 16
ARM GAS  C:\Users\UCA-MA~1\AppData\Local\Temp\ccj5oRMv.s 			page 12


 513              		@ frame_needed = 1, uses_anonymous_args = 0
 514 0000 90B5     		push	{r4, r7, lr}
 515              		.cfi_def_cfa_offset 12
 516              		.cfi_offset 4, -12
 517              		.cfi_offset 7, -8
 518              		.cfi_offset 14, -4
 519 0002 87B0     		sub	sp, sp, #28
 520              		.cfi_def_cfa_offset 40
 521 0004 02AF     		add	r7, sp, #8
 522              		.cfi_def_cfa 7, 32
  92:main.c        ****     uint16_t result = ADC_SA1_GetResult16(CHANNEL_2_SENSOR_PH);
 523              		.loc 1 92 0
 524 0006 0220     		movs	r0, #2
 525 0008 FFF7FEFF 		bl	ADC_SA1_GetResult16
 526 000c 0346     		mov	r3, r0
 527 000e FB81     		strh	r3, [r7, #14]	@ movhi
  93:main.c        ****     float voltaje = ADC_SA1_CountsTo_Volts(result); 
 528              		.loc 1 93 0
 529 0010 B7F90E30 		ldrsh	r3, [r7, #14]
 530 0014 1846     		mov	r0, r3
 531 0016 FFF7FEFF 		bl	ADC_SA1_CountsTo_Volts
 532 001a B860     		str	r0, [r7, #8]	@ float
  94:main.c        ****     float valor_PH = offset_PH - (5.5 * voltaje);     
 533              		.loc 1 94 0
 534 001c B868     		ldr	r0, [r7, #8]	@ float
 535 001e FFF7FEFF 		bl	__aeabi_f2d
 536 0022 4FF00002 		mov	r2, #0
 537 0026 424B     		ldr	r3, .L47+8
 538 0028 FFF7FEFF 		bl	__aeabi_dmul
 539 002c 0346     		mov	r3, r0
 540 002e 0C46     		mov	r4, r1
 541 0030 1A46     		mov	r2, r3
 542 0032 2346     		mov	r3, r4
 543 0034 3CA1     		adr	r1, .L47
 544 0036 D1E90001 		ldrd	r0, [r1]
 545 003a FFF7FEFF 		bl	__aeabi_dsub
 546 003e 0346     		mov	r3, r0
 547 0040 0C46     		mov	r4, r1
 548 0042 1846     		mov	r0, r3
 549 0044 2146     		mov	r1, r4
 550 0046 FFF7FEFF 		bl	__aeabi_d2f
 551 004a 0346     		mov	r3, r0
 552 004c 7B60     		str	r3, [r7, #4]	@ float
  95:main.c        ****     
  96:main.c        ****     Pin_LED_R_Write(0);
 553              		.loc 1 96 0
 554 004e 0020     		movs	r0, #0
 555 0050 FFF7FEFF 		bl	Pin_LED_R_Write
  97:main.c        ****     Pin_LED_Write(0);
 556              		.loc 1 97 0
 557 0054 0020     		movs	r0, #0
 558 0056 FFF7FEFF 		bl	Pin_LED_Write
  98:main.c        ****     Pin_LED_V_Write(0);
 559              		.loc 1 98 0
 560 005a 0020     		movs	r0, #0
 561 005c FFF7FEFF 		bl	Pin_LED_V_Write
  99:main.c        ****     servoPosition(SERVOS_CERRADOS);
ARM GAS  C:\Users\UCA-MA~1\AppData\Local\Temp\ccj5oRMv.s 			page 13


 562              		.loc 1 99 0
 563 0060 0220     		movs	r0, #2
 564 0062 FFF7FEFF 		bl	servoPosition
 100:main.c        ****     
 101:main.c        ****     if(valor_PH < configPH.minPH){
 565              		.loc 1 101 0
 566 0066 334B     		ldr	r3, .L47+12
 567 0068 1B68     		ldr	r3, [r3]	@ float
 568 006a 7968     		ldr	r1, [r7, #4]	@ float
 569 006c 1846     		mov	r0, r3
 570 006e FFF7FEFF 		bl	__aeabi_fcmpgt
 571 0072 0346     		mov	r3, r0
 572 0074 002B     		cmp	r3, #0
 573 0076 18D0     		beq	.L44
 102:main.c        ****         Pin_LED_R_Write(1);  
 574              		.loc 1 102 0
 575 0078 0120     		movs	r0, #1
 576 007a FFF7FEFF 		bl	Pin_LED_R_Write
 103:main.c        ****         sniprintf(buffer, Max_Buffer1, "El valor del pH es: %.2f, acida\r\n", valor_PH);
 577              		.loc 1 103 0
 578 007e 7868     		ldr	r0, [r7, #4]	@ float
 579 0080 FFF7FEFF 		bl	__aeabi_f2d
 580 0084 0346     		mov	r3, r0
 581 0086 0C46     		mov	r4, r1
 582 0088 CDE90034 		strd	r3, [sp]
 583 008c 2A4A     		ldr	r2, .L47+16
 584 008e 2021     		movs	r1, #32
 585 0090 2A48     		ldr	r0, .L47+20
 586 0092 FFF7FEFF 		bl	sniprintf
 104:main.c        ****         
 105:main.c        ****         UART_ESP_PutString(buffer);
 587              		.loc 1 105 0
 588 0096 2948     		ldr	r0, .L47+20
 589 0098 FFF7FEFF 		bl	UART_ESP_PutString
 106:main.c        ****         UART_PSOC_PutString(buffer);
 590              		.loc 1 106 0
 591 009c 2748     		ldr	r0, .L47+20
 592 009e FFF7FEFF 		bl	UART_PSOC_PutString
 107:main.c        ****         servoPosition(SERVO_PH_ELEVADOR_ABIERTO);
 593              		.loc 1 107 0
 594 00a2 0020     		movs	r0, #0
 595 00a4 FFF7FEFF 		bl	servoPosition
 108:main.c        ****         //return valor_PH;
 109:main.c        ****     }else if(valor_PH > configPH.maxPH){
 110:main.c        ****         Pin_LED_Write(1);  
 111:main.c        ****         sniprintf(buffer, Max_Buffer1, "El valor del pH es: %.2f, basica\r\n", valor_PH);
 112:main.c        ****         UART_ESP_PutString(buffer);
 113:main.c        ****         UART_PSOC_PutString(buffer);
 114:main.c        ****     
 115:main.c        ****         servoPosition(SERVO_PH_REDUCTOR_ABIERTO);
 116:main.c        ****         //return valor_PH;
 117:main.c        ****     }else{
 118:main.c        ****         Pin_LED_V_Write(1);  
 119:main.c        ****         sniprintf(buffer, Max_Buffer1, "El valor del pH es: %.2f, en rango\r\n", valor_PH);
 120:main.c        ****         UART_ESP_PutString(buffer);
 121:main.c        ****         UART_PSOC_PutString(buffer);
 122:main.c        ****     
ARM GAS  C:\Users\UCA-MA~1\AppData\Local\Temp\ccj5oRMv.s 			page 14


 123:main.c        ****         servoPosition(SERVOS_CERRADOS);
 124:main.c        ****         //return valor_PH;
 125:main.c        ****     }
 126:main.c        **** }
 596              		.loc 1 126 0
 597 00a8 39E0     		b	.L46
 598              	.L44:
 109:main.c        ****         Pin_LED_Write(1);  
 599              		.loc 1 109 0
 600 00aa 224B     		ldr	r3, .L47+12
 601 00ac 5B68     		ldr	r3, [r3, #4]	@ float
 602 00ae 7968     		ldr	r1, [r7, #4]	@ float
 603 00b0 1846     		mov	r0, r3
 604 00b2 FFF7FEFF 		bl	__aeabi_fcmplt
 605 00b6 0346     		mov	r3, r0
 606 00b8 002B     		cmp	r3, #0
 607 00ba 18D0     		beq	.L45
 110:main.c        ****         sniprintf(buffer, Max_Buffer1, "El valor del pH es: %.2f, basica\r\n", valor_PH);
 608              		.loc 1 110 0
 609 00bc 0120     		movs	r0, #1
 610 00be FFF7FEFF 		bl	Pin_LED_Write
 111:main.c        ****         UART_ESP_PutString(buffer);
 611              		.loc 1 111 0
 612 00c2 7868     		ldr	r0, [r7, #4]	@ float
 613 00c4 FFF7FEFF 		bl	__aeabi_f2d
 614 00c8 0346     		mov	r3, r0
 615 00ca 0C46     		mov	r4, r1
 616 00cc CDE90034 		strd	r3, [sp]
 617 00d0 1B4A     		ldr	r2, .L47+24
 618 00d2 2021     		movs	r1, #32
 619 00d4 1948     		ldr	r0, .L47+20
 620 00d6 FFF7FEFF 		bl	sniprintf
 112:main.c        ****         UART_PSOC_PutString(buffer);
 621              		.loc 1 112 0
 622 00da 1848     		ldr	r0, .L47+20
 623 00dc FFF7FEFF 		bl	UART_ESP_PutString
 113:main.c        ****     
 624              		.loc 1 113 0
 625 00e0 1648     		ldr	r0, .L47+20
 626 00e2 FFF7FEFF 		bl	UART_PSOC_PutString
 115:main.c        ****         //return valor_PH;
 627              		.loc 1 115 0
 628 00e6 0120     		movs	r0, #1
 629 00e8 FFF7FEFF 		bl	servoPosition
 630              		.loc 1 126 0
 631 00ec 17E0     		b	.L46
 632              	.L45:
 118:main.c        ****         sniprintf(buffer, Max_Buffer1, "El valor del pH es: %.2f, en rango\r\n", valor_PH);
 633              		.loc 1 118 0
 634 00ee 0120     		movs	r0, #1
 635 00f0 FFF7FEFF 		bl	Pin_LED_V_Write
 119:main.c        ****         UART_ESP_PutString(buffer);
 636              		.loc 1 119 0
 637 00f4 7868     		ldr	r0, [r7, #4]	@ float
 638 00f6 FFF7FEFF 		bl	__aeabi_f2d
 639 00fa 0346     		mov	r3, r0
 640 00fc 0C46     		mov	r4, r1
ARM GAS  C:\Users\UCA-MA~1\AppData\Local\Temp\ccj5oRMv.s 			page 15


 641 00fe CDE90034 		strd	r3, [sp]
 642 0102 104A     		ldr	r2, .L47+28
 643 0104 2021     		movs	r1, #32
 644 0106 0D48     		ldr	r0, .L47+20
 645 0108 FFF7FEFF 		bl	sniprintf
 120:main.c        ****         UART_PSOC_PutString(buffer);
 646              		.loc 1 120 0
 647 010c 0B48     		ldr	r0, .L47+20
 648 010e FFF7FEFF 		bl	UART_ESP_PutString
 121:main.c        ****     
 649              		.loc 1 121 0
 650 0112 0A48     		ldr	r0, .L47+20
 651 0114 FFF7FEFF 		bl	UART_PSOC_PutString
 123:main.c        ****         //return valor_PH;
 652              		.loc 1 123 0
 653 0118 0220     		movs	r0, #2
 654 011a FFF7FEFF 		bl	servoPosition
 655              	.L46:
 656              		.loc 1 126 0
 657 011e 00BF     		nop
 658 0120 1437     		adds	r7, r7, #20
 659              		.cfi_def_cfa_offset 12
 660 0122 BD46     		mov	sp, r7
 661              		.cfi_def_cfa_register 13
 662              		@ sp needed
 663 0124 90BD     		pop	{r4, r7, pc}
 664              	.L48:
 665 0126 00BF     		.align	3
 666              	.L47:
 667 0128 B81E85EB 		.word	-343597384
 668 012c 51783640 		.word	1077311569
 669 0130 00001640 		.word	1075183616
 670 0134 00000000 		.word	configPH
 671 0138 6C000000 		.word	.LC3
 672 013c 00000000 		.word	buffer
 673 0140 90000000 		.word	.LC4
 674 0144 B4000000 		.word	.LC5
 675              		.cfi_endproc
 676              	.LFE71:
 677              		.size	sensor_PH, .-sensor_PH
 678              		.section	.rodata
 679 00d9 000000   		.align	2
 680              	.LC6:
 681 00dc 45737065 		.ascii	"Esperando datos del ESP8266\015\012\000"
 681      72616E64 
 681      6F206461 
 681      746F7320 
 681      64656C20 
 682 00fa 0000     		.align	2
 683              	.LC7:
 684 00fc 4461746F 		.ascii	"Datos sincronizados con ESP8266\015\012\000"
 684      73207369 
 684      6E63726F 
 684      6E697A61 
 684      646F7320 
 685 011e 0000     		.align	2
 686              	.LC8:
ARM GAS  C:\Users\UCA-MA~1\AppData\Local\Temp\ccj5oRMv.s 			page 16


 687 0120 48617920 		.ascii	"Hay agua en el tanque\015\012\000"
 687      61677561 
 687      20656E20 
 687      656C2074 
 687      616E7175 
 688              		.align	2
 689              	.LC9:
 690 0138 4E6F2068 		.ascii	"No hay agua en el tanque\015\012\000"
 690      61792061 
 690      67756120 
 690      656E2065 
 690      6C207461 
 691 0153 00       		.align	2
 692              	.LC10:
 693 0154 426F6D62 		.ascii	"Bomba Apagada\015\012\000"
 693      61204170 
 693      61676164 
 693      610D0A00 
 694              		.align	2
 695              	.LC11:
 696 0164 426F6D62 		.ascii	"Bomba Encendida\015\012\000"
 696      6120456E 
 696      63656E64 
 696      6964610D 
 696      0A00
 697              		.section	.text.enviar_Respuesta,"ax",%progbits
 698              		.align	2
 699              		.global	enviar_Respuesta
 700              		.thumb
 701              		.thumb_func
 702              		.type	enviar_Respuesta, %function
 703              	enviar_Respuesta:
 704              	.LFB72:
 127:main.c        **** 
 128:main.c        **** 
 129:main.c        **** void enviar_Respuesta(char c){
 705              		.loc 1 129 0
 706              		.cfi_startproc
 707              		@ args = 0, pretend = 0, frame = 16
 708              		@ frame_needed = 1, uses_anonymous_args = 0
 709 0000 80B5     		push	{r7, lr}
 710              		.cfi_def_cfa_offset 8
 711              		.cfi_offset 7, -8
 712              		.cfi_offset 14, -4
 713 0002 84B0     		sub	sp, sp, #16
 714              		.cfi_def_cfa_offset 24
 715 0004 00AF     		add	r7, sp, #0
 716              		.cfi_def_cfa_register 7
 717 0006 0346     		mov	r3, r0
 718 0008 FB71     		strb	r3, [r7, #7]
 130:main.c        ****     
 131:main.c        ****     UART_PSOC_PutString("Esperando datos del ESP8266\r\n");
 719              		.loc 1 131 0
 720 000a 2748     		ldr	r0, .L58
 721 000c FFF7FEFF 		bl	UART_PSOC_PutString
 132:main.c        ****     //UART_PSOC_PutString(rxBuffer);
 133:main.c        ****     //CyDelay(1000);
ARM GAS  C:\Users\UCA-MA~1\AppData\Local\Temp\ccj5oRMv.s 			page 17


 134:main.c        ****     
 135:main.c        ****     if (c == 'S') { // Verificar si el mensaje recibido por el ESP8266 es de sincronización, S
 722              		.loc 1 135 0
 723 0010 FB79     		ldrb	r3, [r7, #7]	@ zero_extendqisi2
 724 0012 532B     		cmp	r3, #83
 725 0014 06D1     		bne	.L50
 136:main.c        ****         UART_ESP_PutString("Datos sincronizados con ESP8266\r\n");
 726              		.loc 1 136 0
 727 0016 2548     		ldr	r0, .L58+4
 728 0018 FFF7FEFF 		bl	UART_ESP_PutString
 137:main.c        ****         UART_PSOC_PutString("Datos sincronizados con ESP8266\r\n");
 729              		.loc 1 137 0
 730 001c 2348     		ldr	r0, .L58+4
 731 001e FFF7FEFF 		bl	UART_PSOC_PutString
 138:main.c        ****         
 139:main.c        ****     }else if(c == 'T'){  //  Verifica si el mensaje recibido por el ESP8266 es del sensor, T
 140:main.c        ****         int ret = sensor_de_agua(); //  Entra en la funcion donde se verifica los niveles de agua (
 141:main.c        ****         if(ret == 1){   //  Si lo retornado es igual a 1, hay agua
 142:main.c        ****             UART_ESP_PutString("Hay agua en el tanque\r\n");
 143:main.c        ****             UART_PSOC_PutString("Hay agua en el tanque\r\n");
 144:main.c        ****             Pin_Bomba_Write(1);
 145:main.c        ****         }else{  //  Si no, no hay agua
 146:main.c        ****             UART_ESP_PutString("No hay agua en el tanque\r\n");
 147:main.c        ****             UART_PSOC_PutString("No hay agua en el tanque\r\n");
 148:main.c        ****             Pin_Bomba_Write(0);
 149:main.c        ****         }
 150:main.c        ****     }else if(c == 'P'){
 151:main.c        ****         sensor_PH();
 152:main.c        ****     }else if(c == 'A'){
 153:main.c        ****         Pin_Bomba_Write(0);
 154:main.c        ****         UART_ESP_PutString("Bomba Apagada\r\n");
 155:main.c        ****         UART_PSOC_PutString("Bomba Apagada\r\n");
 156:main.c        ****     }else if(c == 'B'){
 157:main.c        ****         Pin_Bomba_Write(1);
 158:main.c        ****         UART_ESP_PutString("Bomba Encendida\r\n");
 159:main.c        ****         UART_PSOC_PutString("Bomba Encendida\r\n");
 160:main.c        ****     } 
 161:main.c        **** }
 732              		.loc 1 161 0
 733 0022 3CE0     		b	.L57
 734              	.L50:
 139:main.c        ****         int ret = sensor_de_agua(); //  Entra en la funcion donde se verifica los niveles de agua (
 735              		.loc 1 139 0
 736 0024 FB79     		ldrb	r3, [r7, #7]	@ zero_extendqisi2
 737 0026 542B     		cmp	r3, #84
 738 0028 1AD1     		bne	.L52
 739              	.LBB2:
 140:main.c        ****         if(ret == 1){   //  Si lo retornado es igual a 1, hay agua
 740              		.loc 1 140 0
 741 002a FFF7FEFF 		bl	sensor_de_agua
 742 002e 0346     		mov	r3, r0
 743 0030 FB60     		str	r3, [r7, #12]
 141:main.c        ****             UART_ESP_PutString("Hay agua en el tanque\r\n");
 744              		.loc 1 141 0
 745 0032 FB68     		ldr	r3, [r7, #12]
 746 0034 012B     		cmp	r3, #1
 747 0036 09D1     		bne	.L53
ARM GAS  C:\Users\UCA-MA~1\AppData\Local\Temp\ccj5oRMv.s 			page 18


 142:main.c        ****             UART_PSOC_PutString("Hay agua en el tanque\r\n");
 748              		.loc 1 142 0
 749 0038 1D48     		ldr	r0, .L58+8
 750 003a FFF7FEFF 		bl	UART_ESP_PutString
 143:main.c        ****             Pin_Bomba_Write(1);
 751              		.loc 1 143 0
 752 003e 1C48     		ldr	r0, .L58+8
 753 0040 FFF7FEFF 		bl	UART_PSOC_PutString
 144:main.c        ****         }else{  //  Si no, no hay agua
 754              		.loc 1 144 0
 755 0044 0120     		movs	r0, #1
 756 0046 FFF7FEFF 		bl	Pin_Bomba_Write
 757              	.LBE2:
 758              		.loc 1 161 0
 759 004a 28E0     		b	.L57
 760              	.L53:
 761              	.LBB3:
 146:main.c        ****             UART_PSOC_PutString("No hay agua en el tanque\r\n");
 762              		.loc 1 146 0
 763 004c 1948     		ldr	r0, .L58+12
 764 004e FFF7FEFF 		bl	UART_ESP_PutString
 147:main.c        ****             Pin_Bomba_Write(0);
 765              		.loc 1 147 0
 766 0052 1848     		ldr	r0, .L58+12
 767 0054 FFF7FEFF 		bl	UART_PSOC_PutString
 148:main.c        ****         }
 768              		.loc 1 148 0
 769 0058 0020     		movs	r0, #0
 770 005a FFF7FEFF 		bl	Pin_Bomba_Write
 771              	.LBE3:
 772              		.loc 1 161 0
 773 005e 1EE0     		b	.L57
 774              	.L52:
 150:main.c        ****         sensor_PH();
 775              		.loc 1 150 0
 776 0060 FB79     		ldrb	r3, [r7, #7]	@ zero_extendqisi2
 777 0062 502B     		cmp	r3, #80
 778 0064 02D1     		bne	.L55
 151:main.c        ****     }else if(c == 'A'){
 779              		.loc 1 151 0
 780 0066 FFF7FEFF 		bl	sensor_PH
 781              		.loc 1 161 0
 782 006a 18E0     		b	.L57
 783              	.L55:
 152:main.c        ****         Pin_Bomba_Write(0);
 784              		.loc 1 152 0
 785 006c FB79     		ldrb	r3, [r7, #7]	@ zero_extendqisi2
 786 006e 412B     		cmp	r3, #65
 787 0070 09D1     		bne	.L56
 153:main.c        ****         UART_ESP_PutString("Bomba Apagada\r\n");
 788              		.loc 1 153 0
 789 0072 0020     		movs	r0, #0
 790 0074 FFF7FEFF 		bl	Pin_Bomba_Write
 154:main.c        ****         UART_PSOC_PutString("Bomba Apagada\r\n");
 791              		.loc 1 154 0
 792 0078 0F48     		ldr	r0, .L58+16
 793 007a FFF7FEFF 		bl	UART_ESP_PutString
ARM GAS  C:\Users\UCA-MA~1\AppData\Local\Temp\ccj5oRMv.s 			page 19


 155:main.c        ****     }else if(c == 'B'){
 794              		.loc 1 155 0
 795 007e 0E48     		ldr	r0, .L58+16
 796 0080 FFF7FEFF 		bl	UART_PSOC_PutString
 797              		.loc 1 161 0
 798 0084 0BE0     		b	.L57
 799              	.L56:
 156:main.c        ****         Pin_Bomba_Write(1);
 800              		.loc 1 156 0
 801 0086 FB79     		ldrb	r3, [r7, #7]	@ zero_extendqisi2
 802 0088 422B     		cmp	r3, #66
 803 008a 08D1     		bne	.L57
 157:main.c        ****         UART_ESP_PutString("Bomba Encendida\r\n");
 804              		.loc 1 157 0
 805 008c 0120     		movs	r0, #1
 806 008e FFF7FEFF 		bl	Pin_Bomba_Write
 158:main.c        ****         UART_PSOC_PutString("Bomba Encendida\r\n");
 807              		.loc 1 158 0
 808 0092 0A48     		ldr	r0, .L58+20
 809 0094 FFF7FEFF 		bl	UART_ESP_PutString
 159:main.c        ****     } 
 810              		.loc 1 159 0
 811 0098 0848     		ldr	r0, .L58+20
 812 009a FFF7FEFF 		bl	UART_PSOC_PutString
 813              	.L57:
 814              		.loc 1 161 0
 815 009e 00BF     		nop
 816 00a0 1037     		adds	r7, r7, #16
 817              		.cfi_def_cfa_offset 8
 818 00a2 BD46     		mov	sp, r7
 819              		.cfi_def_cfa_register 13
 820              		@ sp needed
 821 00a4 80BD     		pop	{r7, pc}
 822              	.L59:
 823 00a6 00BF     		.align	2
 824              	.L58:
 825 00a8 DC000000 		.word	.LC6
 826 00ac FC000000 		.word	.LC7
 827 00b0 20010000 		.word	.LC8
 828 00b4 38010000 		.word	.LC9
 829 00b8 54010000 		.word	.LC10
 830 00bc 64010000 		.word	.LC11
 831              		.cfi_endproc
 832              	.LFE72:
 833              		.size	enviar_Respuesta, .-enviar_Respuesta
 834              		.section	.text.leerESP,"ax",%progbits
 835              		.align	2
 836              		.global	leerESP
 837              		.thumb
 838              		.thumb_func
 839              		.type	leerESP, %function
 840              	leerESP:
 841              	.LFB73:
 162:main.c        **** 
 163:main.c        **** CY_ISR(leerESP) {
 842              		.loc 1 163 0
 843              		.cfi_startproc
ARM GAS  C:\Users\UCA-MA~1\AppData\Local\Temp\ccj5oRMv.s 			page 20


 844              		@ args = 0, pretend = 0, frame = 8
 845              		@ frame_needed = 1, uses_anonymous_args = 0
 846 0000 80B5     		push	{r7, lr}
 847              		.cfi_def_cfa_offset 8
 848              		.cfi_offset 7, -8
 849              		.cfi_offset 14, -4
 850 0002 82B0     		sub	sp, sp, #8
 851              		.cfi_def_cfa_offset 16
 852 0004 00AF     		add	r7, sp, #0
 853              		.cfi_def_cfa_register 7
 164:main.c        ****     char c;
 165:main.c        ****     static uint8_t eRecibido = 0;
 166:main.c        ****     
 167:main.c        ****     if (eRecibido == 0 && UART_ESP_GetChar() == 'e') {
 854              		.loc 1 167 0
 855 0006 2B4B     		ldr	r3, .L66
 856 0008 1B78     		ldrb	r3, [r3]	@ zero_extendqisi2
 857 000a 002B     		cmp	r3, #0
 858 000c 0BD1     		bne	.L61
 859              		.loc 1 167 0 is_stmt 0 discriminator 1
 860 000e FFF7FEFF 		bl	UART_ESP_GetChar
 861 0012 0346     		mov	r3, r0
 862 0014 652B     		cmp	r3, #101
 863 0016 06D1     		bne	.L61
 168:main.c        ****         eRecibido = 1;
 864              		.loc 1 168 0 is_stmt 1
 865 0018 264B     		ldr	r3, .L66
 866 001a 0122     		movs	r2, #1
 867 001c 1A70     		strb	r2, [r3]
 169:main.c        ****         UART_ESP_PutChar('l');
 868              		.loc 1 169 0
 869 001e 6C20     		movs	r0, #108
 870 0020 FFF7FEFF 		bl	UART_ESP_PutChar
 170:main.c        ****         return;
 871              		.loc 1 170 0
 872 0024 42E0     		b	.L60
 873              	.L61:
 171:main.c        ****     } else if (eRecibido == 1) {
 874              		.loc 1 171 0
 875 0026 234B     		ldr	r3, .L66
 876 0028 1B78     		ldrb	r3, [r3]	@ zero_extendqisi2
 877 002a 012B     		cmp	r3, #1
 878 002c 3ED1     		bne	.L60
 172:main.c        ****         eRecibido = 0;
 879              		.loc 1 172 0
 880 002e 214B     		ldr	r3, .L66
 881 0030 0022     		movs	r2, #0
 882 0032 1A70     		strb	r2, [r3]
 173:main.c        ****         c = UART_ESP_GetChar();
 883              		.loc 1 173 0
 884 0034 FFF7FEFF 		bl	UART_ESP_GetChar
 885 0038 0346     		mov	r3, r0
 886 003a FB71     		strb	r3, [r7, #7]
 174:main.c        ****         UART_ESP_PutChar(c);
 887              		.loc 1 174 0
 888 003c FB79     		ldrb	r3, [r7, #7]	@ zero_extendqisi2
 889 003e 1846     		mov	r0, r3
ARM GAS  C:\Users\UCA-MA~1\AppData\Local\Temp\ccj5oRMv.s 			page 21


 890 0040 FFF7FEFF 		bl	UART_ESP_PutChar
 175:main.c        ****         UART_PSOC_PutChar(c);
 891              		.loc 1 175 0
 892 0044 FB79     		ldrb	r3, [r7, #7]	@ zero_extendqisi2
 893 0046 1846     		mov	r0, r3
 894 0048 FFF7FEFF 		bl	UART_PSOC_PutChar
 176:main.c        ****         UART_PSOC_PutChar('\n');
 895              		.loc 1 176 0
 896 004c 0A20     		movs	r0, #10
 897 004e FFF7FEFF 		bl	UART_PSOC_PutChar
 177:main.c        ****         UART_PSOC_PutChar('\r');
 898              		.loc 1 177 0
 899 0052 0D20     		movs	r0, #13
 900 0054 FFF7FEFF 		bl	UART_PSOC_PutChar
 178:main.c        ****         
 179:main.c        ****         
 180:main.c        ****         if (c == 'C') {
 901              		.loc 1 180 0
 902 0058 FB79     		ldrb	r3, [r7, #7]	@ zero_extendqisi2
 903 005a 432B     		cmp	r3, #67
 904 005c 06D1     		bne	.L63
 181:main.c        ****             interrup = CONFIGURACION_PH;
 905              		.loc 1 181 0
 906 005e 164B     		ldr	r3, .L66+4
 907 0060 0222     		movs	r2, #2
 908 0062 1A60     		str	r2, [r3]
 182:main.c        ****             cMain = c;
 909              		.loc 1 182 0
 910 0064 154A     		ldr	r2, .L66+8
 911 0066 FB79     		ldrb	r3, [r7, #7]
 912 0068 1370     		strb	r3, [r2]
 913 006a 1FE0     		b	.L60
 914              	.L63:
 183:main.c        ****         } else if (bufferESP[0] == 'G') {
 915              		.loc 1 183 0
 916 006c 144B     		ldr	r3, .L66+12
 917 006e 1B78     		ldrb	r3, [r3]	@ zero_extendqisi2
 918 0070 472B     		cmp	r3, #71
 919 0072 06D1     		bne	.L64
 184:main.c        ****             interrup = GUARDAR_EEPROM;  // Interrupción para guardar en EEPROM
 920              		.loc 1 184 0
 921 0074 104B     		ldr	r3, .L66+4
 922 0076 0322     		movs	r2, #3
 923 0078 1A60     		str	r2, [r3]
 185:main.c        ****             cMain = c;  // Guardar el valor 'G'
 924              		.loc 1 185 0
 925 007a 104A     		ldr	r2, .L66+8
 926 007c FB79     		ldrb	r3, [r7, #7]
 927 007e 1370     		strb	r3, [r2]
 928 0080 14E0     		b	.L60
 929              	.L64:
 186:main.c        ****         } else if (c == 'S' || c == 'T' || c == 'P' || c == 'A' || c == 'B') {
 930              		.loc 1 186 0
 931 0082 FB79     		ldrb	r3, [r7, #7]	@ zero_extendqisi2
 932 0084 532B     		cmp	r3, #83
 933 0086 0BD0     		beq	.L65
 934              		.loc 1 186 0 is_stmt 0 discriminator 1
ARM GAS  C:\Users\UCA-MA~1\AppData\Local\Temp\ccj5oRMv.s 			page 22


 935 0088 FB79     		ldrb	r3, [r7, #7]	@ zero_extendqisi2
 936 008a 542B     		cmp	r3, #84
 937 008c 08D0     		beq	.L65
 938              		.loc 1 186 0 discriminator 2
 939 008e FB79     		ldrb	r3, [r7, #7]	@ zero_extendqisi2
 940 0090 502B     		cmp	r3, #80
 941 0092 05D0     		beq	.L65
 942              		.loc 1 186 0 discriminator 3
 943 0094 FB79     		ldrb	r3, [r7, #7]	@ zero_extendqisi2
 944 0096 412B     		cmp	r3, #65
 945 0098 02D0     		beq	.L65
 946              		.loc 1 186 0 discriminator 4
 947 009a FB79     		ldrb	r3, [r7, #7]	@ zero_extendqisi2
 948 009c 422B     		cmp	r3, #66
 949 009e 05D1     		bne	.L60
 950              	.L65:
 187:main.c        ****             interrup = COMANDO;  // Interrupción para comando
 951              		.loc 1 187 0 is_stmt 1
 952 00a0 054B     		ldr	r3, .L66+4
 953 00a2 0122     		movs	r2, #1
 954 00a4 1A60     		str	r2, [r3]
 188:main.c        ****             cMain = c;  // Guardar el comando
 955              		.loc 1 188 0
 956 00a6 054A     		ldr	r2, .L66+8
 957 00a8 FB79     		ldrb	r3, [r7, #7]
 958 00aa 1370     		strb	r3, [r2]
 959              	.L60:
 189:main.c        ****         }
 190:main.c        ****     }
 191:main.c        **** }
 960              		.loc 1 191 0
 961 00ac 0837     		adds	r7, r7, #8
 962              		.cfi_def_cfa_offset 8
 963 00ae BD46     		mov	sp, r7
 964              		.cfi_def_cfa_register 13
 965              		@ sp needed
 966 00b0 80BD     		pop	{r7, pc}
 967              	.L67:
 968 00b2 00BF     		.align	2
 969              	.L66:
 970 00b4 14000000 		.word	eRecibido.7421
 971 00b8 00000000 		.word	interrup
 972 00bc 00000000 		.word	cMain
 973 00c0 00000000 		.word	bufferESP
 974              		.cfi_endproc
 975              	.LFE73:
 976              		.size	leerESP, .-leerESP
 977              		.section	.rodata
 978 0176 0000     		.align	2
 979              	.LC12:
 980 0178 496E7465 		.ascii	"Interrupcion 1 activada. Mensaje recibido y procesa"
 980      72727570 
 980      63696F6E 
 980      20312061 
 980      63746976 
 981 01ab 646F2063 		.ascii	"do correctamente.\015\012\000"
 981      6F727265 
ARM GAS  C:\Users\UCA-MA~1\AppData\Local\Temp\ccj5oRMv.s 			page 23


 981      6374616D 
 981      656E7465 
 981      2E0D0A00 
 982 01bf 00       		.align	2
 983              	.LC13:
 984 01c0 496E7465 		.ascii	"Interrupcion 2 activada. Mensaje recibido y procesa"
 984      72727570 
 984      63696F6E 
 984      20322061 
 984      63746976 
 985 01f3 646F2063 		.ascii	"do correctamente.\015\012\000"
 985      6F727265 
 985      6374616D 
 985      656E7465 
 985      2E0D0A00 
 986 0207 00       		.align	2
 987              	.LC14:
 988 0208 496E7465 		.ascii	"Interrupcion 3 activada. Mensaje recibido y procesa"
 988      72727570 
 988      63696F6E 
 988      20332061 
 988      63746976 
 989 023b 646F2063 		.ascii	"do correctamente.\015\012\000"
 989      6F727265 
 989      6374616D 
 989      656E7465 
 989      2E0D0A00 
 990              		.section	.text.main,"ax",%progbits
 991              		.align	2
 992              		.global	main
 993              		.thumb
 994              		.thumb_func
 995              		.type	main, %function
 996              	main:
 997              	.LFB74:
 192:main.c        **** 
 193:main.c        **** /*
 194:main.c        **** CY_ISR(leerESP) {
 195:main.c        ****    int i;
 196:main.c        ****    char c;
 197:main.c        ****    if((c = UART_ESP_GetChar()) != 'e')
 198:main.c        ****     return;
 199:main.c        ****    c = UART_ESP_GetChar();
 200:main.c        ****    UART_ESP_PutChar('l');
 201:main.c        ****     
 202:main.c        ****    for (i = 0; i < MAX_BUFFER_ESP -1; ) {
 203:main.c        ****         if ((c = UART_ESP_GetChar()) != 0){
 204:main.c        ****             //putcharl(c);
 205:main.c        ****             if (c == '\r'||c == '\n' ) break;   // salimos si recibimos un enter
 206:main.c        ****             bufferESP[i++] = c;
 207:main.c        ****         }
 208:main.c        ****     }
 209:main.c        ****     
 210:main.c        ****     UART_ESP_PutString(bufferESP);
 211:main.c        ****     UART_PSOC_PutChar(bufferESP[0]);
 212:main.c        ****     
 213:main.c        ****     
ARM GAS  C:\Users\UCA-MA~1\AppData\Local\Temp\ccj5oRMv.s 			page 24


 214:main.c        ****     
 215:main.c        ****     UART_ESP_PutChar(c);
 216:main.c        ****     UART_PSOC_PutChar(c);
 217:main.c        ****     UART_PSOC_PutChar('\n');
 218:main.c        ****     UART_PSOC_PutChar('\r');
 219:main.c        ****     if (c == 'C') {
 220:main.c        ****         interrup = 2;   // Interrupcion de configuracion del pH
 221:main.c        ****     } else if(c == 'G' ) {
 222:main.c        ****         interrup = 3;
 223:main.c        ****     } else if(c =='S' ||c == 'T'||c  == 'P'||c == 'A'|| c == 'B'){
 224:main.c        ****         interrup = 1;
 225:main.c        ****     }
 226:main.c        **** }
 227:main.c        **** */
 228:main.c        **** 
 229:main.c        **** 
 230:main.c        **** int main(void)
 231:main.c        **** {
 998              		.loc 1 231 0
 999              		.cfi_startproc
 1000              		@ args = 0, pretend = 0, frame = 0
 1001              		@ frame_needed = 1, uses_anonymous_args = 0
 1002 0000 80B5     		push	{r7, lr}
 1003              		.cfi_def_cfa_offset 8
 1004              		.cfi_offset 7, -8
 1005              		.cfi_offset 14, -4
 1006 0002 00AF     		add	r7, sp, #0
 1007              		.cfi_def_cfa_register 7
 232:main.c        ****     CyGlobalIntEnable; /* Enable global interrupts. */
 1008              		.loc 1 232 0
 1009              		.syntax unified
 1010              	@ 232 "main.c" 1
 1011 0004 62B6     		CPSIE   i
 1012              	@ 0 "" 2
 233:main.c        ****     UART_PSOC_Start();
 1013              		.loc 1 233 0
 1014              		.thumb
 1015              		.syntax unified
 1016 0006 FFF7FEFF 		bl	UART_PSOC_Start
 234:main.c        ****     UART_ESP_Start();
 1017              		.loc 1 234 0
 1018 000a FFF7FEFF 		bl	UART_ESP_Start
 235:main.c        ****     ADC_SA1_Start();
 1019              		.loc 1 235 0
 1020 000e FFF7FEFF 		bl	ADC_SA1_Start
 236:main.c        ****     init_ADC();
 1021              		.loc 1 236 0
 1022 0012 FFF7FEFF 		bl	init_ADC
 237:main.c        ****     PWM_Start();  
 1023              		.loc 1 237 0
 1024 0016 FFF7FEFF 		bl	PWM_Start
 238:main.c        ****     timerpH_Start();
 1025              		.loc 1 238 0
 1026 001a FFF7FEFF 		bl	timerpH_Start
 239:main.c        ****     
 240:main.c        ****     resetTimerpH_Write(0);
 1027              		.loc 1 240 0
ARM GAS  C:\Users\UCA-MA~1\AppData\Local\Temp\ccj5oRMv.s 			page 25


 1028 001e 0020     		movs	r0, #0
 1029 0020 FFF7FEFF 		bl	resetTimerpH_Write
 241:main.c        ****     int_pH_StartEx(ver_pH);     // Interrupcion con timer para verificar el pH y cerrar o abrir val
 1030              		.loc 1 241 0
 1031 0024 1C48     		ldr	r0, .L74
 1032 0026 FFF7FEFF 		bl	int_pH_StartEx
 242:main.c        ****     
 243:main.c        ****     isr_rx2_StartEx(leerESP);
 1033              		.loc 1 243 0
 1034 002a 1C48     		ldr	r0, .L74+4
 1035 002c FFF7FEFF 		bl	isr_rx2_StartEx
 1036              	.L73:
 244:main.c        ****     
 245:main.c        ****     
 246:main.c        ****     /* Place your initialization/startup code here (e.g. MyInst_Start()) */
 247:main.c        **** 
 248:main.c        ****     for(;;)
 249:main.c        ****     {
 250:main.c        ****         /* Place your application code here. */
 251:main.c        ****         if (interrup == COMANDO) {
 1037              		.loc 1 251 0
 1038 0030 1B4B     		ldr	r3, .L74+8
 1039 0032 1B68     		ldr	r3, [r3]
 1040 0034 012B     		cmp	r3, #1
 1041 0036 0BD1     		bne	.L69
 252:main.c        ****             UART_PSOC_PutString("Interrupcion 1 activada. Mensaje recibido y procesado correctament
 1042              		.loc 1 252 0
 1043 0038 1A48     		ldr	r0, .L74+12
 1044 003a FFF7FEFF 		bl	UART_PSOC_PutString
 253:main.c        ****             enviar_Respuesta(cMain);
 1045              		.loc 1 253 0
 1046 003e 1A4B     		ldr	r3, .L74+16
 1047 0040 1B78     		ldrb	r3, [r3]	@ zero_extendqisi2
 1048 0042 1846     		mov	r0, r3
 1049 0044 FFF7FEFF 		bl	enviar_Respuesta
 254:main.c        ****             interrup = 0;  // Reinicia el contador de interrupciones
 1050              		.loc 1 254 0
 1051 0048 154B     		ldr	r3, .L74+8
 1052 004a 0022     		movs	r2, #0
 1053 004c 1A60     		str	r2, [r3]
 1054 004e EFE7     		b	.L73
 1055              	.L69:
 255:main.c        ****         } else if(interrup == CONFIGURACION_PH){
 1056              		.loc 1 255 0
 1057 0050 134B     		ldr	r3, .L74+8
 1058 0052 1B68     		ldr	r3, [r3]
 1059 0054 022B     		cmp	r3, #2
 1060 0056 09D1     		bne	.L71
 256:main.c        ****             UART_PSOC_PutString("Interrupcion 2 activada. Mensaje recibido y procesado correctament
 1061              		.loc 1 256 0
 1062 0058 1448     		ldr	r0, .L74+20
 1063 005a FFF7FEFF 		bl	UART_PSOC_PutString
 257:main.c        ****             conv_pH(buffer);
 1064              		.loc 1 257 0
 1065 005e 1448     		ldr	r0, .L74+24
 1066 0060 FFF7FEFF 		bl	conv_pH
 258:main.c        ****             interrup = 0;
ARM GAS  C:\Users\UCA-MA~1\AppData\Local\Temp\ccj5oRMv.s 			page 26


 1067              		.loc 1 258 0
 1068 0064 0E4B     		ldr	r3, .L74+8
 1069 0066 0022     		movs	r2, #0
 1070 0068 1A60     		str	r2, [r3]
 1071 006a E1E7     		b	.L73
 1072              	.L71:
 259:main.c        ****         }else if(interrup == GUARDAR_EEPROM){
 1073              		.loc 1 259 0
 1074 006c 0C4B     		ldr	r3, .L74+8
 1075 006e 1B68     		ldr	r3, [r3]
 1076 0070 032B     		cmp	r3, #3
 1077 0072 06D1     		bne	.L72
 260:main.c        ****             UART_PSOC_PutString("Interrupcion 3 activada. Mensaje recibido y procesado correctament
 1078              		.loc 1 260 0
 1079 0074 0F48     		ldr	r0, .L74+28
 1080 0076 FFF7FEFF 		bl	UART_PSOC_PutString
 261:main.c        ****             //guardar_eeprom();
 262:main.c        ****             interrup = 0;
 1081              		.loc 1 262 0
 1082 007a 094B     		ldr	r3, .L74+8
 1083 007c 0022     		movs	r2, #0
 1084 007e 1A60     		str	r2, [r3]
 1085 0080 D6E7     		b	.L73
 1086              	.L72:
 263:main.c        ****         }else if(interrup == PH_TIMER)
 1087              		.loc 1 263 0
 1088 0082 074B     		ldr	r3, .L74+8
 1089 0084 1B68     		ldr	r3, [r3]
 1090 0086 042B     		cmp	r3, #4
 1091 0088 D2D1     		bne	.L73
 264:main.c        ****         {
 265:main.c        ****             sensor_PH();
 1092              		.loc 1 265 0
 1093 008a FFF7FEFF 		bl	sensor_PH
 266:main.c        ****             interrup = 0;
 1094              		.loc 1 266 0
 1095 008e 044B     		ldr	r3, .L74+8
 1096 0090 0022     		movs	r2, #0
 1097 0092 1A60     		str	r2, [r3]
 267:main.c        ****         }
 268:main.c        **** //        if(registro_TimerDelay == 1)
 269:main.c        **** //        {
 270:main.c        **** //            //hacer lo que sea que deba hacerse cada n segundos.    
 271:main.c        **** //        }
 272:main.c        ****     }
 1098              		.loc 1 272 0
 1099 0094 CCE7     		b	.L73
 1100              	.L75:
 1101 0096 00BF     		.align	2
 1102              	.L74:
 1103 0098 00000000 		.word	ver_pH
 1104 009c 00000000 		.word	leerESP
 1105 00a0 00000000 		.word	interrup
 1106 00a4 78010000 		.word	.LC12
 1107 00a8 00000000 		.word	cMain
 1108 00ac C0010000 		.word	.LC13
 1109 00b0 00000000 		.word	buffer
ARM GAS  C:\Users\UCA-MA~1\AppData\Local\Temp\ccj5oRMv.s 			page 27


 1110 00b4 08020000 		.word	.LC14
 1111              		.cfi_endproc
 1112              	.LFE74:
 1113              		.size	main, .-main
 1114              		.bss
 1115 0009 000000   		.align	2
 1116              	f1.7393:
 1117 000c 00000000 		.space	4
 1118              		.align	2
 1119              	f2.7394:
 1120 0010 00000000 		.space	4
 1121              	eRecibido.7421:
 1122 0014 00       		.space	1
 1123              		.text
 1124              	.Letext0:
 1125              		.file 2 "c:\\program files (x86)\\cypress\\psoc creator\\4.4\\psoc creator\\import\\gnu\\arm\\5.4.
 1126              		.file 3 "c:\\program files (x86)\\cypress\\psoc creator\\4.4\\psoc creator\\import\\gnu\\arm\\5.4.
 1127              		.file 4 "SIST_HIDRO.h"
 1128              		.file 5 "Generated_Source\\PSoC5/core_cm3.h"
 1129              		.section	.debug_info,"",%progbits
 1130              	.Ldebug_info0:
 1131 0000 7B030000 		.4byte	0x37b
 1132 0004 0400     		.2byte	0x4
 1133 0006 00000000 		.4byte	.Ldebug_abbrev0
 1134 000a 04       		.byte	0x4
 1135 000b 01       		.uleb128 0x1
 1136 000c 13000000 		.4byte	.LASF47
 1137 0010 0C       		.byte	0xc
 1138 0011 E1010000 		.4byte	.LASF48
 1139 0015 ED010000 		.4byte	.LASF49
 1140 0019 18000000 		.4byte	.Ldebug_ranges0+0x18
 1141 001d 00000000 		.4byte	0
 1142 0021 00000000 		.4byte	.Ldebug_line0
 1143 0025 02       		.uleb128 0x2
 1144 0026 01       		.byte	0x1
 1145 0027 06       		.byte	0x6
 1146 0028 AA020000 		.4byte	.LASF0
 1147 002c 03       		.uleb128 0x3
 1148 002d 09000000 		.4byte	.LASF3
 1149 0031 02       		.byte	0x2
 1150 0032 1D       		.byte	0x1d
 1151 0033 37000000 		.4byte	0x37
 1152 0037 02       		.uleb128 0x2
 1153 0038 01       		.byte	0x1
 1154 0039 08       		.byte	0x8
 1155 003a EE000000 		.4byte	.LASF1
 1156 003e 02       		.uleb128 0x2
 1157 003f 02       		.byte	0x2
 1158 0040 05       		.byte	0x5
 1159 0041 3D020000 		.4byte	.LASF2
 1160 0045 03       		.uleb128 0x3
 1161 0046 41010000 		.4byte	.LASF4
 1162 004a 02       		.byte	0x2
 1163 004b 2B       		.byte	0x2b
 1164 004c 50000000 		.4byte	0x50
 1165 0050 02       		.uleb128 0x2
 1166 0051 02       		.byte	0x2
ARM GAS  C:\Users\UCA-MA~1\AppData\Local\Temp\ccj5oRMv.s 			page 28


 1167 0052 07       		.byte	0x7
 1168 0053 0E010000 		.4byte	.LASF5
 1169 0057 03       		.uleb128 0x3
 1170 0058 B4000000 		.4byte	.LASF6
 1171 005c 02       		.byte	0x2
 1172 005d 3F       		.byte	0x3f
 1173 005e 62000000 		.4byte	0x62
 1174 0062 02       		.uleb128 0x2
 1175 0063 04       		.byte	0x4
 1176 0064 05       		.byte	0x5
 1177 0065 7E020000 		.4byte	.LASF7
 1178 0069 02       		.uleb128 0x2
 1179 006a 04       		.byte	0x4
 1180 006b 07       		.byte	0x7
 1181 006c FC000000 		.4byte	.LASF8
 1182 0070 02       		.uleb128 0x2
 1183 0071 08       		.byte	0x8
 1184 0072 05       		.byte	0x5
 1185 0073 D3010000 		.4byte	.LASF9
 1186 0077 02       		.uleb128 0x2
 1187 0078 08       		.byte	0x8
 1188 0079 07       		.byte	0x7
 1189 007a 83010000 		.4byte	.LASF10
 1190 007e 04       		.uleb128 0x4
 1191 007f 04       		.byte	0x4
 1192 0080 05       		.byte	0x5
 1193 0081 696E7400 		.ascii	"int\000"
 1194 0085 02       		.uleb128 0x2
 1195 0086 04       		.byte	0x4
 1196 0087 07       		.byte	0x7
 1197 0088 76010000 		.4byte	.LASF11
 1198 008c 03       		.uleb128 0x3
 1199 008d 9A010000 		.4byte	.LASF12
 1200 0091 03       		.byte	0x3
 1201 0092 18       		.byte	0x18
 1202 0093 2C000000 		.4byte	0x2c
 1203 0097 03       		.uleb128 0x3
 1204 0098 34020000 		.4byte	.LASF13
 1205 009c 03       		.byte	0x3
 1206 009d 24       		.byte	0x24
 1207 009e 45000000 		.4byte	0x45
 1208 00a2 03       		.uleb128 0x3
 1209 00a3 D9000000 		.4byte	.LASF14
 1210 00a7 03       		.byte	0x3
 1211 00a8 2C       		.byte	0x2c
 1212 00a9 57000000 		.4byte	0x57
 1213 00ad 02       		.uleb128 0x2
 1214 00ae 04       		.byte	0x4
 1215 00af 04       		.byte	0x4
 1216 00b0 E1000000 		.4byte	.LASF15
 1217 00b4 02       		.uleb128 0x2
 1218 00b5 08       		.byte	0x8
 1219 00b6 04       		.byte	0x4
 1220 00b7 4C010000 		.4byte	.LASF16
 1221 00bb 02       		.uleb128 0x2
 1222 00bc 01       		.byte	0x1
 1223 00bd 08       		.byte	0x8
ARM GAS  C:\Users\UCA-MA~1\AppData\Local\Temp\ccj5oRMv.s 			page 29


 1224 00be E8010000 		.4byte	.LASF17
 1225 00c2 02       		.uleb128 0x2
 1226 00c3 08       		.byte	0x8
 1227 00c4 04       		.byte	0x4
 1228 00c5 B5010000 		.4byte	.LASF18
 1229 00c9 02       		.uleb128 0x2
 1230 00ca 04       		.byte	0x4
 1231 00cb 07       		.byte	0x7
 1232 00cc C1010000 		.4byte	.LASF19
 1233 00d0 05       		.uleb128 0x5
 1234 00d1 04       		.byte	0x4
 1235 00d2 BB000000 		.4byte	0xbb
 1236 00d6 06       		.uleb128 0x6
 1237 00d7 08       		.byte	0x8
 1238 00d8 04       		.byte	0x4
 1239 00d9 25       		.byte	0x25
 1240 00da F7000000 		.4byte	0xf7
 1241 00de 07       		.uleb128 0x7
 1242 00df AF010000 		.4byte	.LASF20
 1243 00e3 04       		.byte	0x4
 1244 00e4 26       		.byte	0x26
 1245 00e5 AD000000 		.4byte	0xad
 1246 00e9 00       		.byte	0
 1247 00ea 07       		.uleb128 0x7
 1248 00eb A9010000 		.4byte	.LASF21
 1249 00ef 04       		.byte	0x4
 1250 00f0 27       		.byte	0x27
 1251 00f1 AD000000 		.4byte	0xad
 1252 00f5 04       		.byte	0x4
 1253 00f6 00       		.byte	0
 1254 00f7 03       		.uleb128 0x3
 1255 00f8 CA010000 		.4byte	.LASF22
 1256 00fc 04       		.byte	0x4
 1257 00fd 28       		.byte	0x28
 1258 00fe D6000000 		.4byte	0xd6
 1259 0102 08       		.uleb128 0x8
 1260 0103 4E020000 		.4byte	.LASF50
 1261 0107 01       		.byte	0x1
 1262 0108 11       		.byte	0x11
 1263 0109 00000000 		.4byte	.LFB64
 1264 010d 18000000 		.4byte	.LFE64-.LFB64
 1265 0111 01       		.uleb128 0x1
 1266 0112 9C       		.byte	0x9c
 1267 0113 09       		.uleb128 0x9
 1268 0114 96020000 		.4byte	.LASF31
 1269 0118 01       		.byte	0x1
 1270 0119 15       		.byte	0x15
 1271 011a 00000000 		.4byte	.LFB65
 1272 011e 24000000 		.4byte	.LFE65-.LFB65
 1273 0122 01       		.uleb128 0x1
 1274 0123 9C       		.byte	0x9c
 1275 0124 0A       		.uleb128 0xa
 1276 0125 6B020000 		.4byte	.LASF25
 1277 0129 01       		.byte	0x1
 1278 012a 1A       		.byte	0x1a
 1279 012b 00000000 		.4byte	.LFB66
 1280 012f 60000000 		.4byte	.LFE66-.LFB66
ARM GAS  C:\Users\UCA-MA~1\AppData\Local\Temp\ccj5oRMv.s 			page 30


 1281 0133 01       		.uleb128 0x1
 1282 0134 9C       		.byte	0x9c
 1283 0135 56010000 		.4byte	0x156
 1284 0139 0B       		.uleb128 0xb
 1285 013a 32010000 		.4byte	.LASF23
 1286 013e 01       		.byte	0x1
 1287 013f 1A       		.byte	0x1a
 1288 0140 AD000000 		.4byte	0xad
 1289 0144 02       		.uleb128 0x2
 1290 0145 91       		.byte	0x91
 1291 0146 74       		.sleb128 -12
 1292 0147 0B       		.uleb128 0xb
 1293 0148 AB000000 		.4byte	.LASF24
 1294 014c 01       		.byte	0x1
 1295 014d 1A       		.byte	0x1a
 1296 014e AD000000 		.4byte	0xad
 1297 0152 02       		.uleb128 0x2
 1298 0153 91       		.byte	0x91
 1299 0154 70       		.sleb128 -16
 1300 0155 00       		.byte	0
 1301 0156 0A       		.uleb128 0xa
 1302 0157 53010000 		.4byte	.LASF26
 1303 015b 01       		.byte	0x1
 1304 015c 23       		.byte	0x23
 1305 015d 00000000 		.4byte	.LFB67
 1306 0161 88000000 		.4byte	.LFE67-.LFB67
 1307 0165 01       		.uleb128 0x1
 1308 0166 9C       		.byte	0x9c
 1309 0167 A8010000 		.4byte	0x1a8
 1310 016b 0B       		.uleb128 0xb
 1311 016c 47020000 		.4byte	.LASF27
 1312 0170 01       		.byte	0x1
 1313 0171 23       		.byte	0x23
 1314 0172 D0000000 		.4byte	0xd0
 1315 0176 02       		.uleb128 0x2
 1316 0177 91       		.byte	0x91
 1317 0178 64       		.sleb128 -28
 1318 0179 0C       		.uleb128 0xc
 1319 017a D0020000 		.4byte	.LASF28
 1320 017e 01       		.byte	0x1
 1321 017f 24       		.byte	0x24
 1322 0180 D0000000 		.4byte	0xd0
 1323 0184 02       		.uleb128 0x2
 1324 0185 91       		.byte	0x91
 1325 0186 6C       		.sleb128 -20
 1326 0187 0D       		.uleb128 0xd
 1327 0188 663100   		.ascii	"f1\000"
 1328 018b 01       		.byte	0x1
 1329 018c 25       		.byte	0x25
 1330 018d AD000000 		.4byte	0xad
 1331 0191 05       		.uleb128 0x5
 1332 0192 03       		.byte	0x3
 1333 0193 0C000000 		.4byte	f1.7393
 1334 0197 0D       		.uleb128 0xd
 1335 0198 663200   		.ascii	"f2\000"
 1336 019b 01       		.byte	0x1
 1337 019c 25       		.byte	0x25
ARM GAS  C:\Users\UCA-MA~1\AppData\Local\Temp\ccj5oRMv.s 			page 31


 1338 019d AD000000 		.4byte	0xad
 1339 01a1 05       		.uleb128 0x5
 1340 01a2 03       		.byte	0x3
 1341 01a3 10000000 		.4byte	f2.7394
 1342 01a7 00       		.byte	0
 1343 01a8 0A       		.uleb128 0xa
 1344 01a9 55020000 		.4byte	.LASF29
 1345 01ad 01       		.byte	0x1
 1346 01ae 2F       		.byte	0x2f
 1347 01af 00000000 		.4byte	.LFB68
 1348 01b3 6A000000 		.4byte	.LFE68-.LFB68
 1349 01b7 01       		.uleb128 0x1
 1350 01b8 9C       		.byte	0x9c
 1351 01b9 CC010000 		.4byte	0x1cc
 1352 01bd 0B       		.uleb128 0xb
 1353 01be E7000000 		.4byte	.LASF30
 1354 01c2 01       		.byte	0x1
 1355 01c3 2F       		.byte	0x2f
 1356 01c4 8C000000 		.4byte	0x8c
 1357 01c8 02       		.uleb128 0x2
 1358 01c9 91       		.byte	0x91
 1359 01ca 77       		.sleb128 -9
 1360 01cb 00       		.byte	0
 1361 01cc 0E       		.uleb128 0xe
 1362 01cd B6020000 		.4byte	.LASF32
 1363 01d1 01       		.byte	0x1
 1364 01d2 46       		.byte	0x46
 1365 01d3 00000000 		.4byte	.LFB69
 1366 01d7 0C000000 		.4byte	.LFE69-.LFB69
 1367 01db 01       		.uleb128 0x1
 1368 01dc 9C       		.byte	0x9c
 1369 01dd 0F       		.uleb128 0xf
 1370 01de 87020000 		.4byte	.LASF33
 1371 01e2 01       		.byte	0x1
 1372 01e3 4B       		.byte	0x4b
 1373 01e4 8C000000 		.4byte	0x8c
 1374 01e8 00000000 		.4byte	.LFB70
 1375 01ec 70000000 		.4byte	.LFE70-.LFB70
 1376 01f0 01       		.uleb128 0x1
 1377 01f1 9C       		.byte	0x9c
 1378 01f2 13020000 		.4byte	0x213
 1379 01f6 0C       		.uleb128 0xc
 1380 01f7 A2010000 		.4byte	.LASF34
 1381 01fb 01       		.byte	0x1
 1382 01fc 4C       		.byte	0x4c
 1383 01fd 97000000 		.4byte	0x97
 1384 0201 02       		.uleb128 0x2
 1385 0202 91       		.byte	0x91
 1386 0203 6E       		.sleb128 -18
 1387 0204 0C       		.uleb128 0xc
 1388 0205 C8020000 		.4byte	.LASF35
 1389 0209 01       		.byte	0x1
 1390 020a 4D       		.byte	0x4d
 1391 020b AD000000 		.4byte	0xad
 1392 020f 02       		.uleb128 0x2
 1393 0210 91       		.byte	0x91
 1394 0211 68       		.sleb128 -24
ARM GAS  C:\Users\UCA-MA~1\AppData\Local\Temp\ccj5oRMv.s 			page 32


 1395 0212 00       		.byte	0
 1396 0213 10       		.uleb128 0x10
 1397 0214 BE000000 		.4byte	.LASF51
 1398 0218 01       		.byte	0x1
 1399 0219 5B       		.byte	0x5b
 1400 021a 00000000 		.4byte	.LFB71
 1401 021e 48010000 		.4byte	.LFE71-.LFB71
 1402 0222 01       		.uleb128 0x1
 1403 0223 9C       		.byte	0x9c
 1404 0224 53020000 		.4byte	0x253
 1405 0228 0C       		.uleb128 0xc
 1406 0229 A2010000 		.4byte	.LASF34
 1407 022d 01       		.byte	0x1
 1408 022e 5C       		.byte	0x5c
 1409 022f 97000000 		.4byte	0x97
 1410 0233 02       		.uleb128 0x2
 1411 0234 91       		.byte	0x91
 1412 0235 6E       		.sleb128 -18
 1413 0236 0C       		.uleb128 0xc
 1414 0237 C8020000 		.4byte	.LASF35
 1415 023b 01       		.byte	0x1
 1416 023c 5D       		.byte	0x5d
 1417 023d AD000000 		.4byte	0xad
 1418 0241 02       		.uleb128 0x2
 1419 0242 91       		.byte	0x91
 1420 0243 68       		.sleb128 -24
 1421 0244 0C       		.uleb128 0xc
 1422 0245 60010000 		.4byte	.LASF36
 1423 0249 01       		.byte	0x1
 1424 024a 5E       		.byte	0x5e
 1425 024b AD000000 		.4byte	0xad
 1426 024f 02       		.uleb128 0x2
 1427 0250 91       		.byte	0x91
 1428 0251 64       		.sleb128 -28
 1429 0252 00       		.byte	0
 1430 0253 0A       		.uleb128 0xa
 1431 0254 21010000 		.4byte	.LASF37
 1432 0258 01       		.byte	0x1
 1433 0259 81       		.byte	0x81
 1434 025a 00000000 		.4byte	.LFB72
 1435 025e C0000000 		.4byte	.LFE72-.LFB72
 1436 0262 01       		.uleb128 0x1
 1437 0263 9C       		.byte	0x9c
 1438 0264 89020000 		.4byte	0x289
 1439 0268 11       		.uleb128 0x11
 1440 0269 6300     		.ascii	"c\000"
 1441 026b 01       		.byte	0x1
 1442 026c 81       		.byte	0x81
 1443 026d BB000000 		.4byte	0xbb
 1444 0271 02       		.uleb128 0x2
 1445 0272 91       		.byte	0x91
 1446 0273 6F       		.sleb128 -17
 1447 0274 12       		.uleb128 0x12
 1448 0275 00000000 		.4byte	.Ldebug_ranges0+0
 1449 0279 0D       		.uleb128 0xd
 1450 027a 72657400 		.ascii	"ret\000"
 1451 027e 01       		.byte	0x1
ARM GAS  C:\Users\UCA-MA~1\AppData\Local\Temp\ccj5oRMv.s 			page 33


 1452 027f 8C       		.byte	0x8c
 1453 0280 7E000000 		.4byte	0x7e
 1454 0284 02       		.uleb128 0x2
 1455 0285 91       		.byte	0x91
 1456 0286 74       		.sleb128 -12
 1457 0287 00       		.byte	0
 1458 0288 00       		.byte	0
 1459 0289 0A       		.uleb128 0xa
 1460 028a 63020000 		.4byte	.LASF38
 1461 028e 01       		.byte	0x1
 1462 028f A3       		.byte	0xa3
 1463 0290 00000000 		.4byte	.LFB73
 1464 0294 C4000000 		.4byte	.LFE73-.LFB73
 1465 0298 01       		.uleb128 0x1
 1466 0299 9C       		.byte	0x9c
 1467 029a BC020000 		.4byte	0x2bc
 1468 029e 0D       		.uleb128 0xd
 1469 029f 6300     		.ascii	"c\000"
 1470 02a1 01       		.byte	0x1
 1471 02a2 A4       		.byte	0xa4
 1472 02a3 BB000000 		.4byte	0xbb
 1473 02a7 02       		.uleb128 0x2
 1474 02a8 91       		.byte	0x91
 1475 02a9 77       		.sleb128 -9
 1476 02aa 0C       		.uleb128 0xc
 1477 02ab D5020000 		.4byte	.LASF39
 1478 02af 01       		.byte	0x1
 1479 02b0 A5       		.byte	0xa5
 1480 02b1 8C000000 		.4byte	0x8c
 1481 02b5 05       		.uleb128 0x5
 1482 02b6 03       		.byte	0x3
 1483 02b7 14000000 		.4byte	eRecibido.7421
 1484 02bb 00       		.byte	0
 1485 02bc 13       		.uleb128 0x13
 1486 02bd 5B010000 		.4byte	.LASF52
 1487 02c1 01       		.byte	0x1
 1488 02c2 E6       		.byte	0xe6
 1489 02c3 7E000000 		.4byte	0x7e
 1490 02c7 00000000 		.4byte	.LFB74
 1491 02cb B8000000 		.4byte	.LFE74-.LFB74
 1492 02cf 01       		.uleb128 0x1
 1493 02d0 9C       		.byte	0x9c
 1494 02d1 14       		.uleb128 0x14
 1495 02d2 69010000 		.4byte	.LASF40
 1496 02d6 05       		.byte	0x5
 1497 02d7 1207     		.2byte	0x712
 1498 02d9 DD020000 		.4byte	0x2dd
 1499 02dd 15       		.uleb128 0x15
 1500 02de A2000000 		.4byte	0xa2
 1501 02e2 16       		.uleb128 0x16
 1502 02e3 BB000000 		.4byte	0xbb
 1503 02e7 F2020000 		.4byte	0x2f2
 1504 02eb 17       		.uleb128 0x17
 1505 02ec C9000000 		.4byte	0xc9
 1506 02f0 63       		.byte	0x63
 1507 02f1 00       		.byte	0
 1508 02f2 18       		.uleb128 0x18
ARM GAS  C:\Users\UCA-MA~1\AppData\Local\Temp\ccj5oRMv.s 			page 34


 1509 02f3 D0000000 		.4byte	.LASF41
 1510 02f7 04       		.byte	0x4
 1511 02f8 38       		.byte	0x38
 1512 02f9 E2020000 		.4byte	0x2e2
 1513 02fd 05       		.uleb128 0x5
 1514 02fe 03       		.byte	0x3
 1515 02ff 00000000 		.4byte	rxBuffer
 1516 0303 18       		.uleb128 0x18
 1517 0304 C8000000 		.4byte	.LASF42
 1518 0308 04       		.byte	0x4
 1519 0309 39       		.byte	0x39
 1520 030a 8C000000 		.4byte	0x8c
 1521 030e 05       		.uleb128 0x5
 1522 030f 03       		.byte	0x3
 1523 0310 00000000 		.4byte	rxIndex
 1524 0314 18       		.uleb128 0x18
 1525 0315 00000000 		.4byte	.LASF43
 1526 0319 04       		.byte	0x4
 1527 031a 3B       		.byte	0x3b
 1528 031b 25030000 		.4byte	0x325
 1529 031f 05       		.uleb128 0x5
 1530 0320 03       		.byte	0x3
 1531 0321 00000000 		.4byte	interrup
 1532 0325 15       		.uleb128 0x15
 1533 0326 7E000000 		.4byte	0x7e
 1534 032a 18       		.uleb128 0x18
 1535 032b 3B010000 		.4byte	.LASF44
 1536 032f 04       		.byte	0x4
 1537 0330 3D       		.byte	0x3d
 1538 0331 BB000000 		.4byte	0xbb
 1539 0335 05       		.uleb128 0x5
 1540 0336 03       		.byte	0x3
 1541 0337 00000000 		.4byte	cMain
 1542 033b 16       		.uleb128 0x16
 1543 033c BB000000 		.4byte	0xbb
 1544 0340 4B030000 		.4byte	0x34b
 1545 0344 17       		.uleb128 0x17
 1546 0345 C9000000 		.4byte	0xc9
 1547 0349 1F       		.byte	0x1f
 1548 034a 00       		.byte	0
 1549 034b 18       		.uleb128 0x18
 1550 034c 47020000 		.4byte	.LASF27
 1551 0350 04       		.byte	0x4
 1552 0351 40       		.byte	0x40
 1553 0352 3B030000 		.4byte	0x33b
 1554 0356 05       		.uleb128 0x5
 1555 0357 03       		.byte	0x3
 1556 0358 00000000 		.4byte	buffer
 1557 035c 18       		.uleb128 0x18
 1558 035d A1000000 		.4byte	.LASF45
 1559 0361 04       		.byte	0x4
 1560 0362 43       		.byte	0x43
 1561 0363 3B030000 		.4byte	0x33b
 1562 0367 05       		.uleb128 0x5
 1563 0368 03       		.byte	0x3
 1564 0369 00000000 		.4byte	bufferESP
 1565 036d 18       		.uleb128 0x18
ARM GAS  C:\Users\UCA-MA~1\AppData\Local\Temp\ccj5oRMv.s 			page 35


 1566 036e BF020000 		.4byte	.LASF46
 1567 0372 01       		.byte	0x1
 1568 0373 0F       		.byte	0xf
 1569 0374 F7000000 		.4byte	0xf7
 1570 0378 05       		.uleb128 0x5
 1571 0379 03       		.byte	0x3
 1572 037a 00000000 		.4byte	configPH
 1573 037e 00       		.byte	0
 1574              		.section	.debug_abbrev,"",%progbits
 1575              	.Ldebug_abbrev0:
 1576 0000 01       		.uleb128 0x1
 1577 0001 11       		.uleb128 0x11
 1578 0002 01       		.byte	0x1
 1579 0003 25       		.uleb128 0x25
 1580 0004 0E       		.uleb128 0xe
 1581 0005 13       		.uleb128 0x13
 1582 0006 0B       		.uleb128 0xb
 1583 0007 03       		.uleb128 0x3
 1584 0008 0E       		.uleb128 0xe
 1585 0009 1B       		.uleb128 0x1b
 1586 000a 0E       		.uleb128 0xe
 1587 000b 55       		.uleb128 0x55
 1588 000c 17       		.uleb128 0x17
 1589 000d 11       		.uleb128 0x11
 1590 000e 01       		.uleb128 0x1
 1591 000f 10       		.uleb128 0x10
 1592 0010 17       		.uleb128 0x17
 1593 0011 00       		.byte	0
 1594 0012 00       		.byte	0
 1595 0013 02       		.uleb128 0x2
 1596 0014 24       		.uleb128 0x24
 1597 0015 00       		.byte	0
 1598 0016 0B       		.uleb128 0xb
 1599 0017 0B       		.uleb128 0xb
 1600 0018 3E       		.uleb128 0x3e
 1601 0019 0B       		.uleb128 0xb
 1602 001a 03       		.uleb128 0x3
 1603 001b 0E       		.uleb128 0xe
 1604 001c 00       		.byte	0
 1605 001d 00       		.byte	0
 1606 001e 03       		.uleb128 0x3
 1607 001f 16       		.uleb128 0x16
 1608 0020 00       		.byte	0
 1609 0021 03       		.uleb128 0x3
 1610 0022 0E       		.uleb128 0xe
 1611 0023 3A       		.uleb128 0x3a
 1612 0024 0B       		.uleb128 0xb
 1613 0025 3B       		.uleb128 0x3b
 1614 0026 0B       		.uleb128 0xb
 1615 0027 49       		.uleb128 0x49
 1616 0028 13       		.uleb128 0x13
 1617 0029 00       		.byte	0
 1618 002a 00       		.byte	0
 1619 002b 04       		.uleb128 0x4
 1620 002c 24       		.uleb128 0x24
 1621 002d 00       		.byte	0
 1622 002e 0B       		.uleb128 0xb
ARM GAS  C:\Users\UCA-MA~1\AppData\Local\Temp\ccj5oRMv.s 			page 36


 1623 002f 0B       		.uleb128 0xb
 1624 0030 3E       		.uleb128 0x3e
 1625 0031 0B       		.uleb128 0xb
 1626 0032 03       		.uleb128 0x3
 1627 0033 08       		.uleb128 0x8
 1628 0034 00       		.byte	0
 1629 0035 00       		.byte	0
 1630 0036 05       		.uleb128 0x5
 1631 0037 0F       		.uleb128 0xf
 1632 0038 00       		.byte	0
 1633 0039 0B       		.uleb128 0xb
 1634 003a 0B       		.uleb128 0xb
 1635 003b 49       		.uleb128 0x49
 1636 003c 13       		.uleb128 0x13
 1637 003d 00       		.byte	0
 1638 003e 00       		.byte	0
 1639 003f 06       		.uleb128 0x6
 1640 0040 13       		.uleb128 0x13
 1641 0041 01       		.byte	0x1
 1642 0042 0B       		.uleb128 0xb
 1643 0043 0B       		.uleb128 0xb
 1644 0044 3A       		.uleb128 0x3a
 1645 0045 0B       		.uleb128 0xb
 1646 0046 3B       		.uleb128 0x3b
 1647 0047 0B       		.uleb128 0xb
 1648 0048 01       		.uleb128 0x1
 1649 0049 13       		.uleb128 0x13
 1650 004a 00       		.byte	0
 1651 004b 00       		.byte	0
 1652 004c 07       		.uleb128 0x7
 1653 004d 0D       		.uleb128 0xd
 1654 004e 00       		.byte	0
 1655 004f 03       		.uleb128 0x3
 1656 0050 0E       		.uleb128 0xe
 1657 0051 3A       		.uleb128 0x3a
 1658 0052 0B       		.uleb128 0xb
 1659 0053 3B       		.uleb128 0x3b
 1660 0054 0B       		.uleb128 0xb
 1661 0055 49       		.uleb128 0x49
 1662 0056 13       		.uleb128 0x13
 1663 0057 38       		.uleb128 0x38
 1664 0058 0B       		.uleb128 0xb
 1665 0059 00       		.byte	0
 1666 005a 00       		.byte	0
 1667 005b 08       		.uleb128 0x8
 1668 005c 2E       		.uleb128 0x2e
 1669 005d 00       		.byte	0
 1670 005e 3F       		.uleb128 0x3f
 1671 005f 19       		.uleb128 0x19
 1672 0060 03       		.uleb128 0x3
 1673 0061 0E       		.uleb128 0xe
 1674 0062 3A       		.uleb128 0x3a
 1675 0063 0B       		.uleb128 0xb
 1676 0064 3B       		.uleb128 0x3b
 1677 0065 0B       		.uleb128 0xb
 1678 0066 27       		.uleb128 0x27
 1679 0067 19       		.uleb128 0x19
ARM GAS  C:\Users\UCA-MA~1\AppData\Local\Temp\ccj5oRMv.s 			page 37


 1680 0068 11       		.uleb128 0x11
 1681 0069 01       		.uleb128 0x1
 1682 006a 12       		.uleb128 0x12
 1683 006b 06       		.uleb128 0x6
 1684 006c 40       		.uleb128 0x40
 1685 006d 18       		.uleb128 0x18
 1686 006e 9742     		.uleb128 0x2117
 1687 0070 19       		.uleb128 0x19
 1688 0071 00       		.byte	0
 1689 0072 00       		.byte	0
 1690 0073 09       		.uleb128 0x9
 1691 0074 2E       		.uleb128 0x2e
 1692 0075 00       		.byte	0
 1693 0076 3F       		.uleb128 0x3f
 1694 0077 19       		.uleb128 0x19
 1695 0078 03       		.uleb128 0x3
 1696 0079 0E       		.uleb128 0xe
 1697 007a 3A       		.uleb128 0x3a
 1698 007b 0B       		.uleb128 0xb
 1699 007c 3B       		.uleb128 0x3b
 1700 007d 0B       		.uleb128 0xb
 1701 007e 11       		.uleb128 0x11
 1702 007f 01       		.uleb128 0x1
 1703 0080 12       		.uleb128 0x12
 1704 0081 06       		.uleb128 0x6
 1705 0082 40       		.uleb128 0x40
 1706 0083 18       		.uleb128 0x18
 1707 0084 9742     		.uleb128 0x2117
 1708 0086 19       		.uleb128 0x19
 1709 0087 00       		.byte	0
 1710 0088 00       		.byte	0
 1711 0089 0A       		.uleb128 0xa
 1712 008a 2E       		.uleb128 0x2e
 1713 008b 01       		.byte	0x1
 1714 008c 3F       		.uleb128 0x3f
 1715 008d 19       		.uleb128 0x19
 1716 008e 03       		.uleb128 0x3
 1717 008f 0E       		.uleb128 0xe
 1718 0090 3A       		.uleb128 0x3a
 1719 0091 0B       		.uleb128 0xb
 1720 0092 3B       		.uleb128 0x3b
 1721 0093 0B       		.uleb128 0xb
 1722 0094 27       		.uleb128 0x27
 1723 0095 19       		.uleb128 0x19
 1724 0096 11       		.uleb128 0x11
 1725 0097 01       		.uleb128 0x1
 1726 0098 12       		.uleb128 0x12
 1727 0099 06       		.uleb128 0x6
 1728 009a 40       		.uleb128 0x40
 1729 009b 18       		.uleb128 0x18
 1730 009c 9642     		.uleb128 0x2116
 1731 009e 19       		.uleb128 0x19
 1732 009f 01       		.uleb128 0x1
 1733 00a0 13       		.uleb128 0x13
 1734 00a1 00       		.byte	0
 1735 00a2 00       		.byte	0
 1736 00a3 0B       		.uleb128 0xb
ARM GAS  C:\Users\UCA-MA~1\AppData\Local\Temp\ccj5oRMv.s 			page 38


 1737 00a4 05       		.uleb128 0x5
 1738 00a5 00       		.byte	0
 1739 00a6 03       		.uleb128 0x3
 1740 00a7 0E       		.uleb128 0xe
 1741 00a8 3A       		.uleb128 0x3a
 1742 00a9 0B       		.uleb128 0xb
 1743 00aa 3B       		.uleb128 0x3b
 1744 00ab 0B       		.uleb128 0xb
 1745 00ac 49       		.uleb128 0x49
 1746 00ad 13       		.uleb128 0x13
 1747 00ae 02       		.uleb128 0x2
 1748 00af 18       		.uleb128 0x18
 1749 00b0 00       		.byte	0
 1750 00b1 00       		.byte	0
 1751 00b2 0C       		.uleb128 0xc
 1752 00b3 34       		.uleb128 0x34
 1753 00b4 00       		.byte	0
 1754 00b5 03       		.uleb128 0x3
 1755 00b6 0E       		.uleb128 0xe
 1756 00b7 3A       		.uleb128 0x3a
 1757 00b8 0B       		.uleb128 0xb
 1758 00b9 3B       		.uleb128 0x3b
 1759 00ba 0B       		.uleb128 0xb
 1760 00bb 49       		.uleb128 0x49
 1761 00bc 13       		.uleb128 0x13
 1762 00bd 02       		.uleb128 0x2
 1763 00be 18       		.uleb128 0x18
 1764 00bf 00       		.byte	0
 1765 00c0 00       		.byte	0
 1766 00c1 0D       		.uleb128 0xd
 1767 00c2 34       		.uleb128 0x34
 1768 00c3 00       		.byte	0
 1769 00c4 03       		.uleb128 0x3
 1770 00c5 08       		.uleb128 0x8
 1771 00c6 3A       		.uleb128 0x3a
 1772 00c7 0B       		.uleb128 0xb
 1773 00c8 3B       		.uleb128 0x3b
 1774 00c9 0B       		.uleb128 0xb
 1775 00ca 49       		.uleb128 0x49
 1776 00cb 13       		.uleb128 0x13
 1777 00cc 02       		.uleb128 0x2
 1778 00cd 18       		.uleb128 0x18
 1779 00ce 00       		.byte	0
 1780 00cf 00       		.byte	0
 1781 00d0 0E       		.uleb128 0xe
 1782 00d1 2E       		.uleb128 0x2e
 1783 00d2 00       		.byte	0
 1784 00d3 3F       		.uleb128 0x3f
 1785 00d4 19       		.uleb128 0x19
 1786 00d5 03       		.uleb128 0x3
 1787 00d6 0E       		.uleb128 0xe
 1788 00d7 3A       		.uleb128 0x3a
 1789 00d8 0B       		.uleb128 0xb
 1790 00d9 3B       		.uleb128 0x3b
 1791 00da 0B       		.uleb128 0xb
 1792 00db 11       		.uleb128 0x11
 1793 00dc 01       		.uleb128 0x1
ARM GAS  C:\Users\UCA-MA~1\AppData\Local\Temp\ccj5oRMv.s 			page 39


 1794 00dd 12       		.uleb128 0x12
 1795 00de 06       		.uleb128 0x6
 1796 00df 40       		.uleb128 0x40
 1797 00e0 18       		.uleb128 0x18
 1798 00e1 9642     		.uleb128 0x2116
 1799 00e3 19       		.uleb128 0x19
 1800 00e4 00       		.byte	0
 1801 00e5 00       		.byte	0
 1802 00e6 0F       		.uleb128 0xf
 1803 00e7 2E       		.uleb128 0x2e
 1804 00e8 01       		.byte	0x1
 1805 00e9 3F       		.uleb128 0x3f
 1806 00ea 19       		.uleb128 0x19
 1807 00eb 03       		.uleb128 0x3
 1808 00ec 0E       		.uleb128 0xe
 1809 00ed 3A       		.uleb128 0x3a
 1810 00ee 0B       		.uleb128 0xb
 1811 00ef 3B       		.uleb128 0x3b
 1812 00f0 0B       		.uleb128 0xb
 1813 00f1 49       		.uleb128 0x49
 1814 00f2 13       		.uleb128 0x13
 1815 00f3 11       		.uleb128 0x11
 1816 00f4 01       		.uleb128 0x1
 1817 00f5 12       		.uleb128 0x12
 1818 00f6 06       		.uleb128 0x6
 1819 00f7 40       		.uleb128 0x40
 1820 00f8 18       		.uleb128 0x18
 1821 00f9 9642     		.uleb128 0x2116
 1822 00fb 19       		.uleb128 0x19
 1823 00fc 01       		.uleb128 0x1
 1824 00fd 13       		.uleb128 0x13
 1825 00fe 00       		.byte	0
 1826 00ff 00       		.byte	0
 1827 0100 10       		.uleb128 0x10
 1828 0101 2E       		.uleb128 0x2e
 1829 0102 01       		.byte	0x1
 1830 0103 3F       		.uleb128 0x3f
 1831 0104 19       		.uleb128 0x19
 1832 0105 03       		.uleb128 0x3
 1833 0106 0E       		.uleb128 0xe
 1834 0107 3A       		.uleb128 0x3a
 1835 0108 0B       		.uleb128 0xb
 1836 0109 3B       		.uleb128 0x3b
 1837 010a 0B       		.uleb128 0xb
 1838 010b 11       		.uleb128 0x11
 1839 010c 01       		.uleb128 0x1
 1840 010d 12       		.uleb128 0x12
 1841 010e 06       		.uleb128 0x6
 1842 010f 40       		.uleb128 0x40
 1843 0110 18       		.uleb128 0x18
 1844 0111 9642     		.uleb128 0x2116
 1845 0113 19       		.uleb128 0x19
 1846 0114 01       		.uleb128 0x1
 1847 0115 13       		.uleb128 0x13
 1848 0116 00       		.byte	0
 1849 0117 00       		.byte	0
 1850 0118 11       		.uleb128 0x11
ARM GAS  C:\Users\UCA-MA~1\AppData\Local\Temp\ccj5oRMv.s 			page 40


 1851 0119 05       		.uleb128 0x5
 1852 011a 00       		.byte	0
 1853 011b 03       		.uleb128 0x3
 1854 011c 08       		.uleb128 0x8
 1855 011d 3A       		.uleb128 0x3a
 1856 011e 0B       		.uleb128 0xb
 1857 011f 3B       		.uleb128 0x3b
 1858 0120 0B       		.uleb128 0xb
 1859 0121 49       		.uleb128 0x49
 1860 0122 13       		.uleb128 0x13
 1861 0123 02       		.uleb128 0x2
 1862 0124 18       		.uleb128 0x18
 1863 0125 00       		.byte	0
 1864 0126 00       		.byte	0
 1865 0127 12       		.uleb128 0x12
 1866 0128 0B       		.uleb128 0xb
 1867 0129 01       		.byte	0x1
 1868 012a 55       		.uleb128 0x55
 1869 012b 17       		.uleb128 0x17
 1870 012c 00       		.byte	0
 1871 012d 00       		.byte	0
 1872 012e 13       		.uleb128 0x13
 1873 012f 2E       		.uleb128 0x2e
 1874 0130 00       		.byte	0
 1875 0131 3F       		.uleb128 0x3f
 1876 0132 19       		.uleb128 0x19
 1877 0133 03       		.uleb128 0x3
 1878 0134 0E       		.uleb128 0xe
 1879 0135 3A       		.uleb128 0x3a
 1880 0136 0B       		.uleb128 0xb
 1881 0137 3B       		.uleb128 0x3b
 1882 0138 0B       		.uleb128 0xb
 1883 0139 27       		.uleb128 0x27
 1884 013a 19       		.uleb128 0x19
 1885 013b 49       		.uleb128 0x49
 1886 013c 13       		.uleb128 0x13
 1887 013d 11       		.uleb128 0x11
 1888 013e 01       		.uleb128 0x1
 1889 013f 12       		.uleb128 0x12
 1890 0140 06       		.uleb128 0x6
 1891 0141 40       		.uleb128 0x40
 1892 0142 18       		.uleb128 0x18
 1893 0143 9642     		.uleb128 0x2116
 1894 0145 19       		.uleb128 0x19
 1895 0146 00       		.byte	0
 1896 0147 00       		.byte	0
 1897 0148 14       		.uleb128 0x14
 1898 0149 34       		.uleb128 0x34
 1899 014a 00       		.byte	0
 1900 014b 03       		.uleb128 0x3
 1901 014c 0E       		.uleb128 0xe
 1902 014d 3A       		.uleb128 0x3a
 1903 014e 0B       		.uleb128 0xb
 1904 014f 3B       		.uleb128 0x3b
 1905 0150 05       		.uleb128 0x5
 1906 0151 49       		.uleb128 0x49
 1907 0152 13       		.uleb128 0x13
ARM GAS  C:\Users\UCA-MA~1\AppData\Local\Temp\ccj5oRMv.s 			page 41


 1908 0153 3F       		.uleb128 0x3f
 1909 0154 19       		.uleb128 0x19
 1910 0155 3C       		.uleb128 0x3c
 1911 0156 19       		.uleb128 0x19
 1912 0157 00       		.byte	0
 1913 0158 00       		.byte	0
 1914 0159 15       		.uleb128 0x15
 1915 015a 35       		.uleb128 0x35
 1916 015b 00       		.byte	0
 1917 015c 49       		.uleb128 0x49
 1918 015d 13       		.uleb128 0x13
 1919 015e 00       		.byte	0
 1920 015f 00       		.byte	0
 1921 0160 16       		.uleb128 0x16
 1922 0161 01       		.uleb128 0x1
 1923 0162 01       		.byte	0x1
 1924 0163 49       		.uleb128 0x49
 1925 0164 13       		.uleb128 0x13
 1926 0165 01       		.uleb128 0x1
 1927 0166 13       		.uleb128 0x13
 1928 0167 00       		.byte	0
 1929 0168 00       		.byte	0
 1930 0169 17       		.uleb128 0x17
 1931 016a 21       		.uleb128 0x21
 1932 016b 00       		.byte	0
 1933 016c 49       		.uleb128 0x49
 1934 016d 13       		.uleb128 0x13
 1935 016e 2F       		.uleb128 0x2f
 1936 016f 0B       		.uleb128 0xb
 1937 0170 00       		.byte	0
 1938 0171 00       		.byte	0
 1939 0172 18       		.uleb128 0x18
 1940 0173 34       		.uleb128 0x34
 1941 0174 00       		.byte	0
 1942 0175 03       		.uleb128 0x3
 1943 0176 0E       		.uleb128 0xe
 1944 0177 3A       		.uleb128 0x3a
 1945 0178 0B       		.uleb128 0xb
 1946 0179 3B       		.uleb128 0x3b
 1947 017a 0B       		.uleb128 0xb
 1948 017b 49       		.uleb128 0x49
 1949 017c 13       		.uleb128 0x13
 1950 017d 3F       		.uleb128 0x3f
 1951 017e 19       		.uleb128 0x19
 1952 017f 02       		.uleb128 0x2
 1953 0180 18       		.uleb128 0x18
 1954 0181 00       		.byte	0
 1955 0182 00       		.byte	0
 1956 0183 00       		.byte	0
 1957              		.section	.debug_aranges,"",%progbits
 1958 0000 6C000000 		.4byte	0x6c
 1959 0004 0200     		.2byte	0x2
 1960 0006 00000000 		.4byte	.Ldebug_info0
 1961 000a 04       		.byte	0x4
 1962 000b 00       		.byte	0
 1963 000c 0000     		.2byte	0
 1964 000e 0000     		.2byte	0
ARM GAS  C:\Users\UCA-MA~1\AppData\Local\Temp\ccj5oRMv.s 			page 42


 1965 0010 00000000 		.4byte	.LFB64
 1966 0014 18000000 		.4byte	.LFE64-.LFB64
 1967 0018 00000000 		.4byte	.LFB65
 1968 001c 24000000 		.4byte	.LFE65-.LFB65
 1969 0020 00000000 		.4byte	.LFB66
 1970 0024 60000000 		.4byte	.LFE66-.LFB66
 1971 0028 00000000 		.4byte	.LFB67
 1972 002c 88000000 		.4byte	.LFE67-.LFB67
 1973 0030 00000000 		.4byte	.LFB68
 1974 0034 6A000000 		.4byte	.LFE68-.LFB68
 1975 0038 00000000 		.4byte	.LFB69
 1976 003c 0C000000 		.4byte	.LFE69-.LFB69
 1977 0040 00000000 		.4byte	.LFB70
 1978 0044 70000000 		.4byte	.LFE70-.LFB70
 1979 0048 00000000 		.4byte	.LFB71
 1980 004c 48010000 		.4byte	.LFE71-.LFB71
 1981 0050 00000000 		.4byte	.LFB72
 1982 0054 C0000000 		.4byte	.LFE72-.LFB72
 1983 0058 00000000 		.4byte	.LFB73
 1984 005c C4000000 		.4byte	.LFE73-.LFB73
 1985 0060 00000000 		.4byte	.LFB74
 1986 0064 B8000000 		.4byte	.LFE74-.LFB74
 1987 0068 00000000 		.4byte	0
 1988 006c 00000000 		.4byte	0
 1989              		.section	.debug_ranges,"",%progbits
 1990              	.Ldebug_ranges0:
 1991 0000 2A000000 		.4byte	.LBB2
 1992 0004 4A000000 		.4byte	.LBE2
 1993 0008 4C000000 		.4byte	.LBB3
 1994 000c 5E000000 		.4byte	.LBE3
 1995 0010 00000000 		.4byte	0
 1996 0014 00000000 		.4byte	0
 1997 0018 00000000 		.4byte	.LFB64
 1998 001c 18000000 		.4byte	.LFE64
 1999 0020 00000000 		.4byte	.LFB65
 2000 0024 24000000 		.4byte	.LFE65
 2001 0028 00000000 		.4byte	.LFB66
 2002 002c 60000000 		.4byte	.LFE66
 2003 0030 00000000 		.4byte	.LFB67
 2004 0034 88000000 		.4byte	.LFE67
 2005 0038 00000000 		.4byte	.LFB68
 2006 003c 6A000000 		.4byte	.LFE68
 2007 0040 00000000 		.4byte	.LFB69
 2008 0044 0C000000 		.4byte	.LFE69
 2009 0048 00000000 		.4byte	.LFB70
 2010 004c 70000000 		.4byte	.LFE70
 2011 0050 00000000 		.4byte	.LFB71
 2012 0054 48010000 		.4byte	.LFE71
 2013 0058 00000000 		.4byte	.LFB72
 2014 005c C0000000 		.4byte	.LFE72
 2015 0060 00000000 		.4byte	.LFB73
 2016 0064 C4000000 		.4byte	.LFE73
 2017 0068 00000000 		.4byte	.LFB74
 2018 006c B8000000 		.4byte	.LFE74
 2019 0070 00000000 		.4byte	0
 2020 0074 00000000 		.4byte	0
 2021              		.section	.debug_line,"",%progbits
ARM GAS  C:\Users\UCA-MA~1\AppData\Local\Temp\ccj5oRMv.s 			page 43


 2022              	.Ldebug_line0:
 2023 0000 D4020000 		.section	.debug_str,"MS",%progbits,1
 2023      02004F01 
 2023      00000201 
 2023      FB0E0D00 
 2023      01010101 
 2024              	.LASF43:
 2025 0000 696E7465 		.ascii	"interrup\000"
 2025      72727570 
 2025      00
 2026              	.LASF3:
 2027 0009 5F5F7569 		.ascii	"__uint8_t\000"
 2027      6E74385F 
 2027      7400
 2028              	.LASF47:
 2029 0013 474E5520 		.ascii	"GNU C11 5.4.1 20160609 (release) [ARM/embedded-5-br"
 2029      43313120 
 2029      352E342E 
 2029      31203230 
 2029      31363036 
 2030 0046 616E6368 		.ascii	"anch revision 237715] -mcpu=cortex-m3 -mthumb -g -O"
 2030      20726576 
 2030      6973696F 
 2030      6E203233 
 2030      37373135 
 2031 0079 30202D66 		.ascii	"0 -ffunction-sections -ffat-lto-objects\000"
 2031      66756E63 
 2031      74696F6E 
 2031      2D736563 
 2031      74696F6E 
 2032              	.LASF45:
 2033 00a1 62756666 		.ascii	"bufferESP\000"
 2033      65724553 
 2033      5000
 2034              	.LASF24:
 2035 00ab 6E756576 		.ascii	"nuevoMax\000"
 2035      6F4D6178 
 2035      00
 2036              	.LASF6:
 2037 00b4 5F5F696E 		.ascii	"__int32_t\000"
 2037      7433325F 
 2037      7400
 2038              	.LASF51:
 2039 00be 73656E73 		.ascii	"sensor_PH\000"
 2039      6F725F50 
 2039      4800
 2040              	.LASF42:
 2041 00c8 7278496E 		.ascii	"rxIndex\000"
 2041      64657800 
 2042              	.LASF41:
 2043 00d0 72784275 		.ascii	"rxBuffer\000"
 2043      66666572 
 2043      00
 2044              	.LASF14:
 2045 00d9 696E7433 		.ascii	"int32_t\000"
 2045      325F7400 
 2046              	.LASF15:
ARM GAS  C:\Users\UCA-MA~1\AppData\Local\Temp\ccj5oRMv.s 			page 44


 2047 00e1 666C6F61 		.ascii	"float\000"
 2047      7400
 2048              	.LASF30:
 2049 00e7 6E536572 		.ascii	"nServo\000"
 2049      766F00
 2050              	.LASF1:
 2051 00ee 756E7369 		.ascii	"unsigned char\000"
 2051      676E6564 
 2051      20636861 
 2051      7200
 2052              	.LASF8:
 2053 00fc 6C6F6E67 		.ascii	"long unsigned int\000"
 2053      20756E73 
 2053      69676E65 
 2053      6420696E 
 2053      7400
 2054              	.LASF5:
 2055 010e 73686F72 		.ascii	"short unsigned int\000"
 2055      7420756E 
 2055      7369676E 
 2055      65642069 
 2055      6E7400
 2056              	.LASF37:
 2057 0121 656E7669 		.ascii	"enviar_Respuesta\000"
 2057      61725F52 
 2057      65737075 
 2057      65737461 
 2057      00
 2058              	.LASF23:
 2059 0132 6E756576 		.ascii	"nuevoMin\000"
 2059      6F4D696E 
 2059      00
 2060              	.LASF44:
 2061 013b 634D6169 		.ascii	"cMain\000"
 2061      6E00
 2062              	.LASF4:
 2063 0141 5F5F7569 		.ascii	"__uint16_t\000"
 2063      6E743136 
 2063      5F7400
 2064              	.LASF16:
 2065 014c 646F7562 		.ascii	"double\000"
 2065      6C6500
 2066              	.LASF26:
 2067 0153 636F6E76 		.ascii	"conv_pH\000"
 2067      5F704800 
 2068              	.LASF52:
 2069 015b 6D61696E 		.ascii	"main\000"
 2069      00
 2070              	.LASF36:
 2071 0160 76616C6F 		.ascii	"valor_PH\000"
 2071      725F5048 
 2071      00
 2072              	.LASF40:
 2073 0169 49544D5F 		.ascii	"ITM_RxBuffer\000"
 2073      52784275 
 2073      66666572 
 2073      00
ARM GAS  C:\Users\UCA-MA~1\AppData\Local\Temp\ccj5oRMv.s 			page 45


 2074              	.LASF11:
 2075 0176 756E7369 		.ascii	"unsigned int\000"
 2075      676E6564 
 2075      20696E74 
 2075      00
 2076              	.LASF10:
 2077 0183 6C6F6E67 		.ascii	"long long unsigned int\000"
 2077      206C6F6E 
 2077      6720756E 
 2077      7369676E 
 2077      65642069 
 2078              	.LASF12:
 2079 019a 75696E74 		.ascii	"uint8_t\000"
 2079      385F7400 
 2080              	.LASF34:
 2081 01a2 72657375 		.ascii	"result\000"
 2081      6C7400
 2082              	.LASF21:
 2083 01a9 6D617850 		.ascii	"maxPH\000"
 2083      4800
 2084              	.LASF20:
 2085 01af 6D696E50 		.ascii	"minPH\000"
 2085      4800
 2086              	.LASF18:
 2087 01b5 6C6F6E67 		.ascii	"long double\000"
 2087      20646F75 
 2087      626C6500 
 2088              	.LASF19:
 2089 01c1 73697A65 		.ascii	"sizetype\000"
 2089      74797065 
 2089      00
 2090              	.LASF22:
 2091 01ca 436F6E66 		.ascii	"ConfigPH\000"
 2091      69675048 
 2091      00
 2092              	.LASF9:
 2093 01d3 6C6F6E67 		.ascii	"long long int\000"
 2093      206C6F6E 
 2093      6720696E 
 2093      7400
 2094              	.LASF48:
 2095 01e1 6D61696E 		.ascii	"main.c\000"
 2095      2E6300
 2096              	.LASF17:
 2097 01e8 63686172 		.ascii	"char\000"
 2097      00
 2098              	.LASF49:
 2099 01ed 433A5C55 		.ascii	"C:\\Users\\UCA-Master\\Documents\\PSoC Creator\\ADC"
 2099      73657273 
 2099      5C554341 
 2099      2D4D6173 
 2099      7465725C 
 2100 021b 5F53656E 		.ascii	"_SensordeAgua\\Agua.cydsn\000"
 2100      736F7264 
 2100      65416775 
 2100      615C4167 
 2100      75612E63 
ARM GAS  C:\Users\UCA-MA~1\AppData\Local\Temp\ccj5oRMv.s 			page 46


 2101              	.LASF13:
 2102 0234 75696E74 		.ascii	"uint16_t\000"
 2102      31365F74 
 2102      00
 2103              	.LASF2:
 2104 023d 73686F72 		.ascii	"short int\000"
 2104      7420696E 
 2104      7400
 2105              	.LASF27:
 2106 0247 62756666 		.ascii	"buffer\000"
 2106      657200
 2107              	.LASF50:
 2108 024e 7665725F 		.ascii	"ver_pH\000"
 2108      704800
 2109              	.LASF29:
 2110 0255 73657276 		.ascii	"servoPosition\000"
 2110      6F506F73 
 2110      6974696F 
 2110      6E00
 2111              	.LASF38:
 2112 0263 6C656572 		.ascii	"leerESP\000"
 2112      45535000 
 2113              	.LASF25:
 2114 026b 61637475 		.ascii	"actualizarConfigPH\000"
 2114      616C697A 
 2114      6172436F 
 2114      6E666967 
 2114      504800
 2115              	.LASF7:
 2116 027e 6C6F6E67 		.ascii	"long int\000"
 2116      20696E74 
 2116      00
 2117              	.LASF33:
 2118 0287 73656E73 		.ascii	"sensor_de_agua\000"
 2118      6F725F64 
 2118      655F6167 
 2118      756100
 2119              	.LASF31:
 2120 0296 696E6963 		.ascii	"inicializarConfigPH\000"
 2120      69616C69 
 2120      7A617243 
 2120      6F6E6669 
 2120      67504800 
 2121              	.LASF0:
 2122 02aa 7369676E 		.ascii	"signed char\000"
 2122      65642063 
 2122      68617200 
 2123              	.LASF32:
 2124 02b6 696E6974 		.ascii	"init_ADC\000"
 2124      5F414443 
 2124      00
 2125              	.LASF46:
 2126 02bf 636F6E66 		.ascii	"configPH\000"
 2126      69675048 
 2126      00
 2127              	.LASF35:
 2128 02c8 766F6C74 		.ascii	"voltaje\000"
ARM GAS  C:\Users\UCA-MA~1\AppData\Local\Temp\ccj5oRMv.s 			page 47


 2128      616A6500 
 2129              	.LASF28:
 2130 02d0 70456E64 		.ascii	"pEnd\000"
 2130      00
 2131              	.LASF39:
 2132 02d5 65526563 		.ascii	"eRecibido\000"
 2132      69626964 
 2132      6F00
 2133              		.ident	"GCC: (GNU Tools for ARM Embedded Processors) 5.4.1 20160609 (release) [ARM/embedded-5-bran
